census_tract,council_district,kennel_status,month,animal_type,animal_breed,intake_subtype,intake_condition,outcome_type,impound_number,intake_total,kennel_number,animal_origin,source_id,chip_status,activity_sequence,due_out,year,reason,animal_id,intake_type,staff_id,intake_time,outcome_subtype,outcome_time,outcome_date,outcome_condition,receipt_number,hold_request,service_request_number,intake_date,additional_information,activity_number
005200,1,IMPOUNDED,JAN.2020,CAT,DOMESTIC SH,AT LARGE,APP SICK,FOSTER,K20-494003,1,K01,OVER THE COUNTER,P0915082,SCAN NO CHIP,1,2020-01-12T00:00:00.000,FY2020,OTHRINTAKS,A1093136,STRAY,CBU,11:37:00,TREATMENT,14:46:00,2020-01-12T00:00:00.000,APP SICK,,MEDICAL,,2020-01-12T00:00:00.000,,
012900,9,UNAVAILABLE,NOV.2019,DOG,PIT BULL,CONFINED,APP WNL,ADOPTION,K19-489088,1,AD 085,FIELD,P0740141,SCAN CHIP,1,2019-12-05T00:00:00.000,FY2020,OTHRINTAKS,A1046046,STRAY,AR1758,12:52:00,WALK IN,14:56:00,2019-12-19T00:00:00.000,APP WNL,R19-561166,ADOP RESCU,,2019-11-28T00:00:00.000,ADOPTION,A19-203263
000100,9,UNAVAILABLE,MAR.2020,BIRD,HAWK,NON-RABIES,APP INJ,WILDLIFE,K20-501362,1,RECEIVING,FIELD,P0922414,WILDLIFE - UNABLE TO SCAN,1,2020-03-17T00:00:00.000,FY2020,OTHRINTAKS,A1098758,WILDLIFE,AJR1758,13:13:00,TRANSFER,15:18:00,2020-03-17T00:00:00.000,APP INJ,,,,2020-03-17T00:00:00.000,,A20-217177
004800,1,UNAVAILABLE,DEC.2019,DOG,LABRADOR RETR,AT LARGE,APP WNL,RETURNED TO OWNER,K19-491175,1,LFD 163,FIELD,P9991730,SCAN CHIP,1,2019-12-23T00:00:00.000,FY2020,OTHRINTAKS,A1061310,STRAY,EPOOLE,05:11:00,WALK IN,13:33:00,2019-12-18T00:00:00.000,APP WNL,R19-561090,,,2019-12-18T00:00:00.000,,A19-206245
016701,8,UNAVAILABLE,DEC.2019,CAT,DOMESTIC SH,GENERAL,APP WNL,ADOPTION,K19-492312,1,CC 25,OVER THE COUNTER,P0913319,SCAN NO CHIP,1,2019-12-28T00:00:00.000,FY2020,PERSNLISSU,A1091970,OWNER SURRENDER,JZ,14:36:00,WALK IN,15:47:00,2019-12-30T00:00:00.000,APP WNL,R19-561806,ADOP RESCU,,2019-12-28T00:00:00.000,ADOPTED,
007913,14,UNAVAILABLE,DEC.2019,DOG,CHIHUAHUA SH,AT LARGE,APP SICK,RETURNED TO OWNER,K19-490961,1,INJD 015,OVER THE COUNTER,P0911723,SCAN CHIP,1,2019-12-21T00:00:00.000,FY2020,OTHRINTAKS,A1091007,STRAY,CBU,15:51:00,WALK IN,13:59:00,2019-12-19T00:00:00.000,APP WNL,R19-561158,RESCU ONLY,,2019-12-15T00:00:00.000,RETURNED TO OWNER,
008400,7,UNAVAILABLE,JAN.2020,DOG,GERM SHEPHERD,RETURN,APP WNL,TRANSFER,K20-494024,1,DC 14,OVER THE COUNTER,P0892358,SCAN CHIP,1,2020-01-12T00:00:00.000,FY2020,PERSNLISSU,A1092433,FOSTER,JR,13:40:00,TRANSPORT,13:40:00,2020-01-12T00:00:00.000,APP WNL,,ADOP RESCU,,2020-01-12T00:00:00.000,FOSTER TO TRANSPORT,
019035,10,UNAVAILABLE,FEB.2020,DOG,PARSON RUSS TER,GENERAL,APP WNL,TRANSFER,K20-496997,1,PUPS 2,FIELD,P0917913,SCAN NO CHIP,1,2020-02-06T00:00:00.000,FY2020,OTHER,A1095357,OWNER SURRENDER,AJR1758,12:12:00,UNDERAGE,11:20:00,2020-02-07T00:00:00.000,UNDERAGE,,RESC FOSTR,,2020-02-06T00:00:00.000,,A20-212337
009611,13,UNAVAILABLE,NOV.2019,DOG,PIT BULL,GENERAL,APP WNL,ADOPTION,K19-487698,1,VIP10,OVER THE COUNTER,P0908086,SCAN CHIP,1,2019-12-22T00:00:00.000,FY2020,PERSNLISSU,A1086114,OWNER SURRENDER,DL,13:29:00,WALK IN,18:46:00,2019-12-18T00:00:00.000,APP WNL,R19-561125,ADOP RESCU,,2019-11-16T00:00:00.000,ADOPTED,
005901,4,UNAVAILABLE,DEC.2019,DOG,CHIHUAHUA SH,AT LARGE,APP WNL,ADOPTION,K19-491712,1,CC 13,OVER THE COUNTER,P0912546,SCAN NO CHIP,1,2019-12-29T00:00:00.000,FY2020,OTHRINTAKS,A1091505,STRAY,BW,12:38:00,WALK IN,15:47:00,2019-12-30T00:00:00.000,APP WNL,R19-561350,ADOP RESCU,,2019-12-22T00:00:00.000,PRE-ADOPTED,
003902,7,UNAVAILABLE,DEC.2019,DOG,GERM SHEPHERD,AT LARGE,APP WNL,ADOPTION,K19-491467,1,DC 02,SWEEP,P9991772,SCAN NO CHIP,1,2019-12-24T00:00:00.000,FY2020,OTHER,A1091328,STRAY,RO1772,11:23:00,WALK IN,17:31:00,2019-12-30T00:00:00.000,APP WNL,R19-561744,ADOP RESCU,,2019-12-20T00:00:00.000,ADOPTED,A19-206555
005600,4,UNAVAILABLE,DEC.2019,DOG,ALASKAN HUSKY,AT LARGE,APP WNL,RETURNED TO OWNER,K19-491155,1,LFD 158,FIELD,P9991758,SCAN NO CHIP,1,2019-12-21T00:00:00.000,FY2020,OTHRINTAKS,A1091134,STRAY,AR1758,16:26:00,WALK IN,09:04:00,2019-12-19T00:00:00.000,APP WNL,R19-561115,ADOP RESCU,,2019-12-17T00:00:00.000,SNNRETURNED TO OWNER 12/19/19,A19-206211
,,LAB,SEP.2020,DOG,PIT BULL,APPOINT,APP WNL,EUTHANIZED,K20-513557,1,LAB 03,OVER THE COUNTER,P0898127,SCAN CHIP,1,2020-09-25T00:00:00.000,FY2020,BEHAVIOR,A1079979,OWNER SURRENDER,IFM,11:52:00,BEHAVIOR,14:28:00,2020-09-29T00:00:00.000,APP WNL,,EUTH,,2020-09-25T00:00:00.000,,
003902,7,IMPOUNDED,DEC.2019,DOG,GERM SHEPHERD,AT LARGE,APP WNL,RETURNED TO OWNER,K19-491458,1,RECEIVING,SWEEP,P9991772,SCAN CHIP,1,2019-12-20T00:00:00.000,FY2020,OTHER,A1073188,STRAY,RO1772,10:10:00,FIELD,00:00:00,2019-12-20T00:00:00.000,APP WNL,,,,2019-12-20T00:00:00.000,,A19-206533
005600,4,IMPOUNDED,FEB.2020,DOG,PIT BULL,AT LARGE,APP WNL,RETURNED TO OWNER,K20-496858,1,LFD 044,SWEEP,P9991772,SCAN NO CHIP,1,2020-02-09T00:00:00.000,FY2020,OTHER,A1095260,STRAY,ROB1772,09:18:00,WALK IN,10:02:00,2020-02-07T00:00:00.000,APP WNL,R20-564068,ADOP RESCU,,2020-02-05T00:00:00.000,,A20-212188
020500,6,AVAILABLE,DEC.2019,CAT,DOMESTIC SH,RETURN,UNDERAGE,FOSTER,K19-491194,1,K03,OVER THE COUNTER,P0871433,SCAN CHIP,1,2019-12-18T00:00:00.000,FY2020,OTHRINTAKS,A1090539,FOSTER,DL,09:54:00,UNDERAGE,11:29:00,2019-12-18T00:00:00.000,UNKNOWN,,RESC FOSTR,,2019-12-18T00:00:00.000,FOSTER,
005400,4,UNAVAILABLE,DEC.2019,CAT,DOMESTIC SH,GENERAL,APP WNL,ADOPTION,K19-490949,1,CC 23,OVER THE COUNTER,P0743076,SCAN NO CHIP,1,2019-12-15T00:00:00.000,FY2020,NOTRIGHTFT,A1090998,OWNER SURRENDER,BW,14:14:00,WALK IN,16:48:00,2019-12-17T00:00:00.000,APP WNL,R19-561031,ADOP RESCU,,2019-12-15T00:00:00.000,,
,,IMPOUNDED,NOV.2019,DOG,GERM SHEPHERD,WEB,NORMAL,FOUND EXP,K19-487952,1,FOUND,,P0908401,,0,2019-11-18T00:00:00.000,FY2020,,A1088787,STRAY,WEB,20:25:00,OTHER,00:00:00,2019-12-19T00:00:00.000,,,,,2019-11-18T00:00:00.000,,
010704,3,UNAVAILABLE,DEC.2019,DOG,PIT BULL,GENERAL,APP WNL,ADOPTION,K19-492381,1,DC 21,OVER THE COUNTER,P0913409,SCAN NO CHIP,1,2019-12-29T00:00:00.000,FY2020,PERSNLISSU,A1092019,OWNER SURRENDER,CDM,12:14:00,WALK IN,18:12:00,2019-12-30T00:00:00.000,APP WNL,R19-561819,ADOP RESCU,,2019-12-29T00:00:00.000,ADOPTED,
006502,1,IMPOUNDED,DEC.2019,DOG,CHIHUAHUA SH,AT LARGE,UNKNOWN,RETURNED TO OWNER,K19-491126,1,LFD 167,SWEEP,P9991579,SCAN CHIP,1,2019-12-23T00:00:00.000,FY2020,OTHER,A1091109,STRAY,AS1579,13:13:00,WALK IN,18:24:00,2019-12-19T00:00:00.000,APP WNL,R19-561164,,,2019-12-17T00:00:00.000,RETURNED TO OWNER,A19-206176
,,IMPOUNDED,AUG.2020,DOG,GERM SHEPHERD,WEB,NORMAL,LOST EXP,K20-511856,1,LOST,,P0936063,,0,2020-08-29T00:00:00.000,FY2020,,A1106548,STRAY,WEB,13:25:00,OTHER,00:00:00,2020-09-29T00:00:00.000,,,,,2020-08-26T00:00:00.000,,
013610,11,WILDLIFE,DEC.2019,WILDLIFE,RACCOON,INJURED,APP SICK,EUTHANIZED,K19-491274,1,LAB 12,FIELD,P9991736,SCAN NO CHIP,1,2019-12-18T00:00:00.000,FY2020,OTHRINTAKS,A1091201,WILDLIFE,TM1736,13:35:00,MEDICAL-CONTAGIOUS,16:29:00,2019-12-18T00:00:00.000,APP SICK,,,,2019-12-18T00:00:00.000,,A19-206294
020400,2,UNAVAILABLE,DEC.2019,DOG,SHIH TZU,AT LARGE,APP WNL,TRANSFER,K19-490847,1,LFSD 10,OVER THE COUNTER,P0911549,SCAN NO CHIP,1,2019-12-18T00:00:00.000,FY2020,OTHRINTAKS,A1090927,STRAY,DL,12:14:00,MEDICAL-CONTAGIOUS,16:09:00,2019-12-18T00:00:00.000,APP SICK,,RESCU ONLY,,2019-12-14T00:00:00.000,TAGGED,
007810,10,AVAILABLE,DEC.2019,DOG,TOY FOX TERRIER,CONFINED,APP INJ,EUTHANIZED,K19-491162,1,VT 07,FIELD,P9991779,SCAN NO CHIP,1,2019-12-17T00:00:00.000,FY2020,OTHER,A1091139,STRAY,BC1779,17:12:00,MEDICAL-NONCONTAGIOUS,14:44:00,2019-12-18T00:00:00.000,CRITICAL,,,,2019-12-17T00:00:00.000,,A19-206217
000202,14,UNAVAILABLE,NOV.2019,DOG,AUST CATTLE DOG,QUARANTINE,APP WNL,RETURNED TO OWNER,K19-489254,1,QD 29,FIELD,P0631890,SCAN CHIP,3,2019-12-09T00:00:00.000,FY2020,OTHRINTAKS,A1089668,CONFISCATED,DA1761,13:47:00,FIELD,15:04:00,2019-12-03T00:00:00.000,APP WNL,R19-560223,QUARANTINE,,2019-11-30T00:00:00.000,,A19-203342
008400,7,UNAVAILABLE,OCT.2019,CAT,DOMESTIC MH,AT LARGE,APP SICK,ADOPTION,K19-483737,1,PSCAT 17,OVER THE COUNTER,P0651901,SCAN NO CHIP,1,2019-10-16T00:00:00.000,FY2020,OTHRINTAKS,A1085636,STRAY,CBU,11:28:00,EAC,15:02:00,2019-12-30T00:00:00.000,APP WNL,R19-561905,ADOP RESCU,,2019-10-16T00:00:00.000,,
020500,6,UNAVAILABLE,DEC.2019,DOG,AUST SHEPHERD,SURGERY,APP WNL,FOSTER,K19-491354,1,DC 21,OVER THE COUNTER,P0909854,SCAN NO CHIP,1,2019-12-19T00:00:00.000,FY2020,OTHER,A1089709,FOSTER,AC,10:09:00,SURGERY,17:36:00,2019-12-19T00:00:00.000,APP WNL,,RESC FOSTR,,2019-12-19T00:00:00.000,FOSTER,
011800,5,UNAVAILABLE,NOV.2019,DOG,LABRADOR RETR,AT LARGE,APP WNL,DIED,K19-488989,1,LFD 005,SWEEP,P9991709,SCAN CHIP,1,2019-12-04T00:00:00.000,FY2020,OTHER,A1089527,STRAY,MH1709,10:05:00,IN KENNEL,08:54:00,2019-12-17T00:00:00.000,APP SICK,,MEDICAL,,2019-11-27T00:00:00.000,,A19-203143
008802,4,UNAVAILABLE,DEC.2019,DOG,POODLE MIN,AT LARGE,APP WNL,RETURNED TO OWNER,K19-491401,1,RECEIVING,SWEEP,P9991549,UNABLE TO SCAN,1,2019-12-19T00:00:00.000,FY2020,OTHER,A1091287,STRAY,MG1718,15:19:00,FIELD,15:20:00,2019-12-19T00:00:00.000,APP WNL,,,,2019-12-19T00:00:00.000,,A19-206439
007201,6,UNAVAILABLE,FEB.2020,DOG,PIT BULL,AT LARGE,APP INJ,ADOPTION,K20-496409,1,AD 034,FIELD,P9998445,SCAN NO CHIP,1,2020-02-04T00:00:00.000,FY2020,OTHRINTAKS,A1094917,STRAY,KCB8445,10:50:00,WALK IN,18:59:00,2020-02-07T00:00:00.000,APP WNL,R20-564147,ADOP RESCU,,2020-02-01T00:00:00.000,,A20-211743
020500,6,UNAVAILABLE,DEC.2019,DOG,PIT BULL,HEART WORM,APP WNL,TREATMENT,K19-491084,1,INJD 006,OVER THE COUNTER,P0063552,SCAN CHIP,1,2019-12-17T00:00:00.000,FY2020,OTHRINTAKS,A1070190,TREATMENT,CBM,09:05:00,COMPLETED,17:28:00,2019-12-18T00:00:00.000,APP SICK,,MEDICAL,,2019-12-17T00:00:00.000,HWT 2&3/INJ 6,
012800,9,IMPOUNDED,DEC.2019,WILDLIFE,RACCOON,UNINJURED,APP SICK,EUTHANIZED,K19-491390,1,RECEIVING,FIELD,P0912171,WILDLIFE - UNABEL TO SCAN,1,2019-12-19T00:00:00.000,FY2020,OTHRINTAKS,A1091280,WILDLIFE,MO1764,13:57:00,HUMANE,15:00:00,2019-12-19T00:00:00.000,APP SICK,,,,2019-12-19T00:00:00.000,,A19-206431
011103,3,IMPOUNDED,FEB.2020,CAT,SIAMESE,AT LARGE,APP WNL,FOSTER,K20-497037,1,LFC 005,OVER THE COUNTER,P0917953,SCAN NO CHIP,1,2020-02-06T00:00:00.000,FY2020,OTHRINTAKS,A1095383,STRAY,EMV,15:14:00,TREATMENT,10:03:00,2020-02-07T00:00:00.000,APP SICK,,,,2020-02-06T00:00:00.000,,
016520,3,LAB,JAN.2020,DOG,CAIRN TERRIER,QUARANTINE,APP WNL,EUTHANIZED,K20-496043,1,LAB 01,FIELD,P0750425,SCAN NO CHIP,4,2020-02-02T00:00:00.000,FY2020,OTHER,A1094189,CONFISCATED,YLB1695,13:41:00,BITE,15:51:00,2020-02-07T00:00:00.000,APP WNL,,QUARANTINE,,2020-01-29T00:00:00.000,,A20-210726
013010,10,UNAVAILABLE,JUN.2020,DOG,ROTTWEILER,CONFINED,APP WNL,RETURNED TO OWNER,K20-507289,1,DC 05,FIELD,P0930140,SCAN NO CHIP,1,2020-06-21T00:00:00.000,FY2020,OTHRINTAKS,A1103090,STRAY,CBU8453,18:31:00,WESTMORELD,16:56:00,2020-06-20T00:00:00.000,APP WNL,,ADOP RESCU,,2020-06-17T00:00:00.000,,A20-227318
016701,8,LAB,DEC.2019,DOG,GERM SHEPHERD,EUTHANASIA REQUESTED,UNKNOWN,EUTHANIZED,K19-490745,1,NMOMS 1,FIELD,P0723385,SCAN NO CHIP,1,2019-12-14T00:00:00.000,FY2020,OTHRINTAKS,A1090837,OWNER SURRENDER,AR1758,12:47:00,MEDICAL-NONCONTAGIOUS,15:12:00,2019-12-17T00:00:00.000,APP INJ,,EMERGENCY RESCUE,,2019-12-13T00:00:00.000,,A19-205528
003902,7,UNAVAILABLE,JAN.2020,DOG,CHIHUAHUA LH,AT LARGE,APP WNL,RETURNED TO OWNER,K20-495377,1,RECEIVING,SWEEP,P9991718,UNABLE TO SCAN,1,2020-01-24T00:00:00.000,FY2020,OTHER,A1094146,STRAY,MG1718,11:29:00,FIELD,11:30:00,2020-01-24T00:00:00.000,APP WNL,,,,2020-01-24T00:00:00.000,,A20-210707
008802,4,UNAVAILABLE,DEC.2019,DOG,PIT BULL,AT LARGE,APP WNL,RETURNED TO OWNER,K19-491385,1,RECEIVING,SWEEP,P9991721,UNABLE TO SCAN,1,2019-12-19T00:00:00.000,FY2020,OTHER,A1091274,STRAY,MG 1718,13:08:00,FIELD,13:09:00,2019-12-19T00:00:00.000,APP WNL,,,,2019-12-19T00:00:00.000,,A19-206429
020500,6,IMPOUNDED,NOV.2019,CAT,DOMESTIC SH,SURGERY,APP WNL,FOSTER,K19-487530,1,FOSTER,OVER THE COUNTER,P0884389,SCAN NO CHIP,1,2019-11-15T00:00:00.000,FY2020,OTHER,A1078546,FOSTER,SDW,08:51:00,SURGERY,18:34:00,2019-11-15T00:00:00.000,APP WNL,,RESC FOSTR,,2019-11-15T00:00:00.000,FOSTER,
009101,5,IMPOUNDED,DEC.2019,DOG,POODLE MIN,AT LARGE,UNKNOWN,RETURNED TO OWNER,K19-491125,1,RECEIVING,FIELD,P9991195,SCAN CHIP,1,2019-12-23T00:00:00.000,FY2020,OTHRINTAKS,A1089589,STRAY,JO1195,13:04:00,WALK IN,17:27:00,2019-12-17T00:00:00.000,APP WNL,R19-561063,POSSIBLY OWNED,,2019-12-17T00:00:00.000,RETURNED TO OWNER,A19-206181
,,IMPOUNDED,APR.2020,DOG,SIBERIAN HUSKY,WEB,NORMAL,LOST EXP,K20-502737,1,LOST,,P0924514,,0,2020-04-08T00:00:00.000,FY2020,,A1099664,STRAY,WEB,17:25:00,OTHER,00:00:00,2020-05-09T00:00:00.000,,,,,2020-04-08T00:00:00.000,,
020500,6,UNAVAILABLE,NOV.2019,CAT,DOMESTIC SH,TREATMENT,APP SICK,FOSTER,K19-488870,1,F4,OVER THE COUNTER,P0898689,SCAN NO CHIP,1,2019-11-26T00:00:00.000,FY2020,OTHER,A1081609,FOSTER,AC,10:32:00,TREATMENT,17:05:00,2019-11-26T00:00:00.000,APP SICK,,ADOP RESCU,,2019-11-26T00:00:00.000,FOSTER,
011105,8,UNAVAILABLE,JAN.2020,CAT,DOMESTIC SH,GENERAL,APP WNL,FOSTER,K20-494632,1,K02,OVER THE COUNTER,P0915099,SCAN NO CHIP,1,2020-01-17T00:00:00.000,FY2020,PERSNLISSU,A1093584,OWNER SURRENDER,CDM,14:07:00,UNDERAGE,12:19:00,2020-01-18T00:00:00.000,APP WNL,,RESC FOSTR,,2020-01-17T00:00:00.000,,
020500,6,UNAVAILABLE,DEC.2019,DOG,FINNISH SPITZ,APPOINT,APP WNL,ADOPTION,K19-491248,1,PSDOG 02,OVER THE COUNTER,P0630264,SCAN CHIP,1,2019-12-18T00:00:00.000,FY2020,PERSNLISSU,A0765974,OWNER SURRENDER,CBU,12:16:00,EAC,17:46:00,2019-12-19T00:00:00.000,APP WNL,R19-561180,ADOP RESCU,,2019-12-18T00:00:00.000,ADOPT,
,,UNAVAILABLE,FEB.2020,CAT,DOMESTIC SH,GENERAL,APP WNL,ADOPTION,K20-497054,1,AC 031,OVER THE COUNTER,P0813906,SCAN NO CHIP,1,2020-02-06T00:00:00.000,FY2020,OTHRINTAKS,A1095392,OWNER SURRENDER,BBW,16:42:00,WALK IN,18:51:00,2020-02-07T00:00:00.000,APP WNL,R20-564146,ADOP RESCU,,2020-02-06T00:00:00.000,SMK,
009401,2,UNAVAILABLE,DEC.2019,DOG,CHIHUAHUA SH,AT LARGE,APP WNL,RETURNED TO OWNER,K19-491221,1,RECEIVING,SWEEP,P9991718,UNABLE TO SCAN,1,2019-12-18T00:00:00.000,FY2020,OTHER,A1082245,STRAY,MG1718,11:00:00,FIELD,11:01:00,2019-12-18T00:00:00.000,APP WNL,,,,2019-12-18T00:00:00.000,,A19-206284
005700,4,UNAVAILABLE,DEC.2019,DOG,GERM SHEPHERD,AT LARGE,APP WNL,ADOPTION,K19-490983,1,LFD 065,SWEEP,P9991704,SCAN NO CHIP,1,2019-12-18T00:00:00.000,FY2020,OTHER,A1091024,STRAY,SC1704,08:28:00,WALK IN,09:03:00,2019-12-19T00:00:00.000,APP WNL,R19-561101,ADOP RESCU,,2019-12-16T00:00:00.000,ADOPT// SX SNN 12-19-19,A19-205941
004300,6,UNAVAILABLE,DEC.2019,DOG,AUST SHEPHERD,AT LARGE,APP WNL,RETURNED TO OWNER,K19-491037,1,LFD 153,FIELD,P9991758,SCAN CHIP,1,2019-12-22T00:00:00.000,FY2020,OTHRINTAKS,A1052232,STRAY,AR1758,15:47:00,WALK IN,14:22:00,2019-12-17T00:00:00.000,APP WNL,R19-561054,,,2019-12-16T00:00:00.000,,A19-206028
018505,10,IMPOUNDED,DEC.2019,DOG,SIBERIAN HUSKY,RETURN30,APP WNL,ADOPTION,K19-491156,1,LFD 158,OVER THE COUNTER,P0911858,SCAN CHIP,1,2019-12-17T00:00:00.000,FY2020,NOTRIGHTFT,A1090509,OWNER SURRENDER,DL,16:38:00,PROMOTION,17:49:00,2019-12-17T00:00:00.000,APP WNL,R19-561067,ADOPTION,,2019-12-17T00:00:00.000,ADOPTED,
006800,1,UNAVAILABLE,DEC.2019,DOG,GERM SHEPHERD,AT LARGE,APP WNL,ADOPTION,K19-491837,1,AD 017,OVER THE COUNTER,P0813506,SCAN NO CHIP,1,2019-12-28T00:00:00.000,FY2020,OTHRINTAKS,A1091615,STRAY,CDM,14:36:00,WALK IN,10:04:00,2019-12-30T00:00:00.000,APP WNL,R19-561811,ADOP RESCU,,2019-12-23T00:00:00.000,PREADOPTED,
,,IMPOUNDED,FEB.2020,DOG,CHIHUAHUA LH,HEART WORM,APP WNL,TREATMENT,K20-499088,1,INJD 016,OVER THE COUNTER,P0903362,SCAN CHIP,1,2020-02-26T00:00:00.000,FY2020,OTHER,A1084170,TREATMENT,NGD,09:47:00,COMPLETED,17:02:00,2020-02-26T00:00:00.000,APP SICK,,MEDICAL,,2020-02-26T00:00:00.000,,
020500,6,UNAVAILABLE,DEC.2019,DOG,PIT BULL,HEART WORM,APP WNL,TREATMENT,K19-491204,1,INJD 007,OVER THE COUNTER,P0501439,SCAN CHIP,1,2019-12-19T00:00:00.000,FY2020,OTHER,A1073732,TREATMENT,AH,10:45:00,COMPLETED,18:00:00,2019-12-19T00:00:00.000,APP SICK,,MEDICAL,,2019-12-18T00:00:00.000,HWT 2&3/INJ 7A,
011103,3,UNAVAILABLE,DEC.2019,DOG,PIT BULL,CONFINED,APP WNL,ADOPTION,K19-490628,1,AD 040,FIELD,P0911237,SCAN NO CHIP,2,2019-12-16T00:00:00.000,FY2020,OTHRINTAKS,A1090738,STRAY,AR1758,11:47:00,WALK IN,12:44:00,2019-12-19T00:00:00.000,APP WNL,R19-561146,ADOP RESCU,,2019-12-12T00:00:00.000,ADOPTED,A19-205319
020500,6,UNAVAILABLE,DEC.2019,CAT,DOMESTIC SH,GENERAL,APP WNL,ADOPTION,K19-490934,1,AC 053,OVER THE COUNTER,P0911685,SCAN NO CHIP,1,2019-12-15T00:00:00.000,FY2020,PERSNLISSU,A1090986,OWNER SURRENDER,CBU,13:01:00,WALK IN,18:12:00,2019-12-17T00:00:00.000,APP WNL,R19-561072,ADOP RESCU,,2019-12-15T00:00:00.000,ADOPT,
005600,4,IMPOUNDED,DEC.2019,DOG,CHIHUAHUA SH,AT LARGE,APP WNL,RETURNED TO OWNER,K19-491214,1,RECEIVING,SWEEP,P9991772,UNABLE TO SCAN,1,2019-12-18T00:00:00.000,FY2020,OTHER,A1091167,STRAY,RO1772,11:02:00,FIELD,11:03:00,2019-12-18T00:00:00.000,APP WNL,,,,2019-12-18T00:00:00.000,,A19-206287
019034,10,UNAVAILABLE,DEC.2019,DOG,DACHSHUND,GENERAL,APP WNL,TRANSFER,K19-490679,1,SMD09,FIELD,P0911170,SCAN NO CHIP,1,2019-12-17T00:00:00.000,FY2020,MEDICAL,A1090781,OWNER SURRENDER,ER1768,16:27:00,TRANSPORT,17:40:00,2019-12-17T00:00:00.000,APP WNL,,ADOP RESCU,,2019-12-12T00:00:00.000,ADOPTION PENDING,A19-205267
,,IMPOUNDED,OCT.2019,CAT,DOMESTIC MH,WEB,NORMAL,FOUND EXP,K19-487848,1,FOUND,,P0908280,,0,2019-11-17T00:00:00.000,FY2020,,A1088704,STRAY,WEB,22:25:00,OTHER,00:00:00,2019-12-18T00:00:00.000,,,,,2019-10-26T00:00:00.000,,
009105,5,IMPOUNDED,JAN.2020,DOG,LABRADOR RETR,AT LARGE,UNKNOWN,RETURNED TO OWNER,K20-496194,1,PCD 12,FIELD,P9991778,SCAN CHIP,1,2020-02-09T00:00:00.000,FY2020,OTHRINTAKS,A1094750,STRAY,LUB1778,12:04:00,WALK IN,13:51:00,2020-02-07T00:00:00.000,UNKNOWN,R20-564111,RESCU ONLY,,2020-01-30T00:00:00.000,,A20-211523
020500,6,UNAVAILABLE,MAR.2020,DOG,STAFFORDSHIRE,AT LARGE,APP WNL,ADOPTION,K20-500964,1,DC 22,OVER THE COUNTER,P0000000,SCAN NO CHIP,1,2020-03-17T00:00:00.000,FY2020,OTHRINTAKS,A1098431,STRAY,DAL,13:19:00,WESTMORELD,16:41:00,2020-03-17T00:00:00.000,APP WNL,R20-566065,ADOP RESCU,,2020-03-13T00:00:00.000,,
010601,6,IMPOUNDED,JAN.2020,DOG,BOSTON TERRIER,AT LARGE,APP WNL,RETURNED TO OWNER,K20-495427,1,RECEIVING,FIELD,P9991749,SCAN CHIP,1,2020-01-28T00:00:00.000,FY2020,OTHER,A1030475,STRAY,MC1749,16:05:00,FIELD,16:08:00,2020-01-24T00:00:00.000,APP WNL,,,,2020-01-24T00:00:00.000,,A20-210755
004500,1,UNAVAILABLE,DEC.2019,DOG,GERM SHEPHERD,GENERAL,APP WNL,ADOPTION,K19-490094,1,AD 021,OVER THE COUNTER,P0910680,SCAN NO CHIP,1,2019-12-07T00:00:00.000,FY2020,HOUSING,A1090345,OWNER SURRENDER,CBU,17:45:00,WALK IN,16:52:00,2019-12-18T00:00:00.000,APP WNL,R19-561105,ADOP RESCU,,2019-12-07T00:00:00.000,ADOPTED,
008802,4,UNAVAILABLE,DEC.2019,DOG,GREYHOUND,AT LARGE,APP WNL,RETURNED TO OWNER,K19-491405,1,RECEIVING,SWEEP,P9991549,UNABLE TO SCAN,1,2019-12-19T00:00:00.000,FY2020,OTHER,A1091291,STRAY,MG1718,15:34:00,FIELD,15:36:00,2019-12-19T00:00:00.000,APP WNL,,,,2019-12-19T00:00:00.000,,A19-206459
010902,8,IMPOUNDED,NOV.2019,CAT,DOMESTIC SH,CONFINED,APP WNL,TRANSFER,K19-488454,1,K14,FIELD,P0799764,SCAN NO CHIP,1,2019-11-22T00:00:00.000,FY2020,OTHRINTAKS,A1089142,STRAY,AR1758,14:35:00,UNDERAGE,09:54:00,2019-12-20T00:00:00.000,UNDERAGE,,EMERGENCY RESCUE,,2019-11-22T00:00:00.000,FOSTER,A19-202553
006402,1,UNAVAILABLE,DEC.2019,DOG,GERM SHEPHERD,GENERAL,APP INJ,TRANSFER,K19-492186,1,LFD 091,OVER THE COUNTER,P0913141,SCAN NO CHIP,1,2019-12-27T00:00:00.000,FY2020,PERSNLISSU,A1091876,OWNER SURRENDER,JKT,12:38:00,GENERAL,13:20:00,2019-12-30T00:00:00.000,APP WNL,,ADOP RESCU,,2019-12-27T00:00:00.000,TAGGED,
009900,6,UNAVAILABLE,DEC.2019,DOG,CHIHUAHUA SH,GENERAL,APP WNL,EUTHANIZED,K19-491300,1,SMD04,OVER THE COUNTER,P0912072,SCAN NO CHIP,1,2019-12-18T00:00:00.000,FY2020,MEDICAL,A1091222,OWNER SURRENDER,DL,16:24:00,HUMANE,16:42:00,2019-12-18T00:00:00.000,APP INJ,,,,2019-12-18T00:00:00.000,,
012206,7,IMPOUNDED,FEB.2020,DOG,PIT BULL,CONFINED,APP WNL,RETURNED TO OWNER,K20-499128,1,RECEIVING,SWEEP,P9991704,SCAN CHIP,1,2020-03-03T00:00:00.000,FY2020,OTHER,A0871575,STRAY,SEC1704,12:46:00,FIELD,15:07:00,2020-02-26T00:00:00.000,APP WNL,,,,2020-02-26T00:00:00.000,,A20-214782
008703,4,UNAVAILABLE,DEC.2019,DOG,ALASKAN HUSKY,AT LARGE,APP WNL,RETURNED TO OWNER,K19-492294,1,LFD 059,SWEEP,P9991718,SCAN NO CHIP,1,2020-01-01T00:00:00.000,FY2020,OTHER,A1091958,STRAY,MG1718,13:14:00,WALK IN,10:03:00,2019-12-30T00:00:00.000,APP WNL,R19-561873,ADOP RESCU,,2019-12-28T00:00:00.000,RETURNED TO OWNERSX12/30,A19-207406
,,IMPOUNDED,JAN.2020,DOG,BEAGLE,WEB,NORMAL,LOST EXP,K20-493427,1,LOST,,P0914540,,0,2020-01-07T00:00:00.000,FY2020,,A1092743,STRAY,WEB,12:25:00,OTHER,00:00:00,2020-02-07T00:00:00.000,,,,,2020-01-06T00:00:00.000,,
016703,8,UNAVAILABLE,DEC.2019,DOG,PIT BULL,AT LARGE,APP WNL,ADOPTION,K19-491305,1,LFD 114,OVER THE COUNTER,P0912076,SCAN NO CHIP,1,2019-12-18T00:00:00.000,FY2020,OTHRINTAKS,A1091227,STRAY,DL,16:35:00,WALK IN,14:22:00,2019-12-19T00:00:00.000,APP WNL,R19-561162,ADOP RESCU,,2019-12-18T00:00:00.000,ADOPTED,
020500,6,UNAVAILABLE,DEC.2019,CAT,DOMESTIC SH,RETURN,APP WNL,ADOPTION,K19-492505,1,AC 001,OVER THE COUNTER,P0845778,SCAN NO CHIP,1,2019-12-30T00:00:00.000,FY2020,OTHER,A1079289,FOSTER,OT,14:58:00,IN FOSTER,15:00:00,2019-12-30T00:00:00.000,APP WNL,,ADOP RESCU,,2019-12-30T00:00:00.000,,
016703,8,UNAVAILABLE,DEC.2019,DOG,PIT BULL,AT LARGE,APP WNL,ADOPTION,K19-491302,1,DC 01,OVER THE COUNTER,P0912076,SCAN NO CHIP,1,2019-12-18T00:00:00.000,FY2020,OTHRINTAKS,A1091225,STRAY,DL,16:35:00,WALK IN,15:59:00,2019-12-19T00:00:00.000,APP WNL,R19-561133,ADOP RESCU,,2019-12-18T00:00:00.000,ADOPTED,
007804,10,UNAVAILABLE,DEC.2019,DOG,PIT BULL,AT LARGE,APP WNL,RETURNED TO OWNER,K19-491296,1,DC 05,FIELD,P9991736,SCAN NO CHIP,1,2019-12-22T00:00:00.000,FY2020,OTHRINTAKS,A1091217,STRAY,TM1736,15:44:00,WALK IN,16:06:00,2019-12-19T00:00:00.000,APP WNL,R19-561103,,,2019-12-18T00:00:00.000,RETURNED TO OWNERSX12/19/19,A19-206298
005700,4,IMPOUNDED,DEC.2019,DOG,LABRADOR RETR,GENERAL,APP WNL,FOSTER,K19-491133,1,FOSTER,OVER THE COUNTER,P0911915,SCAN NO CHIP,1,2019-12-17T00:00:00.000,FY2020,OTHER,A1091114,OWNER SURRENDER,SW,13:49:00,UNDERAGE,18:43:00,2019-12-17T00:00:00.000,APP WNL,,RESC FOSTR,,2019-12-17T00:00:00.000,FOSTER,
005901,4,IMPOUNDED,DEC.2019,DOG,GERM SHEPHERD,CONFINED,APP WNL,RETURNED TO OWNER,K19-492449,1,RECEIVING,FIELD,P0913522,SCAN CHIP,1,2020-01-04T00:00:00.000,FY2020,OTHRINTAKS,A1085862,STRAY,TM1736,09:40:00,FIELD,09:55:00,2019-12-30T00:00:00.000,APP WNL,,,,2019-12-30T00:00:00.000,,A19-207557
,,IMPOUNDED,DEC.2019,DOG,SCHNAUZER MIN,WEB,NORMAL,LOST EXP,K19-491936,1,LOST,,P0912886,,0,2019-12-24T00:00:00.000,FY2020,,A1091692,STRAY,WEB,17:25:00,OTHER,00:00:00,2020-01-24T00:00:00.000,,,,,2019-12-23T00:00:00.000,,
007102,2,UNAVAILABLE,DEC.2019,WILDLIFE,GUINEA PIG,GENERAL,APP WNL,ADOPTION,K19-492318,1,FAM GP 04,OVER THE COUNTER,P0498308,SCAN NO CHIP,1,2019-12-28T00:00:00.000,FY2020,PERSNLISSU,A1091977,OWNER SURRENDER,JR,15:23:00,WALK IN,19:21:00,2019-12-30T00:00:00.000,APP WNL,R19-561941,ADOP RESCU,,2019-12-28T00:00:00.000,ADOPTION,
003700,7,UNAVAILABLE,DEC.2019,DOG,PIT BULL,AT LARGE,APP WNL,ADOPTION,K19-489378,1,LFD 013,FIELD,P9991770,SCAN CHIP,1,2019-12-05T00:00:00.000,FY2020,OTHER,A1088478,STRAY,VD1770,17:34:00,WALK IN,16:25:00,2019-12-17T00:00:00.000,APP WNL,R19-561060,MEDICAL,,2019-12-01T00:00:00.000,ADOPT,A19-203628
009611,13,AVAILABLE,DEC.2019,DOG,LABRADOR RETR,AT LARGE,APP WNL,FOSTER,K19-490095,1,AD 031,FIELD,P9991171,SCAN NO CHIP,1,2019-12-12T00:00:00.000,FY2020,OTHRINTAKS,A1090346,STRAY,AV1171,18:07:00,SHORT TERM,17:36:00,2019-12-19T00:00:00.000,APP WNL,,ADOP RESCU,,2019-12-07T00:00:00.000,FOSTER,A19-204620
004500,1,LAB,DEC.2019,DOG,PIT BULL,QUARANTINE,APP WNL,EUTHANIZED,K19-491163,1,QD 01,FIELD,P0796836,SCAN CHIP,1,2019-12-27T00:00:00.000,FY2020,BEHAVIOR,A1002873,CONFISCATED,AT1754,17:20:00,BITE,14:26:00,2019-12-18T00:00:00.000,APP SICK,,RABIES SPECIMEN,,2019-12-17T00:00:00.000,,A19-206206
011701,5,IMPOUNDED,DEC.2019,DOG,CHIHUAHUA SH,AT LARGE,APP WNL,RETURNED TO OWNER,K19-491210,1,RECEIVING,SWEEP,P9991704,SCAN CHIP,1,2019-12-22T00:00:00.000,FY2020,OTHER,A1070582,STRAY,SC1704,10:57:00,FIELD,10:58:00,2019-12-18T00:00:00.000,APP WNL,,,,2019-12-18T00:00:00.000,,A19-206271
005500,4,UNAVAILABLE,JAN.2020,DOG,LABRADOR RETR,GENERAL,APP INJ,ADOPTION,K20-495190,1,VIP14,FIELD,P0916187,SCAN CHIP,1,2020-01-24T00:00:00.000,FY2020,OTHRINTAKS,A1094013,OWNER SURRENDER,ATD1754,17:10:00,WALK IN,12:09:00,2020-02-07T00:00:00.000,APP WNL,R20-564115,ADOP RESCU,,2020-01-22T00:00:00.000,NDW,A20-210469
,,IMPOUNDED,DEC.2019,DOG,GOLDEN RETR,WEB,NORMAL,LOST EXP,K19-490733,1,LOST,,P0911391,,0,2019-12-12T00:00:00.000,FY2020,,A1090825,STRAY,WEB,11:59:00,OTHER,00:00:00,2020-01-12T00:00:00.000,,,,,2019-12-12T00:00:00.000,,
020500,6,AVAILABLE,DEC.2019,CAT,TURKISH VAN,GENERAL,APP WNL,TRANSFER,K19-490549,1,VT 10,OVER THE COUNTER,P0525607,SCAN CHIP,2,2019-12-11T00:00:00.000,FY2020,PERSNLISSU,A1084478,FOSTER,BR,17:53:00,MEDICAL-CONTAGIOUS,17:14:00,2019-12-18T00:00:00.000,APP SICK,,RESC FOSTR,,2019-12-11T00:00:00.000,FHV1/MYCO/RINGWORM,
,,IMPOUNDED,NOV.2019,DOG,PUG,WEB,NORMAL,FOUND EXP,K19-487950,1,FOUND,,P0908398,,0,2019-11-18T00:00:00.000,FY2020,,A1088784,STRAY,WEB,19:25:00,OTHER,00:00:00,2019-12-19T00:00:00.000,,,,,2019-11-18T00:00:00.000,,
000404,2,UNAVAILABLE,DEC.2019,CAT,DOMESTIC SH,GENERAL,APP WNL,ADOPTION,K19-490050,1,IC 04,OVER THE COUNTER,P0890364,SCAN CHIP,1,2019-12-07T00:00:00.000,FY2020,HOUSING,A1070148,OWNER SURRENDER,JR,13:09:00,WALK IN,16:47:00,2019-12-18T00:00:00.000,APP SICK,R19-561104,MEDICAL,,2019-12-07T00:00:00.000,ADOPTION,
005901,4,IMPOUNDED,DEC.2019,CAT,DOMESTIC SH,CONFINED,UNDERAGE,TRANSFER,K19-491146,1,RECEIVING,FIELD,P0911920,SCAN NO CHIP,1,2019-12-17T00:00:00.000,FY2020,OTHRINTAKS,A1091129,STRAY,BT1210,15:24:00,UNDERAGE,19:38:00,2019-12-17T00:00:00.000,UNDERAGE,,EMERGENCY RESCUE,,2019-12-17T00:00:00.000,TAGGED,A19-206199
016605,8,AVAILABLE,DEC.2019,DOG,PIT BULL,AT LARGE,APP WNL,FOSTER,K19-489823,1,FOSTER,OVER THE COUNTER,P0910400,SCAN NO CHIP,1,2019-12-09T00:00:00.000,FY2020,OTHRINTAKS,A1090138,STRAY,DL,14:14:00,SHORT TERM,18:45:00,2019-12-17T00:00:00.000,APP WNL,,ADOP RESCU,,2019-12-05T00:00:00.000,FOSTER,
005100,1,IMPOUNDED,FEB.2020,CAT,DOMESTIC SH,AT LARGE,APP INJ,EUTHANIZED,K20-499090,1,VT 09,OVER THE COUNTER,P0920061,SCAN NO CHIP,1,2020-03-01T00:00:00.000,FY2020,OTHER,A1096937,STRAY,DSW,09:50:00,HUMANE,10:21:00,2020-02-26T00:00:00.000,CRITICAL,,,,2020-02-26T00:00:00.000,,
004000,7,EU RISK,DEC.2019,DOG,BELG MALINOIS,AT LARGE,APP WNL,RETURNED TO OWNER,K19-491077,1,DC 25,FIELD,P9991730,UNABLE TO SCAN,1,2019-12-21T00:00:00.000,FY2020,OTHRINTAKS,A1091083,STRAY,EPOOLE,07:09:00,WALK IN,16:36:00,2019-12-19T00:00:00.000,APP WNL,R19-561092,EUTH,,2019-12-17T00:00:00.000,RETURNED TO OWNER SX 12/19/19,A19-206105
020500,6,UNAVAILABLE,DEC.2019,DOG,LABRADOR RETR,GENERAL,APP WNL,ADOPTION,K19-492220,1,VIP07,OVER THE COUNTER,P0913182,SCAN CHIP,1,2019-12-28T00:00:00.000,FY2020,BEHAVIOR,A1067017,OWNER SURRENDER,CDM,14:34:00,PROMOTION,15:26:00,2019-12-30T00:00:00.000,APP WNL,R19-561909,ADOP RESCU,,2019-12-27T00:00:00.000,ADOPTED,
006700,1,UNAVAILABLE,DEC.2019,CAT,DOMESTIC SH,AT LARGE,APP WNL,ADOPTION,K19-492287,1,CC 36,OVER THE COUNTER,P0765045,SCAN NO CHIP,1,2019-12-28T00:00:00.000,FY2020,OTHRINTAKS,A1091952,STRAY,JR,12:27:00,WALK IN,17:04:00,2019-12-30T00:00:00.000,APP WNL,R19-561742,ADOP RESCU,,2019-12-28T00:00:00.000,ADOPTED,
009304,8,AVAILABLE,DEC.2019,CAT,DOMESTIC SH,TREATMENT,APP SICK,FOSTER,K19-491206,1,F4,OVER THE COUNTER,P0905229,SCAN NO CHIP,1,2019-12-18T00:00:00.000,FY2020,MEDICAL,A1089905,FOSTER,AC,10:50:00,TREATMENT,15:03:00,2019-12-18T00:00:00.000,APP SICK,,RESC FOSTR,,2019-12-18T00:00:00.000,FOSTER,A19-203808
005901,4,IMPOUNDED,FEB.2020,DOG,ROTTWEILER,AT LARGE,APP WNL,RETURNED TO OWNER,K20-497115,1,RECEIVING,FIELD,P9998445,SCAN CHIP,1,2020-02-13T00:00:00.000,FY2020,OTHRINTAKS,A1090832,STRAY,KCB8445,12:55:00,FIELD,13:42:00,2020-02-07T00:00:00.000,APP WNL,,POSSIBLY OWNED,,2020-02-07T00:00:00.000,,A20-212485
020500,6,UNAVAILABLE,DEC.2019,DOG,FINNISH SPITZ,HEART WORM,APP WNL,TREATMENT,K19-491082,1,INJD 002,OVER THE COUNTER,P0896595,SCAN CHIP,1,2019-12-17T00:00:00.000,FY2020,OTHRINTAKS,A1077173,TREATMENT,CBM,09:00:00,COMPLETED,17:29:00,2019-12-18T00:00:00.000,APP SICK,,MEDICAL,,2019-12-17T00:00:00.000,HWT 2&3/INJ 2,
,,IMPOUNDED,NOV.2019,DOG,GERM SHEPHERD,WEB,NORMAL,LOST EXP,K19-487771,1,LOST,,P0908178,,0,2019-11-17T00:00:00.000,FY2020,,A1088633,STRAY,WEB,10:25:00,OTHER,00:00:00,2019-12-18T00:00:00.000,,,,,2019-11-17T00:00:00.000,,
020500,6,UNAVAILABLE,DEC.2019,DOG,PIT BULL,SURGERY,APP WNL,ADOPTION,K19-491081,1,AD 095,OVER THE COUNTER,P0733126,SCAN NO CHIP,1,2019-12-17T00:00:00.000,FY2020,OTHER,A1089206,FOSTER,OT,09:01:00,OFFSITE,18:56:00,2019-12-18T00:00:00.000,APP WNL,R19-561131,RESC FOSTR,,2019-12-17T00:00:00.000,GALLERIA,
,,IMPOUNDED,NOV.2019,CAT,DOMESTIC SH,WEB,NORMAL,FOUND EXP,K19-488112,1,FOUND,,P0908528,,0,2019-11-19T00:00:00.000,FY2020,,A1088905,STRAY,WEB,00:25:00,OTHER,00:00:00,2019-12-20T00:00:00.000,,,,,2019-11-09T00:00:00.000,,
,,UNAVAILABLE,FEB.2020,CAT,DOMESTIC SH,RETURN30,APP WNL,ADOPTION,K20-496833,1,PSCAT 09,OVER THE COUNTER,P0917385,SCAN CHIP,1,2020-02-04T00:00:00.000,FY2020,PERSNLISSU,A1073490,OWNER SURRENDER,DAL,16:23:00,EAC,15:36:00,2020-02-07T00:00:00.000,APP WNL,R20-564131,,,2020-02-04T00:00:00.000,,
,,UNAVAILABLE,MAY.2020,DOG,CHIHUAHUA SH,APPOINT,APP WNL,TRANSFER,K20-504416,1,LFSD 14,OVER THE COUNTER,P0921426,SCAN CHIP,1,2020-05-08T00:00:00.000,FY2020,NOTRIGHTFT,A1082436,OWNER SURRENDER,JKT,10:52:00,TRANSPORT,17:42:00,2020-05-09T00:00:00.000,APP WNL,,ADOP RESCU,,2020-05-08T00:00:00.000,,
020500,6,AVAILABLE,JAN.2020,WILDLIFE,HAMSTER,GENERAL,APP WNL,TRANSFER,K20-494821,1,OFFICE,OVER THE COUNTER,P0000000,SCAN NO CHIP,1,2020-01-18T00:00:00.000,FY2020,OTHRINTAKS,A1093719,OWNER SURRENDER,DL,14:02:00,UNDERAGE,17:24:00,2020-01-24T00:00:00.000,APP WNL,,RESC FOSTR,,2020-01-18T00:00:00.000,ADOPTION PENDING,
019213,11,UNAVAILABLE,DEC.2019,WILDLIFE,RACCOON,INJURED,APP INJ,EUTHANIZED,K19-492544,1,FREEZER,FIELD,P9991770,WILDLIFE - UNABEL TO SCAN,1,2019-12-30T00:00:00.000,FY2020,OTHER,A1092142,WILDLIFE,VD1770,23:16:00,HUMANE,23:44:00,2019-12-30T00:00:00.000,APP INJ,,,,2019-12-30T00:00:00.000,,A19-207634
011701,5,UNAVAILABLE,DEC.2019,DOG,GERM SHEPHERD,CONFINED,APP WNL,ADOPTION,K19-491992,1,DC 22,FIELD,P0912917,SCAN NO CHIP,1,2019-12-29T00:00:00.000,FY2020,OTHRINTAKS,A1091737,STRAY,MO1764,13:54:00,WALK IN,17:16:00,2019-12-30T00:00:00.000,APP WNL,R19-561841,ADOP RESCU,,2019-12-25T00:00:00.000,ADOPTED,A19-207066
020500,6,IMPOUNDED,DEC.2019,DOG,CHIHUAHUA SH,AT LARGE,APP WNL,RETURNED TO OWNER,K19-491435,1,RECEIVING,FIELD,P9991765,UNABLE TO SCAN,1,2019-12-23T00:00:00.000,FY2020,OTHRINTAKS,A1091310,STRAY,RK1765,22:37:00,FIELD,22:39:00,2019-12-19T00:00:00.000,APP WNL,,,,2019-12-19T00:00:00.000,,A19-206496
020500,6,IMPOUNDED,DEC.2019,CAT,DOMESTIC SH,TREATMENT,APP SICK,TRANSFER,K19-491004,1,VT 01,OVER THE COUNTER,P0001896,SCAN NO CHIP,1,2019-12-15T00:00:00.000,FY2020,OTHRINTAKS,A1089143,FOSTER,JS,12:00:00,UNDERAGE,09:56:00,2019-12-20T00:00:00.000,APP WNL,,RESC FOSTR,,2019-12-15T00:00:00.000,FOSTER,A19-202553
,,UNAVAILABLE,MAR.2020,DOG,MALTESE,GENERAL,APP WNL,ADOPTION,K20-501041,1,LFSD 03,OVER THE COUNTER,P0664315,SCAN CHIP,1,2020-03-16T00:00:00.000,FY2020,NOTRIGHTFT,A1098493,OWNER SURRENDER,JKT,10:21:00,WESTMORELD,14:26:00,2020-03-17T00:00:00.000,APP WNL,R20-566013,ADOP RESCU,,2020-03-14T00:00:00.000,,
020500,6,UNAVAILABLE,DEC.2019,CAT,DOMESTIC SH,SURGERY,APP WNL,TRANSFER,K19-491201,1,OFFICE,OVER THE COUNTER,P0618456,SCAN NO CHIP,1,2019-12-18T00:00:00.000,FY2020,OTHER,A1086773,FOSTER,SDW,10:41:00,GENERAL,10:43:00,2019-12-18T00:00:00.000,,,RESC FOSTR,,2019-12-18T00:00:00.000,TAGGED,
010101,6,UNAVAILABLE,DEC.2019,DOG,PIT BULL,AT LARGE,APP WNL,RETURNED TO OWNER,K19-491374,1,RECEIVING,SWEEP,P9991784,UNABLE TO SCAN,1,2019-12-19T00:00:00.000,FY2020,OTHER,A1091258,STRAY,BB,11:40:00,FIELD,11:46:00,2019-12-19T00:00:00.000,APP WNL,,,,2019-12-19T00:00:00.000,,A19-206390
000601,2,UNAVAILABLE,DEC.2019,DOG,PIT BULL,AT LARGE,APP WNL,ADOPTION,K19-490918,1,DC 03,OVER THE COUNTER,P0793129,SCAN NO CHIP,1,2019-12-17T00:00:00.000,FY2020,OTHRINTAKS,A1090974,STRAY,CBU,10:55:00,PROMOTION,14:57:00,2019-12-17T00:00:00.000,APP WNL,R19-560974,ADOP RESCU,,2019-12-15T00:00:00.000,PRE-ADOPTED,
010904,8,UNAVAILABLE,DEC.2019,DOG,CHIHUAHUA SH,KEEP SAFE,APP WNL,TRANSFER,K19-489975,1,DC 09,FIELD,P9991751,SCAN NO CHIP,1,2019-12-18T00:00:00.000,FY2020,OTHRINTAKS,A1090264,CONFISCATED,EP1751,03:27:00,BEHAVIOR,16:34:00,2019-12-19T00:00:00.000,APP WNL,,RESCU ONLY,,2019-12-07T00:00:00.000,TAGGED,A19-204541
011103,3,UNAVAILABLE,FEB.2020,DOG,CAIRN TERRIER,AT LARGE,APP WNL,ADOPTION,K20-498894,1,CC 05,SWEEP,P9991704,SCAN NO CHIP,1,2020-02-26T00:00:00.000,FY2020,OTHER,A1096778,STRAY,SEC1704,09:35:00,WALK IN,18:07:00,2020-02-26T00:00:00.000,APP WNL,R20-565050,ADOPTION,,2020-02-24T00:00:00.000,SMK,A20-214535
009802,6,UNAVAILABLE,DEC.2019,DOG,CHIHUAHUA LH,AT LARGE,APP WNL,RETURNED TO OWNER,K19-491277,1,LFD 138,SWEEP,P9991718,SCAN NO CHIP,1,2019-12-20T00:00:00.000,FY2020,OTHER,A1091203,STRAY,MG1718,13:42:00,WALK IN,18:56:00,2019-12-18T00:00:00.000,APP WNL,R19-561119,,,2019-12-18T00:00:00.000,,A19-206316
018505,10,IMPOUNDED,FEB.2020,DOG,DACHSHUND,AT LARGE,APP SICK,EUTHANIZED,K20-497101,1,RECEIVING,FIELD,P9991779,SCAN NO CHIP,1,2020-02-11T00:00:00.000,FY2020,OTHER,A1095426,STRAY,BMC1779,11:57:00,HUMANE,12:58:00,2020-02-07T00:00:00.000,FATAL,,,,2020-02-07T00:00:00.000,,A20-212459
006301,4,IMPOUNDED,OCT.2019,DOG,AUST CATTLE DOG,AT LARGE,TREATABLE REHABILITABLE NON-CONTAGIOUS,RETURNED TO OWNER,K19-481905,1,RECEIVING,FIELD,P9991764,SCAN CHIP,1,2019-10-02T00:00:00.000,FY2020,OTHRINTAKS,A0960276,STRAY,MO1764,10:37:00,FIELD,10:45:00,2019-10-02T00:00:00.000,TREATABLE REHABILITABLE NON-CONTAGIOUS,,,,2019-10-02T00:00:00.000,,A19-195448
006900,1,UNAVAILABLE,DEC.2019,DOG,ALASKAN HUSKY,AT LARGE,APP WNL,RETURNED TO OWNER,K19-491388,1,LFD 073,SWEEP,P9991772,SCAN CHIP,1,2019-12-25T00:00:00.000,FY2020,OTHER,A1091277,STRAY,RO1772,13:29:00,WALK IN,17:51:00,2019-12-19T00:00:00.000,APP WNL,R19-561179,HOLD NOTIFY,,2019-12-19T00:00:00.000,RETURNED TO OWNER,A19-206434
008703,4,IMPOUNDED,JAN.2020,DOG,CHIHUAHUA LH,AT LARGE,APP WNL,RETURNED TO OWNER,K20-494041,1,RECEIVING,SWEEP,P9991579,SCAN NO CHIP,1,2020-01-12T00:00:00.000,FY2020,OTHER,A1067728,STRAY,ASB1579,15:02:00,FIELD,15:03:00,2020-01-12T00:00:00.000,APP WNL,,,,2020-01-12T00:00:00.000,,A20-209243
016703,8,UNAVAILABLE,DEC.2019,DOG,PIT BULL,AT LARGE,APP WNL,ADOPTION,K19-491306,1,LFD 114,OVER THE COUNTER,P0912076,SCAN NO CHIP,1,2019-12-18T00:00:00.000,FY2020,OTHRINTAKS,A1091228,STRAY,DL,16:35:00,WALK IN,09:03:00,2019-12-19T00:00:00.000,APP WNL,R19-561108,ADOP RESCU,,2019-12-18T00:00:00.000,ADOPTED,
012206,7,IMPOUNDED,DEC.2019,CAT,DOMESTIC SH,DEAD ON ARRIVAL,DEAD,DEAD ON ARRIVAL,K19-490868,1,FREEZER,OVER THE COUNTER,P0911578,SCAN NO CHIP,1,2019-12-14T00:00:00.000,FY2020,OTHRINTAKS,A1090939,STRAY,CBU,14:23:00,DISPOSAL,14:38:00,2019-12-14T00:00:00.000,DEAD,,,,2019-12-14T00:00:00.000,,
011300,3,UNAVAILABLE,JAN.2020,DOG,NEWFOUNDLAND,AT LARGE,APP WNL,ADOPTION,K20-494914,1,LFD 076,OVER THE COUNTER,P0655176,SCAN NO CHIP,1,2020-01-24T00:00:00.000,FY2020,OTHRINTAKS,A1093788,STRAY,CDM,13:10:00,WALK IN,09:22:00,2020-01-24T00:00:00.000,APP WNL,R20-563118,ADOP RESCU,,2020-01-20T00:00:00.000,PREADOPT// SX SNN 1-24-20,
008801,4,UNAVAILABLE,DEC.2019,DOG,AUST CATTLE DOG,AT LARGE,APP WNL,FOSTER,K19-492495,1,LFD 083,FIELD,P0912648,SCAN NO CHIP,1,2020-01-03T00:00:00.000,FY2020,OTHER,A1092104,STRAY,MM1701,13:10:00,UNDERAGE,18:26:00,2019-12-30T00:00:00.000,UNKNOWN,,,,2019-12-30T00:00:00.000,FOSTER,A19-207564
008604,4,UNAVAILABLE,JAN.2020,DOG,GERM SHEPHERD,GENERAL,APP WNL,ADOPTION,K20-494727,1,AD 037,OVER THE COUNTER,P0915710,SCAN NO CHIP,1,2020-01-18T00:00:00.000,FY2020,NOTRIGHTFT,A1093650,OWNER SURRENDER,MM,14:59:00,WALK IN,13:31:00,2020-01-24T00:00:00.000,APP WNL,R20-563292,ADOP RESCU,,2020-01-18T00:00:00.000,ADOPTED,
005200,1,IMPOUNDED,DEC.2019,DOG,ENG BULLDOG,AT LARGE,APP WNL,RETURNED TO OWNER,K19-491171,1,RECEIVING,FIELD,P9991754,SCAN CHIP,1,2019-12-17T00:00:00.000,FY2020,OTHER,A1073546,STRAY,AT1754,20:31:00,FIELD,20:32:00,2019-12-17T00:00:00.000,APP WNL,,,,2019-12-17T00:00:00.000,,A19-206228
006401,1,IMPOUNDED,DEC.2019,DOG,CHIHUAHUA SH,AT LARGE,APP WNL,RETURNED TO OWNER,K19-491301,1,RECEIVING,FIELD,P9991740,SCAN NO CHIP,1,2019-12-22T00:00:00.000,FY2020,OTHRINTAKS,A1091221,STRAY,WH1740,16:27:00,FIELD,16:29:00,2019-12-18T00:00:00.000,APP WNL,,,,2019-12-18T00:00:00.000,,A19-206344
020500,6,UNAVAILABLE,JAN.2020,DOG,PIT BULL,HEART WORM,APP WNL,TREATMENT,K20-495216,1,INJD 008,OVER THE COUNTER,P0664844,SCAN CHIP,1,2020-01-23T00:00:00.000,FY2020,OTHRINTAKS,A1075611,TREATMENT,JS,09:05:00,COMPLETED,18:00:00,2020-01-23T00:00:00.000,APP WNL,,,,2020-01-23T00:00:00.000,EVALUATION,
009201,5,IMPOUNDED,DEC.2019,DOG,GERM SHEPHERD,AT LARGE,APP WNL,RETURNED TO OWNER,K19-492451,1,RECEIVING,SWEEP,P9991704,SCAN NO CHIP,1,2020-01-03T00:00:00.000,FY2020,OTHER,A1092071,STRAY,SC1704,09:57:00,FIELD,09:59:00,2019-12-30T00:00:00.000,APP WNL,,,,2019-12-30T00:00:00.000,,A19-207561
006700,1,UNAVAILABLE,DEC.2019,CAT,DOMESTIC SH,AT LARGE,APP WNL,ADOPTION,K19-492285,1,CC 35,OVER THE COUNTER,P0765045,SCAN NO CHIP,1,2019-12-28T00:00:00.000,FY2020,OTHRINTAKS,A1091950,STRAY,JR,12:27:00,WALK IN,17:05:00,2019-12-30T00:00:00.000,APP WNL,R19-561740,ADOP RESCU,,2019-12-28T00:00:00.000,ADOPTED,
011104,8,UNAVAILABLE,DEC.2019,DOG,GERM SHEPHERD,AT LARGE,APP WNL,RETURNED TO OWNER,K19-491466,1,RECEIVING,SWEEP,P9991721,UNABLE TO SCAN,1,2019-12-20T00:00:00.000,FY2020,OTHER,A1091327,STRAY,MG1718,11:17:00,FIELD,11:18:00,2019-12-20T00:00:00.000,APP WNL,,,,2019-12-20T00:00:00.000,,A19-206543
,,IMPOUNDED,NOV.2019,CAT,DOMESTIC SH,WEB,NORMAL,LOST EXP,K19-488065,1,LOST,,P0908476,,0,2019-11-19T00:00:00.000,FY2020,,A1088864,STRAY,WEB,15:25:00,OTHER,00:00:00,2019-12-20T00:00:00.000,,,,,2019-11-18T00:00:00.000,,
006302,1,UNAVAILABLE,DEC.2019,DOG,LABRADOR RETR,AT LARGE,APP WNL,ADOPTION,K19-491697,1,AD 064,FIELD,P9991774,SCAN NO CHIP,1,2019-12-27T00:00:00.000,FY2020,OTHRINTAKS,A1091494,STRAY,SM1774,11:32:00,WALK IN,12:56:00,2019-12-30T00:00:00.000,APP WNL,R19-561887,ADOP RESCU,,2019-12-22T00:00:00.000,ADOPTED,A19-206752
006502,1,IMPOUNDED,DEC.2019,DOG,AUST CATTLE DOG,AT LARGE,APP WNL,RETURNED TO OWNER,K19-491411,1,RECEIVING,FIELD,P9991723,UNABLE TO SCAN,1,2019-12-23T00:00:00.000,FY2020,OTHRINTAKS,A1091296,STRAY,MW1723,15:54:00,FIELD,16:04:00,2019-12-19T00:00:00.000,APP WNL,,,,2019-12-19T00:00:00.000,,A19-206463
012400,9,UNAVAILABLE,DEC.2019,DOG,GERM SHEPHERD,GENERAL,APP WNL,ADOPTION,K19-492057,1,FAM GP 04,OVER THE COUNTER,P0912974,SCAN NO CHIP,1,2019-12-26T00:00:00.000,FY2020,PERSNLISSU,A1091786,OWNER SURRENDER,CDM,11:31:00,WALK IN,10:07:00,2019-12-30T00:00:00.000,APP WNL,R19-561779,ADOP RESCU,,2019-12-26T00:00:00.000,ADOPTED,
003800,7,UNAVAILABLE,DEC.2019,DOG,COCKER SPAN,GENERAL,APP SICK,TRANSFER,K19-491239,1,INJD 007,FIELD,P0911991,SCAN CHIP,1,2019-12-24T00:00:00.000,FY2020,MEDICAL,A1091187,OWNER SURRENDER,MO1764,12:11:00,MEDICAL-CONTAGIOUS,11:53:00,2019-12-30T00:00:00.000,APP SICK,,RESCU ONLY,,2019-12-18T00:00:00.000,VT10 - ENUCLEATION,A19-206270
011701,5,UNAVAILABLE,DEC.2019,CAT,DOMESTIC SH,CONFINED,UNKNOWN,TRANSFER,K19-490718,1,LFC 037,FIELD,P9991195,SCAN NO CHIP,1,2019-12-17T00:00:00.000,FY2020,OTHRINTAKS,A1090814,STRAY,JO1195,11:00:00,SPAY NEUTER NETWORK,09:04:00,2019-12-19T00:00:00.000,UNKNOWN,,SPAY NEUTER NETWORK,,2019-12-13T00:00:00.000,,A19-205468
020400,2,UNAVAILABLE,DEC.2019,DOG,GREAT PYRENEES,GENERAL,APP WNL,TRANSFER,K19-490779,1,PUPS 4,OVER THE COUNTER,P0911450,SCAN CHIP,1,2019-12-16T00:00:00.000,FY2020,HOUSING,A1090867,OWNER SURRENDER,DL,17:21:00,GENERAL,16:15:00,2019-12-17T00:00:00.000,APP WNL,,ADOP RESCU,,2019-12-13T00:00:00.000,TAGGED,
012000,7,AVAILABLE,DEC.2019,DOG,GERM SHEPHERD,AT LARGE,APP WNL,FOSTER,K19-490375,1,FOSTER,SWEEP,P9991579,SCAN NO CHIP,1,2019-12-14T00:00:00.000,FY2020,OTHER,A1090528,STRAY,ASB1579,12:30:00,SHORT TERM,17:57:00,2019-12-19T00:00:00.000,APP WNL,,ADOP RESCU,,2019-12-10T00:00:00.000,FOSTER,A19-205059
,,IMPOUNDED,NOV.2019,DOG,POODLE STND,WEB,NORMAL,LOST EXP,K19-489187,1,LOST,,P0909661,,0,2019-11-29T00:00:00.000,FY2020,,A1089678,STRAY,WEB,19:25:00,OTHER,00:00:00,2019-12-30T00:00:00.000,,,,,2019-11-29T00:00:00.000,,
004201,1,UNAVAILABLE,FEB.2020,CAT,DOMESTIC SH,AT LARGE,APP WNL,ADOPTION,K20-498667,1,AC 003,OVER THE COUNTER,P0919635,SCAN NO CHIP,1,2020-02-26T00:00:00.000,FY2020,OTHRINTAKS,A1096623,STRAY,EMV,09:07:00,WALK IN,15:06:00,2020-02-26T00:00:00.000,APP WNL,R20-565110,ADOP RESCU,,2020-02-22T00:00:00.000,,
020500,6,UNAVAILABLE,FEB.2020,CAT,DOMESTIC SH,SURGERY,APP WNL,ADOPTION,K20-497073,1,CC 24,OVER THE COUNTER,P0750051,SCAN CHIP,1,2020-02-07T00:00:00.000,FY2020,MEDICAL,A1091137,FOSTER,GDG,07:00:00,BY FOSTER,16:05:00,2020-02-07T00:00:00.000,APP WNL,,RESC FOSTR,,2020-02-07T00:00:00.000,,
006502,3,UNAVAILABLE,DEC.2019,DOG,PIT BULL,AT LARGE,APP WNL,ADOPTION,K19-491258,1,LFSD 09,OVER THE COUNTER,P0758773,SCAN NO CHIP,1,2019-12-18T00:00:00.000,FY2020,OTHRINTAKS,A1091193,STRAY,BW,12:11:00,WALK IN,09:03:00,2019-12-19T00:00:00.000,APP WNL,R19-561102,ADOP RESCU,,2019-12-18T00:00:00.000,ADOPTED,
010701,3,IMPOUNDED,DEC.2019,DOG,GREAT PYRENEES,AT LARGE,APP INJ,EUTHANIZED,K19-491999,1,INJD 011,FIELD,P9991754,SCAN NO CHIP,1,2019-12-29T00:00:00.000,FY2020,OTHER,A1091744,STRAY,AT1754,17:31:00,HUMANE,15:06:00,2019-12-30T00:00:00.000,CRITICAL,,EMERGENCY RESCUE,,2019-12-25T00:00:00.000,,A19-207091
012701,9,IMPOUNDED,DEC.2019,DOG,POINTER,AT LARGE,APP WNL,RETURNED TO OWNER,K19-491331,1,RECEIVING,FIELD,P9991740,UNABLE TO SCAN,1,2019-12-22T00:00:00.000,FY2020,OTHRINTAKS,A0846680,STRAY,WH1740,18:25:00,FIELD,18:29:00,2019-12-18T00:00:00.000,APP WNL,,,,2019-12-18T00:00:00.000,,A19-206365
005000,1,UNAVAILABLE,JAN.2020,CAT,DOMESTIC SH,AT LARGE,APP WNL,ADOPTION,K20-494932,1,CC 23,OVER THE COUNTER,P0875640,UNABLE TO SCAN,1,2020-01-24T00:00:00.000,FY2020,OTHRINTAKS,A1093804,STRAY,MM,15:18:00,WALK IN,15:49:00,2020-01-24T00:00:00.000,APP WNL,R20-563261,ADOP RESCU,,2020-01-20T00:00:00.000,ADOPTED,
,,IMPOUNDED,NOV.2019,DOG,AMER BULLDOG,WEB,NORMAL,LOST EXP,K19-489104,1,LOST,,P0909467,,0,2019-11-29T00:00:00.000,FY2020,,A1089614,STRAY,WEB,02:25:00,OTHER,00:00:00,2019-12-30T00:00:00.000,,,,,2019-11-28T00:00:00.000,,
011800,5,IMPOUNDED,DEC.2019,DOG,CANE CORSO,AT LARGE,APP WNL,RETURNED TO OWNER,K19-491188,1,LFD 134,SWEEP,P9991704,SCAN CHIP,1,2019-12-24T00:00:00.000,FY2020,OTHER,A1091156,STRAY,SC1704,09:17:00,WALK IN,12:47:00,2019-12-19T00:00:00.000,APP WNL,R19-561147,,,2019-12-18T00:00:00.000,RETURNED TO OWNER,A19-206266
016701,8,EU RISK,NOV.2019,DOG,GERM SHEPHERD,GENERAL,APP WNL,TRANSFER,K19-488013,1,LFD 013,OVER THE COUNTER,P0727243,SCAN NO CHIP,1,2019-11-19T00:00:00.000,FY2020,PERSNLISSU,A1088822,OWNER SURRENDER,CBU,11:52:00,MEDICAL-CONTAGIOUS,16:41:00,2019-12-19T00:00:00.000,APP SICK,,RESCU ONLY,,2019-11-19T00:00:00.000,TAGGED,
003901,7,UNAVAILABLE,JAN.2020,DOG,AM PIT BULL TER,AT LARGE,APP WNL,ADOPTION,K20-494489,1,PSDOG 04,FIELD,P9991764,SCAN CHIP,1,2020-01-22T00:00:00.000,FY2020,OTHRINTAKS,A1093484,STRAY,MO1764,09:53:00,EAC,17:51:00,2020-01-24T00:00:00.000,APP WNL,R20-563315,ADOP RESCU,,2020-01-16T00:00:00.000,ADOPT,A20-209683
020500,6,AVAILABLE,DEC.2019,CAT,DOMESTIC SH,TREATMENT,APP SICK,FOSTER,K19-491359,1,F3,OVER THE COUNTER,P0844974,SCAN NO CHIP,1,2019-12-19T00:00:00.000,FY2020,OTHER,A1090976,FOSTER,AC,10:19:00,TREATMENT,17:11:00,2019-12-19T00:00:00.000,APP SICK,,MEDICAL,,2019-12-19T00:00:00.000,FOSTER,A19-205852
,,UNAVAILABLE,FEB.2020,DOG,CHIHUAHUA SH,GENERAL,UNDERAGE,TRANSFER,K20-499002,1,NMOMS 2,OVER THE COUNTER,P0511652,SCAN NO CHIP,1,2020-02-25T00:00:00.000,FY2020,BEHAVIOR,A1096868,OWNER SURRENDER,DAL,11:40:00,UNDERAGE,15:05:00,2020-02-26T00:00:00.000,UNDERAGE,,RESC FOSTR,,2020-02-25T00:00:00.000,,
004700,1,UNAVAILABLE,JAN.2020,DOG,CHIHUAHUA LH,AT LARGE,APP WNL,ADOPTION,K20-494949,1,AD 092,FIELD,P9991736,SCAN CHIP,1,2020-01-24T00:00:00.000,FY2020,OTHRINTAKS,A1093826,STRAY,SM1774,17:03:00,WALK IN,12:57:00,2020-01-24T00:00:00.000,APP WNL,R20-563177,ADOP RESCU,,2020-01-20T00:00:00.000,PREADOPTED,A20-210205
017101,8,UNAVAILABLE,FEB.2020,DOG,PIT BULL,AT LARGE,APP WNL,ADOPTION,K20-496427,1,PUPS 3,SWEEP,P9991772,SCAN CHIP,1,2020-02-07T00:00:00.000,FY2020,OTHER,A1042630,STRAY,ROB1772,12:33:00,WALK IN,17:55:00,2020-02-07T00:00:00.000,APP WNL,R20-563899,ADOP RESCU,,2020-02-01T00:00:00.000,SMK,A20-211763
016701,8,IMPOUNDED,DEC.2019,DOG,CHIHUAHUA SH,AT LARGE,APP WNL,RETURNED TO OWNER,K19-491275,1,RECEIVING,SWEEP,P9991772,SCAN CHIP,1,2019-12-18T00:00:00.000,FY2020,OTHER,A1082880,STRAY,RO1772,13:36:00,FIELD,13:36:00,2019-12-18T00:00:00.000,APP WNL,,,,2019-12-18T00:00:00.000,,A19-206323
006301,4,IMPOUNDED,DEC.2019,DOG,GERM SHEPHERD,AT LARGE,APP WNL,RETURNED TO OWNER,K19-491078,1,LFD 159,SWEEP,P9991579,SCAN CHIP,1,2019-12-23T00:00:00.000,FY2020,OTHER,A1065048,STRAY,ASB1579,08:06:00,WALK IN,11:28:00,2019-12-18T00:00:00.000,APP WNL,R19-561081,,,2019-12-17T00:00:00.000,RETURNED TO OWNER,A19-206147
003902,7,UNAVAILABLE,DEC.2019,DOG,CHIHUAHUA SH,AT LARGE,APP INJ,TRANSFER,K19-490713,1,INJD 013,FIELD,P0911368,SCAN NO CHIP,1,2019-12-17T00:00:00.000,FY2020,OTHRINTAKS,A1090809,STRAY,AR1758,10:44:00,TRANSPORT,17:41:00,2019-12-17T00:00:00.000,APP INJ,,RESCU ONLY,,2019-12-13T00:00:00.000,VT7 - ENUCLEATION,A19-205489
005700,3,UNAVAILABLE,DEC.2019,DOG,LABRADOR RETR,GENERAL,UNKNOWN,ADOPTION,K19-491553,1,AD 041,FIELD,P0912291,SCAN NO CHIP,1,2019-12-20T00:00:00.000,FY2020,HOUSING,A1091402,OWNER SURRENDER,LU1778,18:56:00,WALK IN,14:28:00,2019-12-30T00:00:00.000,APP WNL,R19-561902,ADOP RESCU,,2019-12-20T00:00:00.000,ADOPTED,A19-206570
012204,7,UNAVAILABLE,NOV.2019,DOG,LABRADOR RETR,GENERAL,APP WNL,ADOPTION,K19-487953,1,AD 053,FIELD,P0908402,SCAN CHIP,3,2019-11-18T00:00:00.000,FY2020,HOUSING,A1088789,OWNER SURRENDER,BT1210,20:28:00,WALK IN,13:59:00,2019-11-30T00:00:00.000,APP WNL,R19-560044,ADOP RESCU,,2019-11-18T00:00:00.000,ADOPTED,A19-201857
016520,3,UNAVAILABLE,DEC.2019,DOG,GERM SHEPHERD,AT LARGE,UNKNOWN,ADOPTION,K19-490380,1,AD 075,FIELD,P9991230,SCAN NO CHIP,1,2019-12-14T00:00:00.000,FY2020,OTHRINTAKS,A1090532,STRAY,KH1230,12:55:00,WALK IN,19:06:00,2019-12-18T00:00:00.000,APP WNL,R19-561128,ADOP RESCU,,2019-12-10T00:00:00.000,ADOPTION,A19-205064
006401,1,UNAVAILABLE,DEC.2019,DOG,LABRADOR RETR,GENERAL,APP WNL,ADOPTION,K19-490927,1,AD 015,OVER THE COUNTER,P0741225,SCAN NO CHIP,1,2019-12-15T00:00:00.000,FY2020,PERSNLISSU,A1090979,OWNER SURRENDER,CBU,11:46:00,WALK IN,13:30:00,2019-12-19T00:00:00.000,APP WNL,R19-561156,ADOP RESCU,,2019-12-15T00:00:00.000,ADOPTED,
020500,6,AVAILABLE,DEC.2019,CAT,DOMESTIC SH,TREATMENT,APP SICK,FOSTER,K19-492364,1,F1,OVER THE COUNTER,P0844974,SCAN NO CHIP,1,2019-12-29T00:00:00.000,FY2020,OTHER,A1090976,FOSTER,OT,10:17:00,TREATMENT,08:56:00,2019-12-30T00:00:00.000,APP SICK,,MEDICAL,,2019-12-29T00:00:00.000,FOSTER,A19-205852
006100,4,UNAVAILABLE,DEC.2019,DOG,BEAGLE,AT LARGE,APP WNL,ADOPTION,K19-490850,1,AD 098,OVER THE COUNTER,P0911553,SCAN NO CHIP,1,2019-12-18T00:00:00.000,FY2020,OTHRINTAKS,A1090928,STRAY,CBU,12:26:00,WALK IN,19:12:00,2019-12-18T00:00:00.000,APP WNL,R19-560924,ADOP RESCU,,2019-12-14T00:00:00.000,,
,,IMPOUNDED,NOV.2019,DOG,BOSTON TERRIER,WEB,NORMAL,FOUND EXP,K19-487754,1,FOUND,,P0908172,,0,2019-11-17T00:00:00.000,FY2020,,A1088621,STRAY,WEB,09:25:00,OTHER,00:00:00,2019-12-18T00:00:00.000,,,,,2019-11-14T00:00:00.000,,
008604,4,UNAVAILABLE,JAN.2020,DOG,RAT TERRIER,AT LARGE,APP WNL,ADOPTION,K20-494699,1,AD 102,OVER THE COUNTER,P0915674,SCAN NO CHIP,1,2020-01-22T00:00:00.000,FY2020,OTHRINTAKS,A1093629,STRAY,CDM,12:01:00,WALK IN,15:11:00,2020-01-24T00:00:00.000,APP WNL,R20-563301,ADOPTION,,2020-01-18T00:00:00.000,ADOPTED,
004300,6,UNAVAILABLE,JAN.2020,DOG,CHINESE SHARPEI,GENERAL,APP WNL,ADOPTION,K20-495164,1,LFSD 11,OVER THE COUNTER,P0565729,SCAN NO CHIP,1,2020-01-22T00:00:00.000,FY2020,HOUSING,A1093996,OWNER SURRENDER,MED,14:25:00,WALK IN,14:16:00,2020-02-07T00:00:00.000,APP WNL,R20-564126,ADOP RESCU,,2020-01-22T00:00:00.000,,
010500,6,UNAVAILABLE,DEC.2019,DOG,PIT BULL,AT LARGE,APP WNL,ADOPTION,K19-492282,1,FAM GP 04,OVER THE COUNTER,P0913288,SCAN NO CHIP,1,2019-12-28T00:00:00.000,FY2020,OTHRINTAKS,A1091948,STRAY,JR,12:02:00,PROMOTION,10:08:00,2019-12-30T00:00:00.000,APP WNL,R19-561724,ADOP RESCU,,2019-12-28T00:00:00.000,PRE-ADOPTED,
009304,8,AVAILABLE,DEC.2019,CAT,DOMESTIC SH,TREATMENT,UNKNOWN,FOSTER,K19-491198,1,F4,OVER THE COUNTER,P0905229,SCAN NO CHIP,1,2019-12-18T00:00:00.000,FY2020,OTHER,A1089904,FOSTER,AC,10:19:00,TREATMENT,15:03:00,2019-12-18T00:00:00.000,UNKNOWN,,RESC FOSTR,,2019-12-18T00:00:00.000,FOSTER,A19-203808
008604,4,UNAVAILABLE,DEC.2019,DOG,CHIHUAHUA SH,CONFINED,APP SICK,ADOPTION,K19-489858,1,PSDOG 01,FIELD,P9991748,SCAN NO CHIP,1,2019-12-15T00:00:00.000,FY2020,OTHRINTAKS,A1090168,STRAY,MM1748,19:57:00,EAC,17:54:00,2019-12-18T00:00:00.000,APP WNL,R19-561114,ADOP RESCU,,2019-12-05T00:00:00.000,ADOPT,A19-204363
010601,6,UNAVAILABLE,FEB.2020,DOG,GERM SHEPHERD,CONFINED,APP WNL,ADOPTION,K20-496595,1,AD 019,FIELD,P0917590,SCAN NO CHIP,1,2020-02-07T00:00:00.000,FY2020,OTHRINTAKS,A1095061,STRAY,SMB1774,08:33:00,WALK IN,18:25:00,2020-02-07T00:00:00.000,APP WNL,R20-564143,ADOP RESCU,,2020-02-03T00:00:00.000,SMK,A20-211938
,,IMPOUNDED,NOV.2019,DOG,CHIHUAHUA LH,WEB,NORMAL,LOST EXP,K19-487959,1,LOST,,P0908409,,0,2019-11-19T00:00:00.000,FY2020,,A1088800,STRAY,WEB,06:25:00,OTHER,00:00:00,2019-12-20T00:00:00.000,,,,,2019-11-13T00:00:00.000,,
011701,5,EU RISK,JAN.2020,DOG,LABRADOR RETR,AT LARGE,APP WNL,RETURNED TO OWNER,K20-494842,1,LFSD 07,FIELD,P9991736,SCAN CHIP,1,2020-01-25T00:00:00.000,FY2020,OTHRINTAKS,A1076350,STRAY,TM1736,16:24:00,WALK IN,13:08:00,2020-01-24T00:00:00.000,APP WNL,R20-563291,RESCU ONLY,,2020-01-19T00:00:00.000,RETURNED TO OWNER,A20-210061
020500,6,UNAVAILABLE,DEC.2019,DOG,SCHNAUZER MIN,HEART WORM,APP WNL,TREATMENT,K19-490996,1,INJD 010,OVER THE COUNTER,P0911774,SCAN NO CHIP,1,2019-12-17T00:00:00.000,FY2020,OTHER,A1083546,TREATMENT,CBU,10:50:00,COMPLETED,17:51:00,2019-12-17T00:00:00.000,APP SICK,,MEDICAL,,2019-12-16T00:00:00.000,HWT 2&3;/INJ 10B,A19-194634
016701,8,UNAVAILABLE,DEC.2019,CAT,DOMESTIC SH,GENERAL,APP WNL,ADOPTION,K19-492313,1,CC 30,OVER THE COUNTER,P0913319,SCAN NO CHIP,1,2019-12-28T00:00:00.000,FY2020,PERSNLISSU,A1091971,OWNER SURRENDER,JZ,14:36:00,WALK IN,16:34:00,2019-12-30T00:00:00.000,APP WNL,R19-561766,ADOP RESCU,,2019-12-28T00:00:00.000,ADOPTED,
006301,4,IMPOUNDED,DEC.2019,DOG,POODLE STND,AT LARGE,APP WNL,RETURNED TO OWNER,K19-492518,1,RECEIVING,FIELD,P9991736,SCAN NO CHIP,1,2019-12-30T00:00:00.000,FY2020,OTHRINTAKS,A1092119,STRAY,TM1736,16:36:00,FIELD,16:36:00,2019-12-30T00:00:00.000,APP WNL,,,,2019-12-30T00:00:00.000,,A19-207624
008802,4,UNAVAILABLE,DEC.2019,DOG,LABRADOR RETR,AT LARGE,APP WNL,ADOPTION,K19-491491,1,PUPS 4,FIELD,P0862628,SCAN NO CHIP,1,2019-12-24T00:00:00.000,FY2020,OTHRINTAKS,A1091351,STRAY,CV1710,13:05:00,WALK IN,10:05:00,2019-12-30T00:00:00.000,APP WNL,R19-561798,ADOP RESCU,,2019-12-20T00:00:00.000,ADOPTED,A19-206561
,,UNAVAILABLE,FEB.2020,DOG,PIT BULL,GENERAL,APP WNL,ADOPTION,K20-498133,1,AD 023,OVER THE COUNTER,P0919164,SCAN NO CHIP,1,2020-02-17T00:00:00.000,FY2020,PERSNLISSU,A1096217,OWNER SURRENDER,BBW,13:43:00,WALK IN,13:26:00,2020-02-26T00:00:00.000,APP WNL,R20-565099,ADOP RESCU,,2020-02-17T00:00:00.000,,
020200,8,UNAVAILABLE,MAY.2020,DOG,CATAHOULA,AT LARGE,APP WNL,ADOPTION,K20-504172,1,LFSD 04,FIELD,P9991770,SCAN CHIP,1,2020-05-06T00:00:00.000,FY2020,OTHER,A1094986,STRAY,VJD1770,22:15:00,TELEADOPT,13:14:00,2020-05-09T00:00:00.000,APP WNL,R20-567288,ADOP RESCU,,2020-05-04T00:00:00.000,,A20-222432
009301,5,IMPOUNDED,DEC.2019,DOG,LABRADOR RETR,AT LARGE,APP WNL,RETURNED TO OWNER,K19-491403,1,RECEIVING,FIELD,P9991748,SCAN CHIP,1,2019-12-26T00:00:00.000,FY2020,OTHRINTAKS,A1091288,STRAY,MK1748,15:22:00,FIELD,20:30:00,2019-12-19T00:00:00.000,APP WNL,,,,2019-12-19T00:00:00.000,,A19-206446
016607,8,UNAVAILABLE,DEC.2019,CAT,DOMESTIC SH,GENERAL,APP WNL,ADOPTION,K19-492181,1,CC 41,OVER THE COUNTER,P0913137,SCAN NO CHIP,1,2019-12-27T00:00:00.000,FY2020,HOUSING,A1091874,OWNER SURRENDER,JR,12:27:00,PROMOTION,16:59:00,2019-12-30T00:00:00.000,APP WNL,R19-561787,ADOP RESCU,,2019-12-27T00:00:00.000,ADOPTED,
,,IMPOUNDED,APR.2020,DOG,SIBERIAN HUSKY,WEB,NORMAL,FOUND EXP,K20-502727,1,FOUND,,P0924494,,0,2020-04-08T00:00:00.000,FY2020,,A1099656,STRAY,WEB,14:25:00,OTHER,00:00:00,2020-05-09T00:00:00.000,,,,,2020-04-06T00:00:00.000,,
004800,4,UNAVAILABLE,DEC.2019,DOG,BEAGLE,AT LARGE,APP INJ,TRANSFER,K19-491049,1,INJD 007,OVER THE COUNTER,P0911826,SCAN CHIP,1,2019-12-17T00:00:00.000,FY2020,OTHRINTAKS,A1091058,STRAY,BW,16:57:00,MEDICAL-CONTAGIOUS,17:24:00,2019-12-18T00:00:00.000,APP INJ,,EMERGENCY RESCUE,,2019-12-16T00:00:00.000,TAGGED,
001800,14,IMPOUNDED,DEC.2019,DOG,LABRADOR RETR,CONFINED,APP WNL,RETURNED TO OWNER,K19-492443,1,RECEIVING,FIELD,P0913521,SCAN CHIP,1,2020-01-05T00:00:00.000,FY2020,OTHRINTAKS,A1092068,STRAY,TM1736,08:28:00,FIELD,12:43:00,2019-12-30T00:00:00.000,APP WNL,,,,2019-12-30T00:00:00.000,,A19-207544
,,IMPOUNDED,NOV.2019,DOG,YORKSHIRE TERR,WEB,NORMAL,LOST EXP,K19-489135,1,LOST,,P0909505,,0,2019-11-29T00:00:00.000,FY2020,,A1089639,STRAY,WEB,12:25:00,OTHER,00:00:00,2019-12-30T00:00:00.000,,,,,2019-11-29T00:00:00.000,,
020500,6,IMPOUNDED,DEC.2019,CAT,DOMESTIC SH,SURGERY,APP WNL,FOSTER,K19-491086,1,CC 30,OVER THE COUNTER,P0097621,SCAN NO CHIP,1,2019-12-17T00:00:00.000,FY2020,OTHER,A1090988,FOSTER,OT,09:09:00,SURGERY,17:37:00,2019-12-17T00:00:00.000,APP WNL,,,,2019-12-17T00:00:00.000,FOSTER,
008400,5,IMPOUNDED,DEC.2019,DOG,CHIHUAHUA SH,AT LARGE,APP WNL,RETURNED TO OWNER,K19-492475,1,RECEIVING,SWEEP,P9991704,SCAN NO CHIP,1,2020-01-03T00:00:00.000,FY2020,OTHER,A1092092,STRAY,SC1704,12:03:00,FIELD,12:03:00,2019-12-30T00:00:00.000,APP WNL,,,,2019-12-30T00:00:00.000,,A19-207586
000100,9,IMPOUNDED,DEC.2019,WILDLIFE,BAT,INJURED,APP SICK,EUTHANIZED,K19-491293,1,FREEZER,FIELD,P9991776,WILDLIFE - UNABEL TO SCAN,1,2019-12-28T00:00:00.000,FY2020,OTHRINTAKS,A1091213,WILDLIFE,MRY1776,15:07:00,MEDICAL-CONTAGIOUS,16:43:00,2019-12-18T00:00:00.000,UNKNOWN,,,,2019-12-18T00:00:00.000,,A19-206312
008604,4,AVAILABLE,NOV.2019,DOG,PIT BULL,KEEP SAFE,APP SICK,TRANSFER,K19-488947,1,PCD 02,FIELD,P0878525,SCAN CHIP,1,2019-12-06T00:00:00.000,FY2020,MEDICAL,A0874029,CONFISCATED,AR1758,17:02:00,MEDICAL-CONTAGIOUS,16:08:00,2019-12-19T00:00:00.000,APP SICK,,MEDICAL,,2019-11-26T00:00:00.000,,A19-203033
011105,8,UNAVAILABLE,OCT.2019,DOG,AMERICAN STAFF,RETURN30,APP WNL,TRANSFER,K19-485294,1,AD 041,OVER THE COUNTER,P0905835,SCAN CHIP,1,2019-11-24T00:00:00.000,FY2020,NOTRIGHTFT,A0960942,OWNER SURRENDER,BW,14:28:00,GENERAL,13:37:00,2019-12-04T00:00:00.000,APP WNL,,ADOPTION,,2019-10-28T00:00:00.000,DFW MEGA,A19-201641
006401,1,IMPOUNDED,FEB.2020,DOG,SHIH TZU,AT LARGE,APP WNL,RETURNED TO OWNER,K20-497100,1,RECEIVING,SWEEP,P9991721,UNABLE TO SCAN,1,2020-02-07T00:00:00.000,FY2020,OTHER,A1095425,STRAY,JMK1721,11:50:00,FIELD,11:53:00,2020-02-07T00:00:00.000,APP WNL,,,,2020-02-07T00:00:00.000,,A20-212480
004201,1,IMPOUNDED,DEC.2019,DOG,SHIH TZU,AT LARGE,APP WNL,RETURNED TO OWNER,K19-492479,1,RECEIVING,SWEEP,P9991704,SCAN NO CHIP,1,2020-01-03T00:00:00.000,FY2020,OTHER,A1092094,STRAY,SC1704,12:21:00,FIELD,12:29:00,2019-12-30T00:00:00.000,APP WNL,,,,2019-12-30T00:00:00.000,,A19-207589
007825,10,UNAVAILABLE,OCT.2019,DOG,AMER BULLDOG,QUARANTINE,APP WNL,RETURNED TO OWNER,K19-485228,1,QD 15,FIELD,P0905721,UNABLE TO SCAN,1,2019-11-06T00:00:00.000,FY2020,OTHRINTAKS,A1086794,CONFISCATED,SP1782,18:50:00,FIELD,14:55:00,2019-10-28T00:00:00.000,APP WNL,R19-558023,QUARANTINE,,2019-10-27T00:00:00.000,TRANSFER,A19-198901
020500,6,UNAVAILABLE,DEC.2019,DOG,LABRADOR RETR,HEART WORM,APP WNL,TREATMENT,K19-490985,1,INJD 008,OVER THE COUNTER,P0900213,SCAN CHIP,1,2019-12-17T00:00:00.000,FY2020,MEDICAL,A1080725,TREATMENT,LS,09:01:00,COMPLETED,16:43:00,2019-12-17T00:00:00.000,APP SICK,,MEDICAL,,2019-12-16T00:00:00.000,HWT 2&3/INJ 8B,
006800,1,RELEASED FROM QUARANTINE,JAN.2020,DOG,LABRADOR RETR,QUARANTINE,APP WNL,RETURNED TO OWNER,K20-494884,1,QD 05,OVER THE COUNTER,P0915511,SCAN CHIP,4,2020-01-24T00:00:00.000,FY2020,OTHRINTAKS,A1093497,CONFISCATED,CDM,09:57:00,WALK IN,14:15:00,2020-01-24T00:00:00.000,APP WNL,R20-563297,QUARANTINE,,2020-01-20T00:00:00.000,RETURNED TO OWNER,A20-209695
,,IMPOUNDED,NOV.2019,DOG,DOBERMAN PINSCH,WEB,NORMAL,LOST EXP,K19-487770,1,LOST,,P0908177,,0,2019-11-17T00:00:00.000,FY2020,,A1088632,STRAY,WEB,10:25:00,OTHER,00:00:00,2019-12-18T00:00:00.000,,,,,2019-11-17T00:00:00.000,,
011702,5,UNAVAILABLE,DEC.2019,DOG,GERM SHEPHERD,AT LARGE,APP WNL,ADOPTION,K19-490865,1,DC 03,FIELD,P9991764,SCAN NO CHIP,1,2019-12-18T00:00:00.000,FY2020,OTHRINTAKS,A1090938,STRAY,MO1764,13:55:00,WALK IN,15:41:00,2019-12-18T00:00:00.000,APP WNL,R19-560943,ADOP RESCU,,2019-12-14T00:00:00.000,PRE ADOPTED,A19-205688
005000,1,IMPOUNDED,AUG.2020,CAT,DOMESTIC MH,AT LARGE,APP SICK,EUTHANIZED,K20-510503,1,LAB 01,FIELD,P0934295,SCAN NO CHIP,1,2020-08-05T00:00:00.000,FY2020,OTHER,A1105537,STRAY,DBB1715,21:52:00,HUMANE,22:42:00,2020-08-05T00:00:00.000,APP SICK,,,,2020-08-05T00:00:00.000,,A20-232560
005300,1,IMPOUNDED,FEB.2020,DOG,GERM SHEPHERD,AT LARGE,APP WNL,RETURNED TO OWNER,K20-497110,1,RECEIVING,SWEEP,P9991721,UNABLE TO SCAN,1,2020-02-07T00:00:00.000,FY2020,OTHER,A1043149,STRAY,JMK 1721,12:35:00,FIELD,12:37:00,2020-02-07T00:00:00.000,APP WNL,,,,2020-02-07T00:00:00.000,,A20-212490
011800,5,IMPOUNDED,DEC.2019,DOG,CANE CORSO,AT LARGE,APP WNL,RETURNED TO OWNER,K19-491187,1,LFD 133,SWEEP,P9991704,SCAN CHIP,1,2019-12-24T00:00:00.000,FY2020,OTHER,A1091155,STRAY,SC1704,09:17:00,WALK IN,12:52:00,2019-12-19T00:00:00.000,APP WNL,R19-561150,,,2019-12-18T00:00:00.000,,A19-206266
020500,6,UNAVAILABLE,JAN.2020,DOG,BORDER COLLIE,HEART WORM,APP WNL,TREATMENT,K20-493980,1,INJD 010,OVER THE COUNTER,P0903951,SCAN CHIP,1,2020-01-12T00:00:00.000,FY2020,OTHRINTAKS,A1082378,TREATMENT,CDM,09:13:00,COMPLETED,17:31:00,2020-01-12T00:00:00.000,APP SICK,,,,2020-01-12T00:00:00.000,1ST HWT/INJ 10B,
016520,3,IMPOUNDED,DEC.2019,DOG,IRISH WOLFHOUND,AT LARGE,APP WNL,RETURNED TO OWNER,K19-491382,1,RECEIVING,SWEEP,P9991772,UNABLE TO SCAN,1,2019-12-19T00:00:00.000,FY2020,OTHER,A1091270,STRAY,RO1772,13:00:00,FIELD,13:00:00,2019-12-19T00:00:00.000,APP WNL,,,,2019-12-19T00:00:00.000,,A19-206428
007811,10,UNAVAILABLE,DEC.2019,DOG,PIT BULL,CONFINED,APP WNL,ADOPTION,K19-491856,1,AD 019,FIELD,P9991210,SCAN CHIP,1,2019-12-30T00:00:00.000,FY2020,OTHRINTAKS,A1090935,STRAY,BT1210,18:37:00,WALK IN,14:27:00,2019-12-30T00:00:00.000,APP WNL,R19-561789,ADOP RESCU,,2019-12-23T00:00:00.000,,A19-206928
,,IMPOUNDED,NOV.2019,DOG,GERM SHEPHERD,WEB,NORMAL,LOST EXP,K19-487905,1,LOST,,P0908336,,0,2019-11-18T00:00:00.000,FY2020,,A1088747,STRAY,WEB,13:25:00,OTHER,00:00:00,2019-12-19T00:00:00.000,,,,,2019-11-12T00:00:00.000,,
003400,7,UNAVAILABLE,FEB.2020,DOG,PIT BULL,AT LARGE,APP WNL,ADOPTION,K20-497377,1,VIP23,FIELD,P0918367,SCAN NO CHIP,1,2020-02-14T00:00:00.000,FY2020,OTHRINTAKS,A1095641,STRAY,SPB1782,11:08:00,WESTMORELD,15:05:00,2020-03-17T00:00:00.000,APP WNL,R20-566254,ADOP RESCU,,2020-02-10T00:00:00.000,,A20-212801
011601,8,UNAVAILABLE,DEC.2019,CAT,DOMESTIC SH,CONFINED,APP WNL,ADOPTION,K19-491968,1,CC 29,FIELD,P0903423,UNABLE TO SCAN,1,2019-12-29T00:00:00.000,FY2020,OTHRINTAKS,A1091718,STRAY,MO1764,09:38:00,WALK IN,16:24:00,2019-12-30T00:00:00.000,APP WNL,R19-561520,ADOPTION,,2019-12-25T00:00:00.000,PRE ADOPTED,A19-207033
006800,1,AVAILABLE,DEC.2019,DOG,AM PIT BULL TER,AT LARGE,APP WNL,TRANSFER,K19-491323,1,LFSD 16,OVER THE COUNTER,P0912094,SCAN NO CHIP,1,2019-12-18T00:00:00.000,FY2020,OTHRINTAKS,A1091237,STRAY,DL,17:34:00,GENERAL,10:33:00,2019-12-19T00:00:00.000,APP WNL,,ADOP RESCU,,2019-12-18T00:00:00.000,TAGGED,
010902,8,IMPOUNDED,NOV.2019,CAT,DOMESTIC SH,CONFINED,APP WNL,TRANSFER,K19-488452,1,K14,FIELD,P0799764,SCAN NO CHIP,1,2019-11-22T00:00:00.000,FY2020,OTHRINTAKS,A1089140,STRAY,AR1758,14:35:00,UNDERAGE,09:51:00,2019-12-20T00:00:00.000,UNDERAGE,,EMERGENCY RESCUE,,2019-11-22T00:00:00.000,FOSTER,A19-202553
005000,1,IMPOUNDED,DEC.2019,DOG,AM PIT BULL TER,GENERAL,APP WNL,ADOPTION,K19-492058,1,DC 18,FIELD,P0052951,SCAN NO CHIP,1,2019-12-30T00:00:00.000,FY2020,OTHER,A1091787,OWNER SURRENDER,DB,11:20:00,WALK IN,18:24:00,2019-12-30T00:00:00.000,APP WNL,R19-561720,ADOP RESCU,,2019-12-26T00:00:00.000,PRE-ADOPTED,A19-207128
019018,10,IMPOUNDED,DEC.2019,DOG,CHIHUAHUA SH,CONFINED,APP WNL,ADOPTION,K19-492092,1,CC 03,FIELD,P9991764,SCAN NO CHIP,1,2019-12-30T00:00:00.000,FY2020,OTHRINTAKS,A1091814,STRAY,MO1764,15:27:00,WALK IN,16:52:00,2019-12-30T00:00:00.000,APP WNL,R19-561642,ADOPTION,,2019-12-26T00:00:00.000,PREADOPTED,A19-207162
011101,8,UNAVAILABLE,JUN.2020,CAT,DOMESTIC SH,CONFINED,APP WNL,TRANSFER,K20-507390,1,N05,FIELD,P0930249,SCAN NO CHIP,1,2020-06-19T00:00:00.000,FY2020,OTHER,A1103158,STRAY,TPB8456,10:43:00,UNDERAGE,15:11:00,2020-06-20T00:00:00.000,UNDERAGE,,NEONATE,,2020-06-19T00:00:00.000,,A20-227483
009103,5,UNAVAILABLE,JAN.2020,DOG,LABRADOR RETR,RETURN,APP WNL,TRANSFER,K20-494027,1,VIP11,FIELD,P0025512,SCAN NO CHIP,3,2020-01-12T00:00:00.000,FY2020,OTHRINTAKS,A1086891,FOSTER,EP1751,13:46:00,TRANSPORT,13:47:00,2020-01-12T00:00:00.000,APP WNL,,ADOP RESCU,,2020-01-12T00:00:00.000,FOSTER TO TRANSPORT,A19-198908
011601,8,IMPOUNDED,DEC.2019,DOG,ROTTWEILER,AT LARGE,APP WNL,RETURNED TO OWNER,K19-491177,1,RECEIVING,SWEEP,P9991704,SCAN CHIP,1,2029-12-22T00:00:00.000,FY2020,OTHER,A1021489,STRAY,SC1704,07:24:00,FIELD,07:25:00,2019-12-18T00:00:00.000,APP WNL,,,,2019-12-18T00:00:00.000,,A19-206249
003700,7,UNAVAILABLE,FEB.2020,DOG,PIT BULL,AT LARGE,APP WNL,RETURNED TO OWNER,K20-496720,1,DC 01,FIELD,P0917697,UNABLE TO SCAN,1,2020-02-08T00:00:00.000,FY2020,OTHRINTAKS,A1095165,STRAY,SRM1774,09:42:00,WALK IN,18:28:00,2020-02-07T00:00:00.000,APP WNL,R20-564078,RESCU ONLY,,2020-02-04T00:00:00.000,,A20-212044
011701,5,IMPOUNDED,DEC.2019,DOG,CHIHUAHUA SH,AT LARGE,APP WNL,RETURNED TO OWNER,K19-491212,1,RECEIVING,SWEEP,P9991704,SCAN CHIP,1,2019-12-22T00:00:00.000,FY2020,OTHER,A1091166,STRAY,SC1704,10:57:00,FIELD,10:58:00,2019-12-18T00:00:00.000,APP WNL,,,,2019-12-18T00:00:00.000,,A19-206271
000601,13,IMPOUNDED,DEC.2019,CAT,DOMESTIC SH,AT LARGE,APP WNL,TRANSFER,K19-491821,1,LFC 037,OVER THE COUNTER,P0881678,UNABLE TO SCAN,1,2019-12-28T00:00:00.000,FY2020,OTHRINTAKS,A1091605,STRAY,BW,13:37:00,SPAY NEUTER NETWORK,10:03:00,2019-12-30T00:00:00.000,APP WNL,,SPAY NEUTER NETWORK,,2019-12-23T00:00:00.000,,
004000,7,UNAVAILABLE,DEC.2019,DOG,LABRADOR RETR,GENERAL,APP WNL,ADOPTION,K19-491906,1,FAM GP 04,OVER THE COUNTER,P0912812,SCAN NO CHIP,1,2019-12-24T00:00:00.000,FY2020,HOUSING,A1091669,OWNER SURRENDER,CBU,12:46:00,WALK IN,10:06:00,2019-12-30T00:00:00.000,APP WNL,R19-561718,ADOP RESCU,,2019-12-24T00:00:00.000,ADOPTED,
011105,8,LAB,JAN.2020,DOG,CHOW CHOW,QUARANTINE,CRITICAL,EUTHANIZED,K20-493971,1,QD 05,FIELD,P0841216,SCAN NO CHIP,1,2020-01-12T00:00:00.000,FY2020,MEDICAL,A1093125,OWNER SURRENDER,EP1751,00:51:00,BITE,10:59:00,2020-01-12T00:00:00.000,CRITICAL,,RABIES SPECIMEN,,2020-01-12T00:00:00.000,,A20-209196
009304,8,AVAILABLE,DEC.2019,CAT,DOMESTIC SH,TREATMENT,APP SICK,FOSTER,K19-491207,1,F4,OVER THE COUNTER,P0905229,SCAN NO CHIP,1,2019-12-18T00:00:00.000,FY2020,MEDICAL,A1089906,FOSTER,AC,10:51:00,TREATMENT,15:03:00,2019-12-18T00:00:00.000,APP SICK,,RESC FOSTR,,2019-12-18T00:00:00.000,FOSTER,A19-203808
010703,3,IMPOUNDED,DEC.2019,DOG,YORKSHIRE TERR,AT LARGE,APP WNL,RETURNED TO OWNER,K19-491372,1,RECEIVING,SWEEP,P9991772,UNABLE TO SCAN,1,2019-12-19T00:00:00.000,FY2020,OTHER,A1091263,STRAY,RO1772,11:40:00,FIELD,11:40:00,2019-12-19T00:00:00.000,APP WNL,,,,2019-12-19T00:00:00.000,,A19-206421
020500,6,UNAVAILABLE,DEC.2019,CAT,DOMESTIC SH,TREATMENT,UNKNOWN,FOSTER,K19-490817,1,FOSTER,OVER THE COUNTER,P0017761,SCAN NO CHIP,1,2019-12-14T00:00:00.000,FY2020,MEDICAL,A1081888,FOSTER,CW,09:51:00,TREATMENT,15:57:00,2019-12-14T00:00:00.000,APP WNL,,ADOP RESCU,,2019-12-14T00:00:00.000,FOSTER,
011800,5,UNAVAILABLE,DEC.2019,DOG,SIBERIAN HUSKY,AT LARGE,APP WNL,ADOPTION,K19-491882,1,DC 17,OVER THE COUNTER,P0714458,SCAN NO CHIP,1,2019-12-29T00:00:00.000,FY2020,OTHRINTAKS,A1091651,STRAY,DL,10:38:00,WALK IN,17:27:00,2019-12-30T00:00:00.000,APP WNL,R19-561552,ADOPTION,,2019-12-24T00:00:00.000,PRE ADOPTED,
020500,6,AVAILABLE,JAN.2020,WILDLIFE,HAMSTER,GENERAL,APP WNL,TRANSFER,K20-494819,1,OFFICE,OVER THE COUNTER,P0000000,SCAN NO CHIP,1,2020-01-18T00:00:00.000,FY2020,OTHRINTAKS,A1093717,OWNER SURRENDER,DL,14:02:00,UNDERAGE,17:24:00,2020-01-24T00:00:00.000,APP WNL,,RESC FOSTR,,2020-01-18T00:00:00.000,ADOPTION PENDING,
011701,5,IMPOUNDED,JAN.2020,DOG,ROTTWEILER,AT LARGE,APP WNL,RETURNED TO OWNER,K20-495367,1,RECEIVING,FIELD,P9991764,SCAN NO CHIP,1,2020-01-24T00:00:00.000,FY2020,OTHRINTAKS,A1094137,STRAY,MO1764,10:43:00,FIELD,10:58:00,2020-01-24T00:00:00.000,APP WNL,,,,2020-01-24T00:00:00.000,,A20-210531
,,UNAVAILABLE,SEP.2020,CAT,DOMESTIC SH,SPAY/NEUT,APP WNL,TREATMENT,K20-513757,1,CC 28,OVER THE COUNTER,P0615980,SCAN NO CHIP,1,2020-09-29T00:00:00.000,FY2020,MEDICAL,A1104850,TREATMENT,VMJ,08:52:00,COMPLETED,16:46:00,2020-09-29T00:00:00.000,APP WNL,,NEONATE,,2020-09-29T00:00:00.000,,
010805,3,AVAILABLE,NOV.2019,CAT,DOMESTIC SH,AT LARGE,UNDERAGE,FOSTER,K19-487346,1,FOSTER,OVER THE COUNTER,P0907752,UNABLE TO SCAN,1,2019-11-13T00:00:00.000,FY2020,OTHRINTAKS,A1088325,STRAY,DL,15:42:00,UNDERAGE,17:26:00,2019-11-26T00:00:00.000,APP WNL,,RESC FOSTR,,2019-11-13T00:00:00.000,FOSTER,
010500,6,UNAVAILABLE,DEC.2019,DOG,ROTTWEILER,GENERAL,APP WNL,ADOPTION,K19-489807,1,VIP20,FIELD,P0641582,SCAN NO CHIP,1,2019-12-05T00:00:00.000,FY2020,PERSNLISSU,A1090124,OWNER SURRENDER,MRY1776,12:46:00,WALK IN,14:47:00,2019-12-19T00:00:00.000,APP WNL,R19-561165,ADOP RESCU,,2019-12-05T00:00:00.000,ADOPTED,A19-204237
008802,4,UNAVAILABLE,DEC.2019,DOG,CHIHUAHUA SH,AT LARGE,APP WNL,ADOPTION,K19-491988,1,CC 01,SWEEP,P9991772,SCAN NO CHIP,1,2019-12-29T00:00:00.000,FY2020,OTHER,A1091733,STRAY,RO1772,13:38:00,PROMOTION,16:25:00,2019-12-30T00:00:00.000,APP WNL,R19-561558,ADOPTION,,2019-12-25T00:00:00.000,PRE-ADOPTED,A19-207070
020500,6,IMPOUNDED,JAN.2020,WILDLIFE,HAMSTER,GENERAL,APP WNL,DIED,K20-493501,1,FAM GP 04,OVER THE COUNTER,P0000000,SCAN NO CHIP,1,2020-01-07T00:00:00.000,FY2020,OTHRINTAKS,A1092800,OWNER SURRENDER,DL,18:32:00,IN KENNEL,08:56:00,2020-01-12T00:00:00.000,UNDERAGE,,RESC FOSTR,,2020-01-07T00:00:00.000,,
003901,7,UNAVAILABLE,JAN.2020,DOG,PIT BULL,GENERAL,APP WNL,ADOPTION,K20-494476,1,AD 048,FIELD,P0915479,SCAN NO CHIP,1,2020-01-15T00:00:00.000,FY2020,HOUSING,A1093479,OWNER SURRENDER,AV1171,23:45:00,WALK IN,18:48:00,2020-01-24T00:00:00.000,APP WNL,R20-563324,ADOP RESCU,,2020-01-15T00:00:00.000,ADOPTED,A20-209652
004300,6,IMPOUNDED,DEC.2019,CAT,DOMESTIC SH,AT LARGE,UNDERAGE,FOSTER,K19-491157,1,FOSTER,OVER THE COUNTER,P0911942,SCAN NO CHIP,1,2019-12-17T00:00:00.000,FY2020,OTHRINTAKS,A1091135,STRAY,EV,16:39:00,UNDERAGE,20:06:00,2019-12-17T00:00:00.000,APP WNL,,RESC FOSTR,,2019-12-17T00:00:00.000,FOSTER,
005400,4,IMPOUNDED,DEC.2019,DOG,CANE CORSO,AT LARGE,APP WNL,RETURNED TO OWNER,K19-491179,1,RECEIVING,SWEEP,P9991772,UNABLE TO SCAN,1,2019-12-18T00:00:00.000,FY2020,OTHER,A1091152,STRAY,RO1772,08:14:00,FIELD,08:14:00,2019-12-18T00:00:00.000,APP WNL,,,,2019-12-18T00:00:00.000,,A19-206253
020500,6,UNAVAILABLE,JAN.2020,CAT,DOMESTIC SH,GENERAL,APP WNL,ADOPTION,K20-495062,1,PSCAT 01,OVER THE COUNTER,P0826904,SCAN CHIP,1,2020-01-21T00:00:00.000,FY2020,NOTRIGHTFT,A1059451,OWNER SURRENDER,DL,17:35:00,EAC,18:43:00,2020-01-24T00:00:00.000,APP WNL,R20-563325,ADOP RESCU,,2020-01-21T00:00:00.000,ADOPT,
,,IMPOUNDED,FEB.2020,DOG,RAT TERRIER,WEB,NORMAL,FOUND EXP,K20-497940,1,FOUND,,P0918915,,0,2020-02-15T00:00:00.000,FY2020,,A1096061,STRAY,WEB,11:25:00,OTHER,00:00:00,2020-03-17T00:00:00.000,,,,,2020-02-14T00:00:00.000,,
017003,8,AVAILABLE,MAR.2020,DOG,PIT BULL,AT LARGE,APP WNL,FOSTER,K20-499594,1,LFD 009,FIELD,P9991736,SCAN NO CHIP,1,2020-03-05T00:00:00.000,FY2020,OTHRINTAKS,A1097335,STRAY,TMB1736,13:51:00,SHORT TERM,17:58:00,2020-03-17T00:00:00.000,APP WNL,,MEDICAL,,2020-03-01T00:00:00.000,,A20-215218
007809,9,UNAVAILABLE,NOV.2019,CAT,DOMESTIC SH,QUARANTINE,APP WNL,RETURNED TO OWNER,K19-489288,1,QC 07,FIELD,P0909820,SCAN CHIP,1,2019-12-08T00:00:00.000,FY2020,OTHRINTAKS,A1089754,CONFISCATED,ER1768,20:21:00,FIELD,14:56:00,2019-12-06T00:00:00.000,APP SICK,R19-560410,QUARANTINE,,2019-11-30T00:00:00.000,,A19-203474
,,AVAILABLE,JUN.2020,CAT,DOMESTIC SH,RETURN,APP WNL,ADOPTION,K20-507467,1,CC 35,OVER THE COUNTER,P0561433,SCAN NO CHIP,1,2020-06-20T00:00:00.000,FY2020,OTHRINTAKS,A1100913,FOSTER,GDG,12:59:00,IN FOSTER,12:59:00,2020-06-20T00:00:00.000,APP WNL,R20-568227,ADOP RESCU,,2020-06-20T00:00:00.000,,
010602,6,UNAVAILABLE,DEC.2019,DOG,PIT BULL,AT LARGE,APP WNL,ADOPTION,K19-491532,1,DC 20,FIELD,P9991171,SCAN NO CHIP,1,2019-12-24T00:00:00.000,FY2020,OTHRINTAKS,A1091383,STRAY,AV1171,19:00:00,PROMOTION,16:21:00,2019-12-30T00:00:00.000,APP WNL,R19-561823,ADOP RESCU,,2019-12-20T00:00:00.000,USE CAUTION,A19-206618
007804,10,UNAVAILABLE,DEC.2019,DOG,PIT BULL,GENERAL,APP WNL,ADOPTION,K19-490276,1,AD 090,FIELD,P0910840,SCAN NO CHIP,1,2019-12-09T00:00:00.000,FY2020,BEHAVIOR,A1090469,OWNER SURRENDER,SM1774,15:10:00,WALK IN,19:03:00,2019-12-19T00:00:00.000,APP WNL,R19-561184,ADOP RESCU,,2019-12-09T00:00:00.000,ADOPTED,A19-204861
031712,12,UNAVAILABLE,DEC.2019,DOG,GOLDEN RETR,GENERAL,APP WNL,ADOPTION,K19-491740,1,DC 24,OVER THE COUNTER,P0912595,SCAN CHIP,1,2019-12-29T00:00:00.000,FY2020,NOTRIGHTFT,A1091528,OWNER SURRENDER,BW,15:44:00,PROMOTION,16:12:00,2019-12-30T00:00:00.000,APP WNL,R19-561377,ADOP RESCU,,2019-12-22T00:00:00.000,PRE ADOPT,
002400,2,UNAVAILABLE,MAY.2020,DOG,LABRADOR RETR,OTC,APP SICK,TRANSFER,K20-504438,1,DC 20,OVER THE COUNTER,P0926777,SCAN NO CHIP,1,2020-05-08T00:00:00.000,FY2020,OTHRINTAKS,A1100935,STRAY,SDW,16:49:00,GENERAL,15:49:00,2020-05-09T00:00:00.000,APP WNL,,ADOP RESCU,,2020-05-08T00:00:00.000,,
020500,6,UNAVAILABLE,JAN.2020,CAT,DOMESTIC SH,GENERAL,APP WNL,ADOPTION,K20-494013,1,PSCAT 17,OVER THE COUNTER,P0773152,SCAN NO CHIP,1,2020-01-12T00:00:00.000,FY2020,OTHER,A1086331,FOSTER,JD,13:04:00,EAC,15:47:00,2020-01-12T00:00:00.000,APP WNL,R20-562720,ADOP RESCU,,2020-01-12T00:00:00.000,ADOPTED,
016701,8,UNAVAILABLE,DEC.2019,CAT,DOMESTIC SH,GENERAL,APP WNL,ADOPTION,K19-492311,1,CC 33,OVER THE COUNTER,P0913319,SCAN NO CHIP,1,2019-12-28T00:00:00.000,FY2020,PERSNLISSU,A1091968,OWNER SURRENDER,JZ,14:36:00,WALK IN,17:05:00,2019-12-30T00:00:00.000,APP WNL,R19-561770,ADOP RESCU,,2019-12-28T00:00:00.000,ADOPTED,
013617,12,IMPOUNDED,AUG.2020,DOG,COLLIE ROUGH,CONFINED,APP WNL,RETURNED TO OWNER,K20-510429,1,LFD 018,FIELD,P0934198,SCAN NO CHIP,1,2020-08-08T00:00:00.000,FY2020,OTHER,A1105457,STRAY,VJD1770,18:59:00,WESTMORELD,12:24:00,2020-08-05T00:00:00.000,APP WNL,,ADOP RESCU,,2020-08-04T00:00:00.000,,A20-232441
011602,8,AVAILABLE,DEC.2019,DOG,PIT BULL,GENERAL,APP WNL,ADOPTION,K19-490886,1,AD 045,FIELD,P0911637,SCAN NO CHIP,1,2019-12-14T00:00:00.000,FY2020,BEHAVIOR,A1087723,OWNER SURRENDER,EP1751,19:28:00,OFFSITE,16:29:00,2019-12-19T00:00:00.000,APP WNL,R19-561188,ADOP RESCU,,2019-12-14T00:00:00.000,,A19-205714
010602,6,IMPOUNDED,MAR.2020,DOG,GREAT PYRENEES,AT LARGE,APP WNL,RETURNED TO OWNER,K20-501340,1,RECEIVING,OPS,P9991718,SCAN CHIP,1,2020-03-17T00:00:00.000,FY2020,OTHER,A1038528,STRAY,MGB1718,08:16:00,FIELD,08:17:00,2020-03-17T00:00:00.000,APP WNL,,,,2020-03-17T00:00:00.000,,A20-217142
016701,8,UNAVAILABLE,FEB.2020,DOG,PIT BULL,CONFINED,APP WNL,ADOPTION,K20-498406,1,LFSD 12,FIELD,P9991751,SCAN NO CHIP,1,2020-02-23T00:00:00.000,FY2020,OTHRINTAKS,A1096431,STRAY,MAC8447,23:52:00,WALK IN,15:44:00,2020-02-26T00:00:00.000,APP WNL,R20-565119,ADOP RESCU,,2020-02-19T00:00:00.000,,A20-214053
020500,6,LAB,DEC.2019,DOG,CAIRN TERRIER,RETURN30,APP WNL,EUTHANIZED,K19-492305,1,QD 25,OVER THE COUNTER,P0910743,SCAN CHIP,1,2020-01-07T00:00:00.000,FY2020,BEHAVIOR,A0993262,OWNER SURRENDER,JZ,13:53:00,BITE,14:27:00,2019-12-30T00:00:00.000,APP SICK,,RABIES SPECIMEN,,2019-12-28T00:00:00.000,,A19-207591
020500,6,IMPOUNDED,MAR.2020,DOG,LABRADOR RETR,RETURN,APP WNL,TRANSFER,K20-501379,1,LFD 116,OVER THE COUNTER,P0922122,SCAN CHIP,1,2020-03-17T00:00:00.000,FY2020,OTHRINTAKS,A1098073,FOSTER,DAL,16:04:00,TRANSPORT,17:07:00,2020-03-17T00:00:00.000,APP WNL,,,,2020-03-17T00:00:00.000,,
004000,7,IMPOUNDED,DEC.2019,DOG,CHOW CHOW,AT LARGE,APP WNL,RETURNED TO OWNER,K19-491452,1,RECEIVING,SWEEP,P9991772,UNABLE TO SCAN,1,2019-12-20T00:00:00.000,FY2020,OTHER,A1091317,STRAY,RO1772,09:05:00,FIELD,09:05:00,2019-12-20T00:00:00.000,APP WNL,,,,2019-12-20T00:00:00.000,,A19-206521
020500,6,UNAVAILABLE,OCT.2019,DOG,GREAT PYRENEES,TREATMENT,TREATABLE REHABILITABLE NON-CONTAGIOUS,FOSTER,K19-481798,1,OFFICE,OVER THE COUNTER,P0850427,SCAN NO CHIP,1,2019-10-01T00:00:00.000,FY2020,OTHER,A1083593,FOSTER,AC,12:30:00,TREATMENT,19:08:00,2019-10-01T00:00:00.000,TREATABLE REHABILITABLE NON-CONTAGIOUS,,ADOP RESCU,,2019-10-01T00:00:00.000,FOSTER,A19-194667
005600,4,IMPOUNDED,DEC.2019,DOG,LABRADOR RETR,AT LARGE,APP WNL,RETURNED TO OWNER,K19-491193,1,RECEIVING,SWEEP,P9991772,UNABLE TO SCAN,1,2019-12-18T00:00:00.000,FY2020,OTHER,A1091157,STRAY,RO1772,09:56:00,FIELD,09:56:00,2019-12-18T00:00:00.000,APP WNL,,,,2019-12-18T00:00:00.000,,A19-206268
,,IMPOUNDED,NOV.2019,DOG,POMERANIAN,WEB,NORMAL,LOST EXP,K19-489148,1,LOST,,P0909535,,0,2019-11-29T00:00:00.000,FY2020,,A1089648,STRAY,WEB,13:25:00,OTHER,00:00:00,2019-12-30T00:00:00.000,,,,,2019-11-25T00:00:00.000,,
010601,6,UNAVAILABLE,DEC.2019,DOG,PIT BULL,RETURN30,APP WNL,ADOPTION,K19-491267,1,LFSD 11,OVER THE COUNTER,P0708889,SCAN CHIP,1,2019-12-18T00:00:00.000,FY2020,PERSNLISSU,A1090086,OWNER SURRENDER,BW,13:05:00,WALK IN,17:22:00,2019-12-18T00:00:00.000,APP WNL,R19-561110,ADOP RESCU,,2019-12-18T00:00:00.000,ADOPTION,
010703,6,UNAVAILABLE,DEC.2019,CAT,DOMESTIC SH,QUARANTINE,FATAL,EUTHANIZED,K19-491211,1,QC 05,OVER THE COUNTER,P0541271,SCAN NO CHIP,1,2019-12-28T00:00:00.000,FY2020,OTHRINTAKS,A1091165,STRAY,DL,10:55:00,HUMANE,11:28:00,2019-12-18T00:00:00.000,CRITICAL,,QUARANTINE,,2019-12-18T00:00:00.000,,
011701,5,IMPOUNDED,DEC.2019,DOG,CHIHUAHUA SH,AT LARGE,UNKNOWN,RETURNED TO OWNER,K19-491142,1,RECEIVING,FIELD,P9991230,UNABLE TO SCAN,1,2019-12-17T00:00:00.000,FY2020,OTHRINTAKS,A1091126,STRAY,KH1230,14:33:00,FIELD,14:49:00,2019-12-17T00:00:00.000,UNKNOWN,,,,2019-12-17T00:00:00.000,,A19-206187
001600,14,IMPOUNDED,NOV.2019,DOG,GERM SHEPHERD,AT LARGE,UNDERAGE,FOSTER,K19-487477,1,CC 13,OVER THE COUNTER,P0613378,SCAN NO CHIP,1,2019-11-14T00:00:00.000,FY2020,OTHRINTAKS,A1088414,STRAY,DL,14:42:00,UNDERAGE,17:16:00,2019-11-14T00:00:00.000,APP WNL,,RESC FOSTR,,2019-11-14T00:00:00.000,FOSTER,
020200,8,IMPOUNDED,DEC.2019,DOG,GERM SHEPHERD,AT LARGE,APP WNL,RETURNED TO OWNER,K19-491346,1,RECEIVING,FIELD,P9991776,UNABLE TO SCAN,1,2019-12-19T00:00:00.000,FY2020,OTHRINTAKS,A1091253,STRAY,MRY1776,09:09:00,FIELD,09:11:00,2019-12-19T00:00:00.000,APP WNL,,,,2019-12-19T00:00:00.000,,A19-206392
009609,13,UNAVAILABLE,DEC.2019,DOG,CHIHUAHUA SH,GENERAL,APP WNL,TRANSFER,K19-491633,1,AD 091,OVER THE COUNTER,P0697450,SCAN CHIP,1,2019-12-21T00:00:00.000,FY2020,MEDICAL,A0886845,OWNER SURRENDER,DL,14:15:00,TRANSPORT,13:20:00,2019-12-30T00:00:00.000,APP WNL,,ADOP RESCU,,2019-12-21T00:00:00.000,TAGGED,
011601,8,UNAVAILABLE,DEC.2019,DOG,SCHNAUZER MIN,AT LARGE,APP WNL,ADOPTION,K19-491176,1,LFSD 21,SWEEP,P9991704,SCAN CHIP,1,2019-12-18T00:00:00.000,FY2020,OTHER,A1062517,STRAY,SC1704,07:10:00,WALK IN,13:44:00,2019-12-19T00:00:00.000,APP WNL,R19-561159,MEDICAL,,2019-12-18T00:00:00.000,ADOPTED,A19-206246
017004,8,UNAVAILABLE,JAN.2020,DOG,GERM SHEPHERD,GENERAL,APP WNL,ADOPTION,K20-495283,1,LFD 042,OVER THE COUNTER,P0916273,SCAN NO CHIP,1,2020-01-23T00:00:00.000,FY2020,NOTRIGHTFT,A1094078,OWNER SURRENDER,DL,13:52:00,WALK IN,18:14:00,2020-01-24T00:00:00.000,APP WNL,R20-563318,ADOP RESCU,,2020-01-23T00:00:00.000,ADOPTED,
010102,6,UNAVAILABLE,DEC.2019,DOG,PIT BULL,GENERAL,APP WNL,TRANSFER,K19-491524,1,AD 045,FIELD,P0707678,SCAN NO CHIP,1,2019-12-20T00:00:00.000,FY2020,PERSNLISSU,A1091375,OWNER SURRENDER,CV1710,16:51:00,BEHAVIOR,00:00:00,2019-12-29T00:00:00.000,APP WNL,,RESC FOSTR,,2019-12-20T00:00:00.000,,A19-206602
003902,7,IMPOUNDED,DEC.2019,DOG,YORKSHIRE TERR,AT LARGE,APP WNL,RETURNED TO OWNER,K19-491456,1,RECEIVING,SWEEP,P9991772,UNABLE TO SCAN,1,2019-12-20T00:00:00.000,FY2020,OTHER,A1091321,STRAY,RO1772,09:47:00,FIELD,09:48:00,2019-12-20T00:00:00.000,APP WNL,,,,2019-12-20T00:00:00.000,,A19-206528
010000,6,UNAVAILABLE,DEC.2019,CAT,DOMESTIC SH,CONFINED,APP WNL,ADOPTION,K19-491963,1,CC 22,FIELD,P0912438,UNABLE TO SCAN,2,2019-12-29T00:00:00.000,FY2020,OTHRINTAKS,A1091716,STRAY,CV1710,08:50:00,WALK IN,17:22:00,2019-12-30T00:00:00.000,APP WNL,R19-561634,ADOPTION,,2019-12-25T00:00:00.000,PRE ADOPTED,A19-206975
005902,4,IMPOUNDED,DEC.2019,DOG,POODLE TOY,AT LARGE,APP WNL,RETURNED TO OWNER,K19-491230,1,RECEIVING,SWEEP,P9991772,UNABLE TO SCAN,1,2019-12-18T00:00:00.000,FY2020,OTHER,A1091180,STRAY,RO1772,11:53:00,FIELD,11:53:00,2019-12-18T00:00:00.000,APP WNL,,,,2019-12-18T00:00:00.000,,A19-206297
011601,8,IMPOUNDED,DEC.2019,DOG,ST BERNARD RGH,AT LARGE,APP WNL,RETURNED TO OWNER,K19-491199,1,RECEIVING,FIELD,P9991776,UNABLE TO SCAN,1,2019-12-18T00:00:00.000,FY2020,OTHRINTAKS,A1091160,STRAY,MRY1776,10:21:00,FIELD,10:50:00,2019-12-18T00:00:00.000,APP WNL,,,,2019-12-18T00:00:00.000,,A19-206275
010102,6,IMPOUNDED,DEC.2019,DOG,BORDER COLLIE,GENERAL,UNDERAGE,FOSTER,K19-491154,1,FOSTER,OVER THE COUNTER,P0636519,SCAN NO CHIP,1,2019-12-17T00:00:00.000,FY2020,NOTRIGHTFT,A1091133,OWNER SURRENDER,DL,15:56:00,UNDERAGE,19:53:00,2019-12-17T00:00:00.000,APP WNL,,,,2019-12-17T00:00:00.000,FOSTER,
004300,6,AVAILABLE,DEC.2019,DOG,AM PIT BULL TER,RETURN30,APP WNL,ADOPTION,K19-491578,1,VIP14,OVER THE COUNTER,P0912356,SCAN CHIP,1,2019-12-21T00:00:00.000,FY2020,PERSNLISSU,A1090176,OWNER SURRENDER,CDM,10:00:00,PROMOTION,14:29:00,2020-01-12T00:00:00.000,APP WNL,R20-562705,ADOP RESCU,,2019-12-21T00:00:00.000,ADOPTED,
020500,6,UNAVAILABLE,DEC.2019,CAT,DOMESTIC SH,AT LARGE,APP WNL,ADOPTION,K19-491373,1,LFC 004,OVER THE COUNTER,P0912153,SCAN CHIP,1,2019-12-19T00:00:00.000,FY2020,OTHER,A1090623,STRAY,CDM,11:39:00,WALK IN,12:43:00,2019-12-19T00:00:00.000,APP WNL,R19-561149,ADOPTION,,2019-12-19T00:00:00.000,ADOPTED,
020500,6,UNAVAILABLE,JAN.2020,DOG,GERM SHEPHERD,TREATMENT,APP WNL,FOSTER,K20-495356,1,F1,OVER THE COUNTER,P0598646,SCAN CHIP,1,2020-01-24T00:00:00.000,FY2020,MEDICAL,A1089836,FOSTER,JR,09:31:00,TREATMENT,17:55:00,2020-01-24T00:00:00.000,APP WNL,,RESC FOSTR,,2020-01-24T00:00:00.000,,
020500,6,UNAVAILABLE,DEC.2019,DOG,AM PIT BULL TER,HEART WORM,APP WNL,TREATMENT,K19-491183,1,INJD 012,OVER THE COUNTER,P0664844,SCAN CHIP,1,2019-12-18T00:00:00.000,FY2020,OTHER,A1085941,TREATMENT,SJ,08:48:00,COMPLETED,18:38:00,2019-12-18T00:00:00.000,APP SICK,,MEDICAL,,2019-12-18T00:00:00.000,HWT EVAL/INJ 12B,
010804,3,UNAVAILABLE,DEC.2019,DOG,PIT BULL,AT LARGE,APP WNL,TRANSFER,K19-491102,1,K15,FIELD,P9991736,SCAN NO CHIP,1,2019-12-17T00:00:00.000,FY2020,OTHRINTAKS,A1091089,STRAY,TM1736,10:26:00,UNDERAGE,15:55:00,2019-12-18T00:00:00.000,UNDERAGE,,RESC FOSTR,,2019-12-17T00:00:00.000,TAGGED,A19-206162
008802,4,UNAVAILABLE,DEC.2019,CAT,DOMESTIC SH,AT LARGE,APP WNL,ADOPTION,K19-491220,1,CC 24,OVER THE COUNTER,P0605214,SCAN NO CHIP,1,2019-12-18T00:00:00.000,FY2020,OTHRINTAKS,A1091173,STRAY,CBU,11:12:00,WALK IN,17:32:00,2019-12-19T00:00:00.000,APP WNL,R19-561120,ADOP RESCU,,2019-12-18T00:00:00.000,ADOPTED,
020500,6,UNAVAILABLE,JAN.2020,DOG,PIT BULL,HEART WORM,APP WNL,TREATMENT,K20-495215,1,INJD 009,OVER THE COUNTER,P0910198,SCAN CHIP,1,2020-01-23T00:00:00.000,FY2020,OTHER,A1088780,TREATMENT,SJ,09:03:00,COMPLETED,18:00:00,2020-01-23T00:00:00.000,APP WNL,,,,2020-01-23T00:00:00.000,EVALUATION,
020500,6,AVAILABLE,DEC.2019,CAT,DOMESTIC SH,TREATMENT,UNKNOWN,FOSTER,K19-490818,1,FOSTER,OVER THE COUNTER,P0017761,SCAN NO CHIP,1,2019-12-14T00:00:00.000,FY2020,MEDICAL,A1081889,FOSTER,CW,09:52:00,TREATMENT,15:57:00,2019-12-14T00:00:00.000,APP WNL,,ADOP RESCU,,2019-12-14T00:00:00.000,FOSTER,
031717,12,UNAVAILABLE,JAN.2020,DOG,BOXER,GENERAL,APP WNL,ADOPTION,K20-494816,1,VIP09,OVER THE COUNTER,P0900926,SCAN CHIP,1,2020-01-19T00:00:00.000,FY2020,BEHAVIOR,A1078773,OWNER SURRENDER,SW,13:46:00,WALK IN,16:46:00,2020-01-24T00:00:00.000,APP WNL,R20-563307,ADOP RESCU,,2020-01-19T00:00:00.000,ADOPTED,A19-192736
009303,5,UNAVAILABLE,DEC.2019,CAT,DOMESTIC SH,AT LARGE,APP WNL,ADOPTION,K19-491055,1,CC 21,OVER THE COUNTER,P0911830,SCAN NO CHIP,1,2019-12-16T00:00:00.000,FY2020,OTHRINTAKS,A1091062,STRAY,JR,17:18:00,WALK IN,17:04:00,2019-12-18T00:00:00.000,APP WNL,R19-561059,ADOPTION,,2019-12-16T00:00:00.000,ADOPTED,
005500,4,UNAVAILABLE,DEC.2019,CAT,DOMESTIC SH,GENERAL,APP WNL,FOSTER,K19-490014,1,K14,OVER THE COUNTER,P0627354,SCAN NO CHIP,1,2019-12-07T00:00:00.000,FY2020,PERSNLISSU,A1090283,OWNER SURRENDER,CBU,10:29:00,GENERAL,15:11:00,2019-12-10T00:00:00.000,APP WNL,,RESC FOSTR,,2019-12-07T00:00:00.000,DPA BORROW,
008400,7,AVAILABLE,JAN.2020,DOG,CHIHUAHUA SH,GENERAL,APP WNL,TRANSFER,K20-493902,1,LFSD 02,OVER THE COUNTER,P0690675,SCAN NO CHIP,1,2020-01-11T00:00:00.000,FY2020,PERSNLISSU,A1093070,OWNER SURRENDER,CBU,12:42:00,GENERAL,11:17:00,2020-01-12T00:00:00.000,APP WNL,,ADOP RESCU,,2020-01-11T00:00:00.000,ADOPTION PENDING,
016701,8,AVAILABLE,JAN.2020,DOG,PIT BULL,GENERAL,APP WNL,FOSTER,K20-493865,1,LFD 046,FIELD,P0880544,SCAN NO CHIP,1,2020-01-11T00:00:00.000,FY2020,PERSNLISSU,A1093047,OWNER SURRENDER,CV1710,08:25:00,SHORT TERM,16:46:00,2020-01-12T00:00:00.000,UNKNOWN,,ADOP RESCU,,2020-01-11T00:00:00.000,FOSTER,A20-209044
009202,5,UNAVAILABLE,NOV.2019,DOG,ROTTWEILER,GENERAL,APP WNL,ADOPTION,K19-489248,1,VIP15,OVER THE COUNTER,P0620010,SCAN CHIP,1,2019-12-06T00:00:00.000,FY2020,PERSNLISSU,A1089728,OWNER SURRENDER,DL,13:03:00,OFFSITE,13:44:00,2019-12-17T00:00:00.000,APP WNL,R19-561076,ADOP RESCU,,2019-11-30T00:00:00.000,GALLERIA,
011702,5,UNAVAILABLE,DEC.2019,DOG,PIT BULL,KEEP SAFE DEAD ON ARRIVAL,DEAD,DEAD ON ARRIVAL,K19-492247,1,FREEZER,FIELD,P9991748,SCAN NO CHIP,1,2020-01-06T00:00:00.000,FY2020,OTHRINTAKS,A1091923,CONFISCATED,MK1748,18:25:00,TRANS-INV,08:15:00,2019-12-30T00:00:00.000,DEAD,,CRUELTY,,2019-12-27T00:00:00.000,,A19-207346
,,IMPOUNDED,NOV.2019,DOG,BORDER COLLIE,WEB,NORMAL,LOST EXP,K19-489182,1,LOST,,P0909633,,0,2019-11-29T00:00:00.000,FY2020,,A1089675,STRAY,WEB,18:25:00,OTHER,00:00:00,2019-12-30T00:00:00.000,,,,,2019-11-29T00:00:00.000,,
009303,5,UNAVAILABLE,DEC.2019,CAT,DOMESTIC SH,AT LARGE,APP WNL,TRANSFER,K19-491053,1,LFC 043,OVER THE COUNTER,P0911830,SCAN NO CHIP,1,2019-12-16T00:00:00.000,FY2020,OTHRINTAKS,A1091061,STRAY,JR,17:18:00,SPAY NEUTER NETWORK,09:04:00,2019-12-19T00:00:00.000,APP WNL,,SPAY NEUTER NETWORK,,2019-12-16T00:00:00.000,,
016605,8,UNAVAILABLE,JUN.2020,DOG,PLOTT HOUND,AT LARGE,APP WNL,TRANSFER,K20-506619,1,LFD 120,FIELD,P9991761,SCAN CHIP,1,2020-06-10T00:00:00.000,FY2020,OTHRINTAKS,A1094435,STRAY,DAA1761,10:30:00,TRANSPORT,10:07:00,2020-06-20T00:00:00.000,APP WNL,,ADOP RESCU,,2020-06-09T00:00:00.000,,A20-226388
031706,12,IMPOUNDED,JAN.2020,CAT,DOMESTIC SH,AT LARGE,APP WNL,RETURNED TO OWNER,K20-493941,1,VT 09,OVER THE COUNTER,P0915019,SCAN CHIP,1,2020-01-17T00:00:00.000,FY2020,OTHRINTAKS,A1093100,STRAY,JR,16:21:00,WALK IN,11:08:00,2020-01-12T00:00:00.000,APP WNL,R20-562688,RTP,,2020-01-11T00:00:00.000,RETURNED TO OWNER,
004300,6,IMPOUNDED,DEC.2019,CAT,DOMESTIC SH,AT LARGE,UNDERAGE,FOSTER,K19-491158,1,FOSTER,OVER THE COUNTER,P0911942,SCAN NO CHIP,1,2019-12-17T00:00:00.000,FY2020,OTHRINTAKS,A1091136,STRAY,EV,16:39:00,UNDERAGE,20:06:00,2019-12-17T00:00:00.000,APP WNL,,RESC FOSTR,,2019-12-17T00:00:00.000,FOSTER,
010102,6,UNAVAILABLE,DEC.2019,CAT,DOMESTIC SH,AT LARGE,APP WNL,ADOPTION,K19-490941,1,CC 22,OVER THE COUNTER,P0911689,SCAN NO CHIP,1,2019-12-19T00:00:00.000,FY2020,OTHRINTAKS,A1090993,STRAY,BW,13:35:00,WALK IN,15:27:00,2019-12-19T00:00:00.000,APP WNL,R19-561056,ADOPTION,,2019-12-15T00:00:00.000,PRE ADOPTED,
009103,5,UNAVAILABLE,DEC.2019,DOG,BEAGLE,GENERAL,APP WNL,ADOPTION,K19-492076,1,LFD 118,OVER THE COUNTER,P0718910,SCAN CHIP,1,2019-12-26T00:00:00.000,FY2020,BEHAVIOR,A0922961,OWNER SURRENDER,DL,13:59:00,WALK IN,11:36:00,2019-12-27T00:00:00.000,APP WNL,R19-561618,ADOP RESCU,,2019-12-26T00:00:00.000,ADOPTED,
,,IMPOUNDED,FEB.2020,DOG,PIT BULL,HEART WORM,APP WNL,TREATMENT,K20-499083,1,INJD 010,OVER THE COUNTER,P0914538,SCAN CHIP,1,2020-02-26T00:00:00.000,FY2020,OTHER,A1091259,TREATMENT,NGD,09:22:00,COMPLETED,17:03:00,2020-02-26T00:00:00.000,APP SICK,,MEDICAL,,2020-02-26T00:00:00.000,,
008200,9,IMPOUNDED,DEC.2019,DOG,AUST SHEPHERD,AT LARGE,APP WNL,RETURNED TO OWNER,K19-491336,1,RECEIVING,FIELD,P9991740,UNABLE TO SCAN,1,2019-12-22T00:00:00.000,FY2020,OTHRINTAKS,A1091245,STRAY,WH1740,19:07:00,FIELD,19:08:00,2019-12-18T00:00:00.000,APP WNL,,,,2019-12-18T00:00:00.000,,A19-206370
,,IMPOUNDED,NOV.2019,CAT,DOMESTIC SH,WEB,NORMAL,FOUND EXP,K19-488091,1,FOUND,,P0908512,,0,2019-11-19T00:00:00.000,FY2020,,A1088883,STRAY,WEB,18:25:00,OTHER,00:00:00,2019-12-20T00:00:00.000,,,,,2019-11-19T00:00:00.000,,
005600,4,IMPOUNDED,DEC.2019,DOG,SHIH TZU,AT LARGE,APP WNL,RETURNED TO OWNER,K19-491182,1,RECEIVING,SWEEP,P9991772,SCAN CHIP,1,2019-12-18T00:00:00.000,FY2020,OTHER,A0558401,STRAY,RO1772,08:48:00,FIELD,08:49:00,2019-12-18T00:00:00.000,APP WNL,,,,2019-12-18T00:00:00.000,,A19-206260
020500,6,IMPOUNDED,DEC.2019,DOG,GERM SHEPHERD,SURGERY,APP WNL,FOSTER,K19-491315,1,CC 13,OVER THE COUNTER,P0717648,SCAN NO CHIP,1,2019-12-18T00:00:00.000,FY2020,OTHER,A1088415,FOSTER,OT,17:24:00,SURGERY,17:25:00,2019-12-18T00:00:00.000,APP WNL,,RESC FOSTR,,2019-12-18T00:00:00.000,FOSTER,
009900,6,UNAVAILABLE,DEC.2019,CAT,DOMESTIC SH,CONFINED,APP WNL,TRANSFER,K19-490697,1,LFC 004,FIELD,P9991751,SCAN NO CHIP,2,2019-12-17T00:00:00.000,FY2020,OTHRINTAKS,A1090797,STRAY,EP1751,00:30:00,SPAY NEUTER NETWORK,09:00:00,2019-12-19T00:00:00.000,APP WNL,,SPAY NEUTER NETWORK,,2019-12-13T00:00:00.000,,A19-205324
016703,8,UNAVAILABLE,DEC.2019,DOG,PIT BULL,AT LARGE,APP WNL,ADOPTION,K19-491303,1,LFD 114,OVER THE COUNTER,P0912076,SCAN NO CHIP,1,2019-12-18T00:00:00.000,FY2020,OTHRINTAKS,A1091226,STRAY,DL,16:35:00,PROMOTION,15:11:00,2019-12-19T00:00:00.000,APP WNL,R19-561168,ADOP RESCU,,2019-12-18T00:00:00.000,ADOPTED,
011500,7,UNAVAILABLE,DEC.2019,DOG,PIT BULL,AT LARGE,APP SICK,ADOPTION,K19-491857,1,CC 06,FIELD,P9991780,SCAN NO CHIP,1,2019-12-28T00:00:00.000,FY2020,OTHRINTAKS,A1091632,STRAY,AK1780,18:42:00,WALK IN,16:25:00,2019-12-30T00:00:00.000,APP WNL,R19-561706,ADOP RESCU,,2019-12-23T00:00:00.000,ADOPTED,A19-206921
010101,6,UNAVAILABLE,DEC.2019,DOG,ENG BULLDOG,KEEP SAFE,APP WNL,ADOPTION,K19-490237,1,DC 07,FIELD,P9991758,SCAN NO CHIP,1,2019-12-19T00:00:00.000,FY2020,OTHRINTAKS,A1090448,CONFISCATED,AR1758,11:13:00,PROMOTION,16:28:00,2019-12-19T00:00:00.000,APP WNL,R19-560784,ADOP RESCU,,2019-12-09T00:00:00.000,PRE-ADOPTION,A19-204847
009201,5,IMPOUNDED,DEC.2019,DOG,LABRADOR RETR,AT LARGE,APP WNL,RETURNED TO OWNER,K19-492450,1,RECEIVING,SWEEP,P9991704,SCAN NO CHIP,1,2020-01-03T00:00:00.000,FY2020,OTHER,A1048476,STRAY,SC1704,09:50:00,FIELD,09:50:00,2019-12-30T00:00:00.000,APP WNL,,,,2019-12-30T00:00:00.000,,A19-207558
019208,11,UNAVAILABLE,JAN.2020,DOG,PIT BULL,AT LARGE,APP WNL,ADOPTION,K20-495180,1,LFD 085,OVER THE COUNTER,P0916179,SCAN NO CHIP,1,2020-01-24T00:00:00.000,FY2020,OTHRINTAKS,A1094005,STRAY,BW,16:09:00,WALK IN,09:22:00,2020-01-24T00:00:00.000,APP WNL,R20-563240,ADOP RESCU,,2020-01-22T00:00:00.000,PRE-ADOPTION,
,,IMPOUNDED,NOV.2019,DOG,CHIHUAHUA SH,WEB,NORMAL,LOST EXP,K19-487958,1,LOST,,P0908408,,0,2019-11-19T00:00:00.000,FY2020,,A1088798,STRAY,WEB,01:25:00,OTHER,00:00:00,2019-12-20T00:00:00.000,,,,,2019-11-18T00:00:00.000,,
006900,1,IMPOUNDED,DEC.2019,DOG,CHIHUAHUA SH,AT LARGE,APP WNL,RETURNED TO OWNER,K19-491364,1,RECEIVING,FIELD,P9991723,SCAN NO CHIP,1,2019-12-23T00:00:00.000,FY2020,OTHRINTAKS,A1091255,STRAY,MW1723,10:25:00,FIELD,10:30:00,2019-12-19T00:00:00.000,APP WNL,,,,2019-12-19T00:00:00.000,,A19-206414
008100,9,IMPOUNDED,DEC.2019,WILDLIFE,OPOSSUM,INJURED,APP SICK,EUTHANIZED,K19-492480,1,RECEIVING,FIELD,P0913546,WILDLIFE - UNABEL TO SCAN,1,2019-12-30T00:00:00.000,FY2020,OTHRINTAKS,A1092093,WILDLIFE,SM1774,12:28:00,HUMANE,13:13:00,2019-12-30T00:00:00.000,APP INJ,,,,2019-12-30T00:00:00.000,,A19-207585
011300,8,UNAVAILABLE,DEC.2019,DOG,CHIHUAHUA SH,GENERAL,APP WNL,ADOPTION,K19-492497,1,SMD04,OVER THE COUNTER,P0913574,SCAN CHIP,1,2019-12-30T00:00:00.000,FY2020,HOUSING,A1092105,OWNER SURRENDER,CBU,14:00:00,WALK IN,16:43:00,2019-12-30T00:00:00.000,APP WNL,R19-561919,ADOPTION,,2019-12-30T00:00:00.000,ADOPTION,
011300,8,UNAVAILABLE,DEC.2019,DOG,LABRADOR RETR,CONFINED,APP WNL,ADOPTION,K19-491993,1,DC 09,FIELD,P0526265,SCAN NO CHIP,1,2019-12-29T00:00:00.000,FY2020,OTHRINTAKS,A1091738,STRAY,TM1736,15:00:00,WALK IN,17:17:00,2019-12-30T00:00:00.000,APP WNL,R19-561643,ADOP RESCU,,2019-12-25T00:00:00.000,PRE ADOPTED,A19-207079
010801,3,UNAVAILABLE,DEC.2019,WILDLIFE,RABBIT SH,GENERAL,APP WNL,ADOPTION,K19-490721,1,HABITAT,OVER THE COUNTER,P0688754,SCAN NO CHIP,1,2019-12-13T00:00:00.000,FY2020,PERSNLISSU,A1090817,OWNER SURRENDER,DL,11:08:00,EAC,19:42:00,2019-12-19T00:00:00.000,APP WNL,R19-561191,ADOP RESCU,,2019-12-13T00:00:00.000,ADOPT,
020500,6,UNAVAILABLE,DEC.2019,DOG,PIT BULL,HEART WORM,APP WNL,TREATMENT,K19-491347,1,INJD 002,OVER THE COUNTER,P0909109,SCAN NO CHIP,1,2019-12-19T00:00:00.000,FY2020,OTHRINTAKS,A1087541,TREATMENT,EV,09:16:00,NTCOMPLETE,18:47:00,2019-12-19T00:00:00.000,APP WNL,,,,2019-12-19T00:00:00.000,,A19-200011
005600,4,AVAILABLE,NOV.2019,DOG,ALASKAN HUSKY,AT LARGE,APP WNL,TRANSFER,K19-489237,1,AD 018,FIELD,P9991730,SCAN NO CHIP,1,2019-12-02T00:00:00.000,FY2020,OTHRINTAKS,A1076811,STRAY,EPOOLE,12:03:00,GENERAL,13:44:00,2019-12-04T00:00:00.000,APP WNL,,ADOP RESCU,,2019-11-30T00:00:00.000,,A19-203427
020500,6,UNAVAILABLE,DEC.2019,DOG,ROTTWEILER,HEART WORM,APP WNL,TREATMENT,K19-491349,1,INJD 007,OVER THE COUNTER,P0781264,SCAN CHIP,1,2019-12-19T00:00:00.000,FY2020,OTHRINTAKS,A1080740,TREATMENT,EV,09:23:00,NTCOMPLETE,18:47:00,2019-12-19T00:00:00.000,APP WNL,,,,2019-12-19T00:00:00.000,B SIDE,
007825,10,UNAVAILABLE,DEC.2019,DOG,CHIHUAHUA SH,KEEP SAFE,APP WNL,RETURNED TO OWNER,K19-492349,1,CC 10,FIELD,P9991781,SCAN CHIP,1,2020-01-08T00:00:00.000,FY2020,OTHER,A1092003,CONFISCATED,AO1781,22:48:00,WALK IN,17:58:00,2019-12-30T00:00:00.000,APP WNL,R19-561871,,,2019-12-28T00:00:00.000,RETURNED TO OWNERSX12/30,A19-207450
006200,4,UNAVAILABLE,DEC.2019,DOG,GERM SHEPHERD,AT LARGE,APP WNL,RETURNED TO OWNER,K19-490962,1,LFD 071,FIELD,P9991754,SCAN NO CHIP,1,2019-12-19T00:00:00.000,FY2020,OTHER,A1091008,STRAY,AT1754,15:54:00,WALK IN,09:04:00,2019-12-19T00:00:00.000,APP WNL,R19-561118,ADOP RESCU,,2019-12-15T00:00:00.000,SNNRETURNED TO OWNER 12/19/19,A19-205905
011702,5,LAB,DEC.2019,DOG,PIT BULL,QUARANTINE,APP WNL,EUTHANIZED,K19-491006,1,QD 19,FIELD,P0562471,SCAN NO CHIP,1,2019-12-25T00:00:00.000,FY2020,BEHAVIOR,A1091032,CONFISCATED,JO1195,11:46:00,BITE,14:30:00,2019-12-19T00:00:00.000,APP SICK,,RABIES SPECIMEN,,2019-12-16T00:00:00.000,,A19-205953
004300,6,UNAVAILABLE,JAN.2020,DOG,CHIHUAHUA SH,AT LARGE,APP WNL,ADOPTION,K20-494904,1,CC 01,OVER THE COUNTER,P0708082,SCAN NO CHIP,1,2020-01-24T00:00:00.000,FY2020,OTHRINTAKS,A1093780,STRAY,CDM,12:08:00,WALK IN,16:46:00,2020-01-24T00:00:00.000,APP WNL,R20-563151,ADOP RESCU,,2020-01-20T00:00:00.000,PREADOPTION // SX 1-24-20,
011103,3,UNAVAILABLE,DEC.2019,DOG,LABRADOR RETR,AT LARGE,APP WNL,ADOPTION,K19-490342,1,AD 017,FIELD,P0910950,SCAN NO CHIP,1,2019-12-14T00:00:00.000,FY2020,OTHRINTAKS,A1090512,STRAY,SM1774,10:01:00,WALK IN,19:14:00,2019-12-17T00:00:00.000,APP WNL,R19-561079,ADOP RESCU,,2019-12-10T00:00:00.000,ADOPT,A19-204979
007911,14,UNAVAILABLE,NOV.2019,DOG,LABRADOR RETR,QUARANTINE,APP WNL,RETURNED TO OWNER,K19-489269,1,QD 28,FIELD,P0909768,SCAN CHIP,5,2019-12-05T00:00:00.000,FY2020,OTHRINTAKS,A1089487,CONFISCATED,DA1761,15:41:00,FIELD,13:26:00,2019-12-02T00:00:00.000,APP WNL,R19-560208,QUARANTINE,,2019-11-30T00:00:00.000,QD TRANSFER,A19-202964
008400,7,UNAVAILABLE,JUL.2020,DOG,PIT BULL,AT LARGE,APP WNL,ADOPTION,K20-509880,1,AD 031,FIELD,P9998450,SCAN NO CHIP,2,2020-07-31T00:00:00.000,FY2020,OTHRINTAKS,A1105030,STRAY,AMS8450,03:15:00,ADOPETS,10:49:00,2020-08-05T00:00:00.000,APP WNL,R20-569396,ADOP RESCU,,2020-07-27T00:00:00.000,,A20-231462
009402,6,UNAVAILABLE,DEC.2019,DOG,LABRADOR RETR,AT LARGE,APP WNL,RETURNED TO OWNER,K19-491226,1,LFD 152,OVER THE COUNTER,P0912004,SCAN CHIP,1,2019-12-24T00:00:00.000,FY2020,OTHRINTAKS,A1091178,STRAY,DL,11:28:00,WALK IN,08:55:00,2019-12-20T00:00:00.000,APP WNL,R19-561171,,,2019-12-18T00:00:00.000,RETURNED TO OWNER SNN 12/20/19,
013616,11,UNAVAILABLE,JAN.2020,DOG,PIT BULL,CONFINED,APP WNL,RETURNED TO OWNER,K20-493972,1,LFD 073,FIELD,P9991751,SCAN CHIP,1,2020-01-19T00:00:00.000,FY2020,OTHRINTAKS,A1079042,STRAY,EP1751,02:56:00,WALK IN,15:57:00,2020-01-12T00:00:00.000,APP WNL,R20-562721,HOLD NOTIFY,,2020-01-12T00:00:00.000,,A20-209191
011601,8,UNAVAILABLE,JAN.2020,DOG,AUST CATTLE DOG,AT LARGE,APP WNL,ADOPTION,K20-495231,1,LFSD 18,SWEEP,P9991772,SCAN NO CHIP,1,2020-01-23T00:00:00.000,FY2020,OTHER,A1094048,STRAY,RO1772,11:25:00,WALK IN,09:23:00,2020-01-24T00:00:00.000,APP WNL,R20-563279,ADOP RESCU,,2020-01-23T00:00:00.000,ADOPTED,A20-210540
001203,14,UNAVAILABLE,JAN.2020,DOG,LABRADOR RETR,CONFINED,APP WNL,TRANSFER,K20-493446,1,LFSD 11,FIELD,P9991758,SCAN NO CHIP,3,2020-01-11T00:00:00.000,FY2020,OTHRINTAKS,A1092756,STRAY,AR1758,13:25:00,GENERAL,11:14:00,2020-01-12T00:00:00.000,APP WNL,,ADOP RESCU,,2020-01-07T00:00:00.000,TAGGED,A20-208523
005901,4,UNAVAILABLE,DEC.2019,DOG,ROTTWEILER,AT LARGE,APP WNL,ADOPTION,K19-490740,1,AD 014,SWEEP,P9991721,SCAN NO CHIP,1,2019-12-17T00:00:00.000,FY2020,OTHER,A1090832,STRAY,MG1718,12:03:00,WALK IN,15:42:00,2019-12-19T00:00:00.000,APP WNL,R19-561170,ADOP RESCU,,2019-12-13T00:00:00.000,ADOPTED,A19-205516
004400,1,IMPOUNDED,DEC.2019,DOG,LABRADOR RETR,DEAD ON ARRIVAL,DEAD,DEAD ON ARRIVAL,K19-492315,1,FREEZER,OVER THE COUNTER,P0905905,SCAN CHIP,1,2019-12-28T00:00:00.000,FY2020,OTHER,A1091972,OWNER SURRENDER,CBU,14:52:00,DISPOSAL,15:04:00,2019-12-28T00:00:00.000,DEAD,,,,2019-12-28T00:00:00.000,,
008701,4,IMPOUNDED,MAR.2020,DOG,PIT BULL,AT LARGE,APP WNL,RETURNED TO OWNER,K20-501243,1,LFD 116,OPS,P9991230,SCAN CHIP,1,2020-03-22T00:00:00.000,FY2020,OTHER,A0972685,STRAY,KHB1230,08:20:00,WESTMORELD,12:03:00,2020-03-17T00:00:00.000,APP WNL,R20-566237,,,2020-03-16T00:00:00.000,,A20-217003
005700,4,UNAVAILABLE,NOV.2019,DOG,CAIRN TERRIER,AT LARGE,APP WNL,ADOPTION,K19-489203,1,AD 093,SWEEP,P9991772,UNABLE TO SCAN,1,2019-12-04T00:00:00.000,FY2020,OTHER,A1089693,STRAY,RO1772,09:23:00,WALK IN,17:24:00,2019-12-19T00:00:00.000,APP WNL,R19-561174,ADOP RESCU,,2019-11-30T00:00:00.000,ADOPTED,A19-203398
009000,5,IMPOUNDED,DEC.2019,DOG,CHIHUAHUA SH,AT LARGE,APP WNL,RETURNED TO OWNER,K19-492488,1,RECEIVING,SWEEP,P9991704,SCAN NO CHIP,1,2020-01-03T00:00:00.000,FY2020,OTHER,A1092099,STRAY,SC1704,13:13:00,FIELD,13:15:00,2019-12-30T00:00:00.000,APP WNL,,,,2019-12-30T00:00:00.000,,A19-207598
017102,8,UNAVAILABLE,DEC.2019,DOG,DACHSHUND,CONFINED,APP WNL,ADOPTION,K19-490694,1,AD 094,FIELD,P9991171,SCAN NO CHIP,1,2019-12-14T00:00:00.000,FY2020,OTHRINTAKS,A1090794,STRAY,AV1171,19:59:00,WALK IN,15:43:00,2019-12-17T00:00:00.000,APP WNL,R19-560930,ADOP RESCU,,2019-12-12T00:00:00.000,PRE ADOPTED,A19-205438
009105,5,IMPOUNDED,JAN.2020,DOG,DOBERMAN PINSCH,AT LARGE,UNKNOWN,RETURNED TO OWNER,K20-496196,1,PCD 18,FIELD,P9991778,SCAN CHIP,1,2020-02-09T00:00:00.000,FY2020,OTHRINTAKS,A0979725,STRAY,LUD,12:04:00,WALK IN,13:51:00,2020-02-07T00:00:00.000,UNKNOWN,R20-564113,RESCU ONLY,,2020-01-30T00:00:00.000,,A20-211523
,,IMPOUNDED,OCT.2019,DOG,AM PIT BULL TER,WEB,NORMAL,LOST EXP,K19-488076,1,LOST,,P0908487,,0,2019-11-19T00:00:00.000,FY2020,,A1088875,STRAY,WEB,16:25:00,OTHER,00:00:00,2019-12-20T00:00:00.000,,,,,2019-10-08T00:00:00.000,,
008500,5,UNAVAILABLE,JAN.2020,DOG,CHIHUAHUA SH,AT LARGE,APP SICK,TRANSFER,K20-493484,1,LFSD 08,OVER THE COUNTER,P0886911,SCAN NO CHIP,1,2020-01-11T00:00:00.000,FY2020,OTHER,A1092785,STRAY,JZ,17:32:00,GENERAL,11:16:00,2020-01-12T00:00:00.000,APP WNL,,ADOP RESCU,,2020-01-07T00:00:00.000,TAGGED,
006700,3,AVAILABLE,OCT.2019,CAT,DOMESTIC SH,APPOINT,APP WNL,TRANSFER,K19-483171,1,AK 01,OVER THE COUNTER,P0903832,SCAN NO CHIP,1,2019-12-12T00:00:00.000,FY2020,BEHAVIOR,A1085199,OWNER SURRENDER,DL,17:29:00,GENERAL,14:37:00,2019-12-18T00:00:00.000,APP WNL,,ADOP RESCU,,2019-10-11T00:00:00.000,,A19-204014
005400,4,IMPOUNDED,DEC.2019,DOG,ROTTWEILER,AT LARGE,APP WNL,RETURNED TO OWNER,K19-491178,1,RECEIVING,SWEEP,P9991772,UNABLE TO SCAN,1,2019-12-18T00:00:00.000,FY2020,OTHER,A1063762,STRAY,RO1772,08:07:00,FIELD,08:08:00,2019-12-18T00:00:00.000,APP WNL,,,,2019-12-18T00:00:00.000,,A19-206251
003400,7,UNAVAILABLE,NOV.2019,DOG,PIT BULL,GENERAL,UNDERAGE,FOSTER,K19-488555,1,NMOMS 4,OVER THE COUNTER,P0908903,SCAN NO CHIP,1,2019-11-23T00:00:00.000,FY2020,PERSNLISSU,A1089210,OWNER SURRENDER,CBU,12:35:00,TO ADOPT,14:25:00,2019-12-10T00:00:00.000,APP WNL,,RESC FOSTR,,2019-11-23T00:00:00.000,FOSTER,
020500,6,UNAVAILABLE,JAN.2020,DOG,GERM SHEPHERD,OTHER,APP WNL,ADOPTION,K20-494508,1,VIP28,OVER THE COUNTER,P0735235,SCAN CHIP,1,2020-01-22T00:00:00.000,FY2020,OTHER,A1059264,TRANSFER,BW,13:14:00,WALK IN,12:50:00,2020-01-24T00:00:00.000,APP WNL,R20-563289,ADOP RESCU,,2020-01-16T00:00:00.000,ADOPTED,
020500,6,UNAVAILABLE,DEC.2019,CAT,DOMESTIC MH,RETURN,APP WNL,ADOPTION,K19-492457,1,AC 001,OVER THE COUNTER,P0791053,SCAN NO CHIP,1,2019-12-30T00:00:00.000,FY2020,OTHER,A1083475,FOSTER,OT,10:19:00,IN FOSTER,10:33:00,2019-12-30T00:00:00.000,APP WNL,,ADOP RESCU,,2019-12-30T00:00:00.000,,
008400,5,UNAVAILABLE,DEC.2019,DOG,CAIRN TERRIER,AT LARGE,APP WNL,ADOPTION,K19-491958,1,DC 19,SWEEP,P9991772,SCAN NO CHIP,1,2019-12-29T00:00:00.000,FY2020,OTHER,A1091710,STRAY,RO1772,08:07:00,WALK IN,10:05:00,2019-12-30T00:00:00.000,APP WNL,R19-561583,ADOPTION,,2019-12-25T00:00:00.000,PRE-ADOPTED,A19-207032
003901,7,IMPOUNDED,DEC.2019,DOG,MALTESE,AT LARGE,APP WNL,RETURNED TO OWNER,K19-491459,1,RECEIVING,SWEEP,P9991772,UNABLE TO SCAN,1,2019-12-20T00:00:00.000,FY2020,OTHER,A1091323,STRAY,RO1772,10:52:00,FIELD,10:53:00,2019-12-20T00:00:00.000,APP WNL,,,,2019-12-20T00:00:00.000,,A19-206541
017102,8,UNAVAILABLE,JUN.2020,DOG,CHIHUAHUA SH,GENERAL,APP WNL,TRANSFER,K20-507223,1,LFD 138,FIELD,P0840595,SCAN NO CHIP,1,2020-06-16T00:00:00.000,FY2020,OTHER,A1103034,OWNER SURRENDER,DBB1715,22:26:00,TRANSPORT,10:04:00,2020-06-20T00:00:00.000,APP WNL,,ADOP RESCU,,2020-06-16T00:00:00.000,,A20-227176
010101,6,IMPOUNDED,SEP.2020,DOG,LABRADOR RETR,AT LARGE,APP WNL,ADOPTION,K20-513623,1,DC 06,FIELD,P0938358,SCAN NO CHIP,1,2020-09-29T00:00:00.000,FY2020,OTHRINTAKS,A1108022,STRAY,TJP8456,14:04:00,ADOPETS,15:30:00,2020-09-29T00:00:00.000,APP WNL,R20-570859,ADOP RESCU,,2020-09-26T00:00:00.000,,A20-237837
020500,6,AVAILABLE,DEC.2019,CAT,DOMESTIC SH,TREATMENT,APP SICK,FOSTER,K19-491358,1,F3,OVER THE COUNTER,P0844974,SCAN NO CHIP,1,2019-12-19T00:00:00.000,FY2020,OTHER,A1090975,FOSTER,AC,10:16:00,TREATMENT,17:11:00,2019-12-19T00:00:00.000,APP SICK,,MEDICAL,,2019-12-19T00:00:00.000,FOSTER,A19-205852
020500,6,UNAVAILABLE,NOV.2019,CAT,DOMESTIC SH,SURGERY,APP WNL,FOSTER,K19-487526,1,CC 22,OVER THE COUNTER,P0893948,SCAN NO CHIP,1,2019-11-15T00:00:00.000,FY2020,OTHER,A1086109,FOSTER,SDW,08:22:00,SURGERY,19:00:00,2019-11-15T00:00:00.000,APP WNL,,ADOP RESCU,,2019-11-15T00:00:00.000,,
020500,6,IMPOUNDED,SEP.2020,CAT,DOMESTIC SH,OTC,APP WNL,RETURNED TO OWNER,K20-513723,1,AC 028,OVER THE COUNTER,P0000000,SCAN CHIP,1,2020-10-04T00:00:00.000,FY2020,OTHRINTAKS,A1108088,STRAY,DAL,14:49:00,WESTMORELD,13:32:00,2020-09-29T00:00:00.000,APP WNL,,ADOP RESCU,,2020-09-28T00:00:00.000,,
006501,1,UNAVAILABLE,JAN.2020,DOG,CHIHUAHUA SH,AT LARGE,APP WNL,TRANSFER,K20-494943,1,LFSD 19,OVER THE COUNTER,P0660112,SCAN NO CHIP,1,2020-01-24T00:00:00.000,FY2020,PERSNLISSU,A1093815,STRAY,MM,16:18:00,GENERAL,10:26:00,2020-01-24T00:00:00.000,APP WNL,,ADOP RESCU,,2020-01-20T00:00:00.000,ADOPTION PENDING,
020500,6,UNAVAILABLE,JAN.2020,DOG,PIT BULL,TREATMENT,UNKNOWN,FOSTER,K20-493983,1,F1,OVER THE COUNTER,P0878396,SCAN NO CHIP,1,2020-01-12T00:00:00.000,FY2020,OTHER,A1091989,FOSTER,OT,09:37:00,TREATMENT,16:17:00,2020-01-12T00:00:00.000,UNKNOWN,,RESC FOSTR,,2020-01-12T00:00:00.000,FOSTER,A19-207440
020500,6,UNAVAILABLE,DEC.2019,CAT,DOMESTIC SH,SURGERY,APP WNL,FOSTER,K19-491186,1,CC 22,OVER THE COUNTER,P0891655,SCAN NO CHIP,1,2019-12-18T00:00:00.000,FY2020,OTHER,A1086590,FOSTER,AC,09:00:00,SURGERY,17:44:00,2019-12-18T00:00:00.000,APP WNL,,RESC FOSTR,,2019-12-18T00:00:00.000,FOSTER,
016301,3,AVAILABLE,NOV.2019,DOG,AUST TERRIER,AT LARGE,APP WNL,TRANSFER,K19-485991,1,AD 098,OVER THE COUNTER,P0906412,SCAN NO CHIP,1,2019-11-06T00:00:00.000,FY2020,OTHRINTAKS,A1087343,STRAY,CBU,13:51:00,GENERAL,00:00:00,2019-11-10T00:00:00.000,APP WNL,,ADOPTION,,2019-11-02T00:00:00.000,MEGA HOUSTON,
005200,1,IMPOUNDED,DEC.2019,DOG,MIN PINSCHER,AT LARGE,APP WNL,FOSTER,K19-492419,1,K13,OVER THE COUNTER,P0913477,SCAN NO CHIP,1,2019-12-29T00:00:00.000,FY2020,OTHRINTAKS,A1092041,STRAY,CDM,16:08:00,UNDERAGE,08:22:00,2019-12-30T00:00:00.000,UNKNOWN,,,,2019-12-29T00:00:00.000,FOSTER,
020500,6,AVAILABLE,DEC.2019,CAT,DOMESTIC SH,SURGERY,APP WNL,TRANSFER,K19-491205,1,OFFICE,OVER THE COUNTER,P0618456,SCAN NO CHIP,1,2019-12-18T00:00:00.000,FY2020,OTHER,A1086774,FOSTER,SDW,10:44:00,GENERAL,10:48:00,2019-12-18T00:00:00.000,,,RESC FOSTR,,2019-12-18T00:00:00.000,TAGGED,
002701,7,UNAVAILABLE,NOV.2019,DOG,PIT BULL,AT LARGE,APP WNL,ADOPTION,K19-488270,1,AD 006,FIELD,P9991171,SCAN NO CHIP,1,2019-11-25T00:00:00.000,FY2020,OTHRINTAKS,A1089024,STRAY,AV1171,07:25:00,WALK IN,17:46:00,2019-12-17T00:00:00.000,APP WNL,R19-561068,ADOP RESCU,,2019-11-21T00:00:00.000,GALLERIA,A19-202372
016520,3,UNAVAILABLE,DEC.2019,DOG,AUST CATTLE DOG,GENERAL,APP WNL,ADOPTION,K19-490854,1,AD 092,OVER THE COUNTER,P0838377,SCAN NO CHIP,1,2019-12-14T00:00:00.000,FY2020,FINANCIAL,A1090931,OWNER SURRENDER,MM,12:46:00,OFFSITE,18:57:00,2019-12-18T00:00:00.000,APP WNL,R19-561132,ADOP RESCU,,2019-12-14T00:00:00.000,GALLERIA 12/18,
016701,8,UNAVAILABLE,DEC.2019,DOG,AMERICAN STAFF,AT LARGE,APP WNL,ADOPTION,K19-491807,1,PSDOG 13,FIELD,P9991736,SCAN CHIP,1,2019-12-30T00:00:00.000,FY2020,OTHRINTAKS,A1079266,STRAY,TM1736,12:41:00,EAC,16:27:00,2019-12-30T00:00:00.000,APP WNL,R19-561916,ADOP RESCU,,2019-12-23T00:00:00.000,ADOPTION,A19-206855
013004,10,WILDLIFE,DEC.2019,WILDLIFE,RACCOON,INJURED,APP INJ,EUTHANIZED,K19-492454,1,RECEIVING,FIELD,P0913529,WILDLIFE - UNABEL TO SCAN,1,2019-12-30T00:00:00.000,FY2020,OTHER,A1092073,WILDLIFE,BC1779,10:16:00,HUMANE,11:05:00,2019-12-30T00:00:00.000,FATAL,,,,2019-12-30T00:00:00.000,,A19-207555
020500,6,AVAILABLE,MAR.2020,CAT,DOMESTIC SH,TREATMENT,APP SICK,FOSTER,K20-500730,1,VT 07,OVER THE COUNTER,P0915673,SCAN CHIP,1,2020-03-11T00:00:00.000,FY2020,OTHER,A1093583,FOSTER,ASC,10:23:00,TREATMENT,10:28:00,2020-03-13T00:00:00.000,APP SICK,,RESC FOSTR,,2020-03-11T00:00:00.000,,
,,IMPOUNDED,JAN.2020,CAT,SIAMESE,WEB,NORMAL,LOST EXP,K20-495673,1,LOST,,P0916674,,0,2020-01-26T00:00:00.000,FY2020,,A1094344,STRAY,WEB,14:25:00,OTHER,00:00:00,2020-02-26T00:00:00.000,,,,,2020-01-25T00:00:00.000,,
005200,1,AVAILABLE,FEB.2020,DOG,SHIH TZU,GENERAL,APP WNL,ADOPTION,K20-498841,1,PSDOG 20,FIELD,P0919832,SCAN NO CHIP,1,2020-02-23T00:00:00.000,FY2020,OTHER,A1096742,OWNER SURRENDER,DSM1774,13:49:00,EAC,12:17:00,2020-02-26T00:00:00.000,APP WNL,R20-565097,ADOPTION,,2020-02-23T00:00:00.000,,A20-214489
010601,6,UNAVAILABLE,DEC.2019,DOG,MALTESE,AT LARGE,APP WNL,ADOPTION,K19-490744,1,CC 02,SWEEP,P9991772,SCAN NO CHIP,1,2019-12-17T00:00:00.000,FY2020,OTHER,A1090836,STRAY,RO1772,12:15:00,WALK IN,16:38:00,2019-12-17T00:00:00.000,APP WNL,R19-560938,ADOP RESCU,,2019-12-13T00:00:00.000,PRE ADOPTED,A19-205526
020500,6,AVAILABLE,DEC.2019,CAT,DOMESTIC SH,DIED,DEAD,DIED,K19-491332,1,K01,OVER THE COUNTER,P0893338,SCAN NO CHIP,1,2019-12-18T00:00:00.000,FY2020,MEDICAL,A1089465,FOSTER,CW,18:29:00,IN FOSTER,18:30:00,2019-12-18T00:00:00.000,DEAD,,RESC FOSTR,,2019-12-18T00:00:00.000,,
003400,7,UNAVAILABLE,DEC.2019,DOG,PARSON RUSS TER,GENERAL,APP WNL,ADOPTION,K19-492292,1,DC 01,OVER THE COUNTER,P0643244,SCAN NO CHIP,1,2019-12-28T00:00:00.000,FY2020,PERSNLISSU,A1091955,OWNER SURRENDER,JR,13:02:00,WALK IN,16:29:00,2019-12-30T00:00:00.000,APP WNL,R19-561824,ADOP RESCU,,2019-12-28T00:00:00.000,ADOPTED,
,,IMPOUNDED,NOV.2019,DOG,AM PIT BULL TER,WEB,NORMAL,LOST EXP,K19-487945,1,LOST,,P0908389,,0,2019-11-18T00:00:00.000,FY2020,,A1088781,STRAY,WEB,18:25:00,OTHER,00:00:00,2019-12-19T00:00:00.000,,,,,2019-11-15T00:00:00.000,,
005902,4,IMPOUNDED,DEC.2019,DOG,PUG,AT LARGE,APP WNL,RETURNED TO OWNER,K19-491238,1,RECEIVING,SWEEP,P9991772,UNABLE TO SCAN,1,2019-12-18T00:00:00.000,FY2020,OTHER,A1091185,STRAY,RO1772,12:09:00,FIELD,12:10:00,2019-12-18T00:00:00.000,APP WNL,,,,2019-12-18T00:00:00.000,,A19-206302
009301,5,UNAVAILABLE,JUN.2020,DOG,GERM SHEPHERD,CONFINED,APP WNL,ADOPTION,K20-507339,1,LFSD 11,FIELD,P0930187,SCAN NO CHIP,1,2020-06-18T00:00:00.000,FY2020,OTHRINTAKS,A1103120,STRAY,MAW1723,12:08:00,ADOPETS,12:51:00,2020-06-20T00:00:00.000,APP WNL,R20-568223,ADOP RESCU,,2020-06-18T00:00:00.000,,A20-227417
000201,14,UNAVAILABLE,FEB.2020,DOG,DACHSHUND,QUARANTINE DEAD ON ARRIVAL,DEAD,DEAD ON ARRIVAL,K20-499058,1,FREEZER,FIELD,P9991782,UNABLE TO SCAN,1,2020-02-25T00:00:00.000,FY2020,OTHRINTAKS,A1096912,CONFISCATED,SPB1782,16:21:00,HOLD,16:24:00,2020-02-25T00:00:00.000,DEAD,,RABIES SPECIMEN,,2020-02-25T00:00:00.000,,A20-214527
011800,5,UNAVAILABLE,DEC.2019,DOG,BLACK MOUTH CUR,AT LARGE,APP WNL,ADOPTION,K19-491883,1,DC 03,OVER THE COUNTER,P0714458,SCAN NO CHIP,1,2019-12-29T00:00:00.000,FY2020,OTHRINTAKS,A1091652,STRAY,DL,10:38:00,PROMOTION,18:05:00,2019-12-30T00:00:00.000,APP WNL,R19-561830,ADOP RESCU,,2019-12-24T00:00:00.000,ADOPTED,
008802,4,UNAVAILABLE,DEC.2019,DOG,GERM SHEPHERD,AT LARGE,APP WNL,ADOPTION,K19-490281,1,AD 053,FIELD,P9991736,SCAN NO CHIP,1,2019-12-13T00:00:00.000,FY2020,OTHRINTAKS,A1090474,STRAY,TM1736,16:12:00,WALK IN,16:12:00,2019-12-18T00:00:00.000,APP WNL,R19-561100,ADOP RESCU,,2019-12-09T00:00:00.000,ADOPTED,A19-204890
006502,1,IMPOUNDED,DEC.2019,DOG,ALASKAN HUSKY,AT LARGE,APP WNL,ADOPTION,K19-490757,1,DC 07,SWEEP,P9991721,SCAN NO CHIP,1,2019-12-17T00:00:00.000,FY2020,OTHER,A1090847,STRAY,MG1718,14:33:00,WALK IN,16:37:00,2019-12-17T00:00:00.000,APP WNL,R19-560905,ADOP RESCU,,2019-12-13T00:00:00.000,PRE-ADOPTEDS,A19-205503
008400,7,UNAVAILABLE,NOV.2019,DOG,PIT BULL,AT LARGE,APP WNL,ADOPTION,K19-488252,1,VIP23,FIELD,P9991748,SCAN NO CHIP,1,2019-11-24T00:00:00.000,FY2020,OTHRINTAKS,A1089011,STRAY,MM1748,20:36:00,WALK IN,15:18:00,2019-12-18T00:00:00.000,APP WNL,R19-561097,ADOP RESCU,,2019-11-20T00:00:00.000,ADOPTED,A19-202329
,,UNAVAILABLE,FEB.2020,DOG,CHIHUAHUA SH,GENERAL,UNDERAGE,TRANSFER,K20-499003,1,NMOMS 2,OVER THE COUNTER,P0511652,SCAN NO CHIP,1,2020-02-25T00:00:00.000,FY2020,BEHAVIOR,A1096869,OWNER SURRENDER,DAL,11:40:00,UNDERAGE,15:05:00,2020-02-26T00:00:00.000,UNDERAGE,,RESC FOSTR,,2020-02-25T00:00:00.000,,
013105,11,UNAVAILABLE,FEB.2020,DOG,AUST SHEPHERD,GENERAL,APP WNL,ADOPTION,K20-497050,1,PSDOG 02,OVER THE COUNTER,P0901207,SCAN CHIP,1,2020-02-06T00:00:00.000,FY2020,PERSNLISSU,A1082811,OWNER SURRENDER,CDM,16:34:00,EAC,17:44:00,2020-02-07T00:00:00.000,APP WNL,R20-564140,ADOP RESCU,,2020-02-06T00:00:00.000,,
020500,6,AVAILABLE,JAN.2020,WILDLIFE,HAMSTER,GENERAL,APP WNL,TRANSFER,K20-494818,1,OFFICE,OVER THE COUNTER,P0000000,SCAN NO CHIP,1,2020-01-18T00:00:00.000,FY2020,OTHRINTAKS,A1093716,OWNER SURRENDER,DL,14:02:00,UNDERAGE,17:24:00,2020-01-24T00:00:00.000,APP WNL,,RESC FOSTR,,2020-01-18T00:00:00.000,ADOPTION PENDING,
016511,3,UNAVAILABLE,DEC.2019,DOG,YORKSHIRE TERR,APPOINT,APP WNL,ADOPTION,K19-491289,1,LFSD 15,OVER THE COUNTER,P0912045,SCAN CHIP,1,2019-12-19T00:00:00.000,FY2020,PERSNLISSU,A1091211,OWNER SURRENDER,BW,14:23:00,WALK IN,16:43:00,2019-12-19T00:00:00.000,APP WNL,R19-561106,ADOP RESCU,,2019-12-18T00:00:00.000,PRE-ADOPTED,
020500,6,UNAVAILABLE,JAN.2020,DOG,GERM SHEPHERD,TREATMENT,APP WNL,FOSTER,K20-495358,1,F1,OVER THE COUNTER,P0598646,SCAN CHIP,1,2020-01-24T00:00:00.000,FY2020,MEDICAL,A1089835,FOSTER,JR,09:31:00,TREATMENT,17:55:00,2020-01-24T00:00:00.000,APP WNL,,RESC FOSTR,,2020-01-24T00:00:00.000,,
004700,1,UNAVAILABLE,MAY.2020,DOG,PIT BULL,AT LARGE,APP WNL,TRANSFER,K20-504205,1,NMOMS 1,FIELD,P9991213,SCAN NO CHIP,1,2020-05-09T00:00:00.000,FY2020,OTHER,A1100753,STRAY,RVB1213,10:42:00,TRANSPORT,13:46:00,2020-05-09T00:00:00.000,APP WNL,,ADOP RESCU,,2020-05-05T00:00:00.000,,A20-222467
021638,12,UNAVAILABLE,JAN.2020,DOG,FOX TERR SMOOTH,GENERAL,APP WNL,RETURNED TO OWNER,K20-494754,1,PUPS 2,FIELD,P0844735,SCAN CHIP,1,2020-01-24T00:00:00.000,FY2020,HOUSING,A1093674,OWNER SURRENDER,ER1768,21:43:00,WALK IN,18:36:00,2020-01-24T00:00:00.000,APP WNL,R20-563295,ADOP RESCU,,2020-01-18T00:00:00.000,RETURNED TO OWNER,A20-209969
009101,5,IMPOUNDED,DEC.2019,DOG,SHIH TZU,AT LARGE,UNKNOWN,RETURNED TO OWNER,K19-491124,1,RECEIVING,FIELD,P9991195,SCAN CHIP,1,2019-12-23T00:00:00.000,FY2020,OTHRINTAKS,A1089590,STRAY,JO1195,13:04:00,WALK IN,17:27:00,2019-12-17T00:00:00.000,APP WNL,R19-561064,POSSIBLY OWNED,,2019-12-17T00:00:00.000,RETURNED TO OWNER,A19-206181
016511,3,UNAVAILABLE,DEC.2019,CAT,DOMESTIC SH,GENERAL,APP WNL,ADOPTION,K19-490297,1,PSCAT 07,OVER THE COUNTER,P0910924,SCAN NO CHIP,1,2019-12-09T00:00:00.000,FY2020,HOUSING,A1090489,OWNER SURRENDER,BW,18:47:00,EAC,16:53:00,2019-12-17T00:00:00.000,APP WNL,R19-561062,ADOP RESCU,,2019-12-09T00:00:00.000,ADOPT,
007809,9,UNAVAILABLE,DEC.2019,DOG,SHIH TZU,AT LARGE,APP WNL,ADOPTION,K19-490782,1,CC 03,OVER THE COUNTER,P0911457,SCAN NO CHIP,1,2019-12-17T00:00:00.000,FY2020,OTHRINTAKS,A1090870,STRAY,JR,17:58:00,WALK IN,16:24:00,2019-12-17T00:00:00.000,APP WNL,R19-560858,ADOPTION,,2019-12-13T00:00:00.000,,
,,UNAVAILABLE,MAY.2020,CAT,DOMESTIC SH,SPAY/NEUT,APP WNL,TREATMENT,K20-504470,1,CC 21,OVER THE COUNTER,P0618456,SCAN CHIP,1,2020-05-09T00:00:00.000,FY2020,OTHRINTAKS,A1098642,TREATMENT,CDM,08:57:00,COMPLETED,16:28:00,2020-05-09T00:00:00.000,APP WNL,,,,2020-05-09T00:00:00.000,,
005700,4,IMPOUNDED,DEC.2019,DOG,LABRADOR RETR,GENERAL,APP WNL,FOSTER,K19-491134,1,FOSTER,OVER THE COUNTER,P0911915,SCAN NO CHIP,1,2019-12-17T00:00:00.000,FY2020,OTHER,A1091116,OWNER SURRENDER,SW,13:49:00,UNDERAGE,18:43:00,2019-12-17T00:00:00.000,APP WNL,,RESC FOSTR,,2019-12-17T00:00:00.000,FOSTER,
020500,6,IMPOUNDED,DEC.2019,DOG,PIT BULL,RETURN,APP WNL,ADOPTION,K19-491264,1,AD 001,OVER THE COUNTER,P0824959,SCAN NO CHIP,1,2019-12-14T00:00:00.000,FY2020,OTHER,A1090316,FOSTER,OT,12:51:00,BY FOSTER,12:52:00,2019-12-14T00:00:00.000,APP WNL,,RESC FOSTR,,2019-12-14T00:00:00.000,,
020500,6,UNAVAILABLE,DEC.2019,DOG,GERM SHEPHERD,GENERAL,APP WNL,ADOPTION,K19-491005,1,AD 012,OVER THE COUNTER,P0908150,SCAN CHIP,1,2019-12-16T00:00:00.000,FY2020,NOTRIGHTFT,A1088119,OWNER SURRENDER,BW,11:40:00,WALK IN,18:19:00,2019-12-19T00:00:00.000,APP WNL,R19-561182,ADOP RESCU,,2019-12-16T00:00:00.000,ADOPTED,
,,IMPOUNDED,NOV.2019,DOG,YORKSHIRE TERR,WEB,NORMAL,FOUND EXP,K19-489158,1,FOUND,,P0909567,,0,2019-11-29T00:00:00.000,FY2020,,A1089656,STRAY,WEB,14:25:00,OTHER,00:00:00,2019-12-30T00:00:00.000,,,,,2019-11-29T00:00:00.000,,
013009,10,UNAVAILABLE,DEC.2019,DOG,SCHNAUZER MIN,GENERAL,APP SICK,ADOPTION,K19-492281,1,LFSD 13,OVER THE COUNTER,P0913281,SCAN CHIP,1,2019-12-29T00:00:00.000,FY2020,PERSNLISSU,A1091947,OWNER SURRENDER,CBU,11:47:00,WALK IN,11:49:00,2019-12-30T00:00:00.000,APP WNL,R19-561735,ADOP RESCU,,2019-12-28T00:00:00.000,PRE ADOPTED,
011701,5,UNAVAILABLE,FEB.2020,DOG,CHIHUAHUA SH,AT LARGE,APP WNL,ADOPTION,K20-496444,1,SMD01,SWEEP,P9991772,SCAN CHIP,1,2020-02-07T00:00:00.000,FY2020,OTHER,A0925178,STRAY,ROB1772,14:39:00,WALK IN,11:53:00,2020-02-07T00:00:00.000,APP WNL,R20-563874,ADOPTION,,2020-02-01T00:00:00.000,SMK,A20-211795
,,UNAVAILABLE,FEB.2020,DOG,LABRADOR RETR,GENERAL,APP WNL,TRANSFER,K20-498155,1,INJD 002,OVER THE COUNTER,P0890111,SCAN NO CHIP,1,2020-02-17T00:00:00.000,FY2020,PERSNLISSU,A1096238,OWNER SURRENDER,CDM,16:00:00,MEDICAL-CONTAGIOUS,10:54:00,2020-02-25T00:00:00.000,APP WNL,,RESCU ONLY,,2020-02-17T00:00:00.000,,
007811,10,LAB,JAN.2020,DOG,PIT BULL,AT LARGE,APP WNL,EUTHANIZED,K20-493584,1,LAB 04,FIELD,P0914659,UNABLE TO SCAN,1,2020-01-12T00:00:00.000,FY2020,OTHRINTAKS,A1092852,STRAY,SM1774,12:37:00,BEHAVIOR,15:35:00,2020-01-12T00:00:00.000,APP WNL,,EUTH,,2020-01-08T00:00:00.000,,A20-208716
013620,11,WILDLIFE,DEC.2019,WILDLIFE,RACCOON,INJURED,APP SICK,EUTHANIZED,K19-491433,1,RECEIVING,FIELD,P9991768,WILDLIFE - UNABEL TO SCAN,1,2019-12-19T00:00:00.000,FY2020,OTHRINTAKS,A1091309,WILDLIFE,ER1768,22:00:00,HUMANE,23:33:00,2019-12-19T00:00:00.000,APP INJ,,,,2019-12-19T00:00:00.000,,A19-206497
020500,6,UNAVAILABLE,JUN.2020,CAT,DOMESTIC SH,RETURN,APP WNL,ADOPTION,K20-507458,1,FOSTER,OVER THE COUNTER,P0561433,SCAN NO CHIP,1,2020-06-20T00:00:00.000,FY2020,OTHRINTAKS,A1100916,FOSTER,KMC,11:12:00,IN FOSTER,11:12:00,2020-06-20T00:00:00.000,APP WNL,R20-568218,ADOP RESCU,,2020-06-20T00:00:00.000,,A20-222815
009301,5,IMPOUNDED,FEB.2020,DOG,ST BERNARD RGH,AT LARGE,APP WNL,RETURNED TO OWNER,K20-499124,1,RECEIVING,SWEEP,P9991704,SCAN NO CHIP,1,2020-03-01T00:00:00.000,FY2020,OTHER,A1096966,STRAY,SEC1704,12:30:00,FIELD,12:31:00,2020-02-26T00:00:00.000,APP WNL,,,,2020-02-26T00:00:00.000,,A20-214785
006302,1,UNAVAILABLE,DEC.2019,DOG,CHIHUAHUA SH,GENERAL,APP INJ,TRANSFER,K19-492283,1,CC 05,OVER THE COUNTER,P0913290,UNABLE TO SCAN,1,2019-12-28T00:00:00.000,FY2020,OTHRINTAKS,A1091949,OWNER SURRENDER,CBU,12:12:00,GENERAL,15:09:00,2019-12-30T00:00:00.000,APP INJ,,RESCU ONLY,,2019-12-28T00:00:00.000,TAGGED,
020500,6,UNAVAILABLE,JAN.2020,CAT,DOMESTIC SH,SURGERY,APP WNL,ADOPTION,K20-495344,1,CC 28,OVER THE COUNTER,P0908906,SCAN CHIP,1,2020-01-24T00:00:00.000,FY2020,MEDICAL,A1085540,FOSTER,JR,07:11:00,BY FOSTER,16:39:00,2020-01-24T00:00:00.000,APP WNL,,RESC FOSTR,,2020-01-24T00:00:00.000,FOSTER,
005700,4,UNAVAILABLE,NOV.2019,DOG,PIT BULL,AT LARGE,APP WNL,TRANSFER,K19-488414,1,LFD 015,SWEEP,P9991721,SCAN NO CHIP,1,2019-11-26T00:00:00.000,FY2020,OTHER,A1089112,STRAY,MG1718,11:03:00,MEDICAL-CONTAGIOUS,12:59:00,2019-12-19T00:00:00.000,APP SICK,,MEDICAL,,2019-11-22T00:00:00.000,TAGGED,A19-202513
006302,1,UNAVAILABLE,DEC.2019,CAT,DOMESTIC SH,AT LARGE,APP WNL,ADOPTION,K19-489869,1,CC 21,FIELD,P9991744,SCAN NO CHIP,1,2019-12-10T00:00:00.000,FY2020,OTHRINTAKS,A1090181,STRAY,JB1744,04:28:00,WALK IN,16:59:00,2019-12-17T00:00:00.000,APP WNL,R19-561001,ADOP RESCU,,2019-12-06T00:00:00.000,ADOPTED,A19-204391
005400,4,UNAVAILABLE,JAN.2020,DOG,BEAGLE,GENERAL,APP WNL,ADOPTION,K20-494004,1,AD 099,OVER THE COUNTER,P0914508,SCAN CHIP,1,2020-01-12T00:00:00.000,FY2020,PERSNLISSU,A1092695,OWNER SURRENDER,CDM,11:49:00,WALK IN,14:21:00,2020-01-12T00:00:00.000,APP WNL,R20-562704,ADOP RESCU,,2020-01-12T00:00:00.000,ADOPTED,
004300,6,IMPOUNDED,DEC.2019,CAT,DOMESTIC SH,AT LARGE,UNDERAGE,FOSTER,K19-491159,1,FOSTER,OVER THE COUNTER,P0911942,SCAN NO CHIP,1,2019-12-17T00:00:00.000,FY2020,OTHRINTAKS,A1091137,STRAY,EV,16:39:00,UNDERAGE,20:06:00,2019-12-17T00:00:00.000,APP WNL,,RESC FOSTR,,2019-12-17T00:00:00.000,FOSTER,
,,IMPOUNDED,NOV.2019,DOG,CHIHUAHUA SH,WEB,NORMAL,LOST EXP,K19-487846,1,LOST,,P0908277,,0,2019-11-17T00:00:00.000,FY2020,,A1088702,STRAY,WEB,20:25:00,OTHER,00:00:00,2019-12-18T00:00:00.000,,,,,2019-11-16T00:00:00.000,,
011602,8,IMPOUNDED,DEC.2019,DOG,PIT BULL,AT LARGE,UNKNOWN,ADOPTION,K19-490710,1,LFSD 13,FIELD,P9991195,SCAN CHIP,1,2019-12-19T00:00:00.000,FY2020,OTHRINTAKS,A1090806,STRAY,JO1195,10:40:00,WALK IN,09:02:00,2019-12-19T00:00:00.000,APP WNL,R19-560878,ADOP RESCU,,2019-12-13T00:00:00.000,PRE-ADOPTION,A19-205502
020500,6,UNAVAILABLE,DEC.2019,DOG,LABRADOR RETR,GENERAL,APP WNL,ADOPTION,K19-490565,1,VIP27,OVER THE COUNTER,P0786909,SCAN CHIP,1,2019-12-11T00:00:00.000,FY2020,HOUSING,A0991045,OWNER SURRENDER,CBU,18:39:00,WALK IN,13:09:00,2019-12-18T00:00:00.000,APP WNL,R19-561086,ADOP RESCU,,2019-12-11T00:00:00.000,ADOPTED,
,,IMPOUNDED,JAN.2020,DOG,ITAL GREYHOUND,WEB,NORMAL,LOST EXP,K20-495642,1,LOST,,P0916647,,0,2020-01-26T00:00:00.000,FY2020,,A1094317,STRAY,WEB,12:25:00,OTHER,00:00:00,2020-02-26T00:00:00.000,,,,,2020-01-24T00:00:00.000,,
020500,6,UNAVAILABLE,JAN.2020,DOG,PIT BULL,HEART WORM,APP WNL,TREATMENT,K20-495217,1,INJD 010,OVER THE COUNTER,P0912599,SCAN CHIP,1,2020-01-23T00:00:00.000,FY2020,OTHER,A1090937,TREATMENT,SJ,09:13:00,COMPLETED,18:00:00,2020-01-23T00:00:00.000,APP WNL,,,,2020-01-23T00:00:00.000,,
005600,4,UNAVAILABLE,DEC.2019,DOG,PIT BULL,GENERAL,APP WNL,ADOPTION,K19-491197,1,LFD 137,SWEEP,P0911990,SCAN NO CHIP,1,2019-12-18T00:00:00.000,FY2020,MEDICAL,A1091159,OWNER SURRENDER,RO1772,10:09:00,WALK IN,17:57:00,2019-12-19T00:00:00.000,APP WNL,R19-561143,ADOP RESCU,,2019-12-18T00:00:00.000,LFD137 - DC13,A19-206269
012206,7,UNAVAILABLE,DEC.2019,DOG,COLLIE SMOOTH,CONFINED,APP WNL,ADOPTION,K19-490942,1,DC 06,FIELD,P0911678,SCAN NO CHIP,1,2019-12-19T00:00:00.000,FY2020,OTHRINTAKS,A1090994,STRAY,TM1736,13:44:00,WALK IN,17:24:00,2019-12-19T00:00:00.000,APP WNL,R19-561065,ADOPTION,,2019-12-15T00:00:00.000,PRE ADOPTED,A19-205870
011001,3,UNAVAILABLE,DEC.2019,CAT,DOMESTIC SH,AT LARGE,APP WNL,TRANSFER,K19-491290,1,LFC 031,FIELD,P9991764,SCAN CHIP,1,2019-12-18T00:00:00.000,FY2020,OTHRINTAKS,A1067533,STRAY,MO1764,14:46:00,SPAY NEUTER NETWORK,09:03:00,2019-12-19T00:00:00.000,APP WNL,,SPAY NEUTER NETWORK,,2019-12-18T00:00:00.000,,A19-206315
008801,4,UNAVAILABLE,JAN.2020,DOG,LABRADOR RETR,AT LARGE,APP WNL,ADOPTION,K20-492740,1,VIP22,FIELD,P9991765,SCAN CHIP,1,2020-01-07T00:00:00.000,FY2020,OTHRINTAKS,A1092286,STRAY,RK1765,16:19:00,WALK IN,15:09:00,2020-01-12T00:00:00.000,APP WNL,R20-562710,ADOP RESCU,,2020-01-01T00:00:00.000,ADOPTED,A20-207859
,,IMPOUNDED,NOV.2019,DOG,SIBERIAN HUSKY,WEB,NORMAL,FOUND EXP,K19-487969,1,FOUND,,P0908413,,0,2019-11-19T00:00:00.000,FY2020,,A1088805,STRAY,WEB,08:25:00,OTHER,00:00:00,2019-12-20T00:00:00.000,,,,,2019-11-18T00:00:00.000,,
020500,6,UNAVAILABLE,DEC.2019,CAT,DOMESTIC SH,RETURN,APP SICK,ADOPTION,K19-490591,1,CC 29,OVER THE COUNTER,P0906565,SCAN NO CHIP,1,2019-12-12T00:00:00.000,FY2020,OTHER,A1088275,FOSTER,AC,08:05:00,WALK IN,16:32:00,2019-12-17T00:00:00.000,APP WNL,R19-560941,MEDICAL,,2019-12-12T00:00:00.000,ADOPTED,
,,UNAVAILABLE,FEB.2020,DOG,PIT BULL,DIED,DEAD,DEAD ON ARRIVAL,K20-497155,1,FREEZER,OVER THE COUNTER,P0890427,SCAN CHIP,1,2020-02-07T00:00:00.000,FY2020,OTHRINTAKS,A1093392,FOSTER,DAL,16:57:00,DISPOSAL,17:04:00,2020-02-07T00:00:00.000,DEAD,,,,2020-02-07T00:00:00.000,,
009802,6,UNAVAILABLE,DEC.2019,DOG,CHIHUAHUA SH,AT LARGE,APP WNL,RETURNED TO OWNER,K19-491245,1,RECEIVING,SWEEP,P9991718,UNABLE TO SCAN,1,2019-12-18T00:00:00.000,FY2020,OTHER,A1091192,STRAY,MG1718,12:19:00,FIELD,12:19:00,2019-12-18T00:00:00.000,APP WNL,,,,2019-12-18T00:00:00.000,,A19-206301
020500,6,UNAVAILABLE,DEC.2019,DOG,PIT BULL,HEART WORM,APP WNL,TREATMENT,K19-491189,1,INJD 009,OVER THE COUNTER,P0873605,SCAN CHIP,1,2019-12-19T00:00:00.000,FY2020,OTHER,A0997597,TREATMENT,SJ,09:22:00,COMPLETED,18:48:00,2019-12-19T00:00:00.000,APP SICK,,MEDICAL,,2019-12-18T00:00:00.000,2ND & 3RD INJECTION,
009000,5,UNAVAILABLE,DEC.2019,DOG,LABRADOR RETR,GENERAL,APP WNL,ADOPTION,K19-490426,1,PSDOG 13,OVER THE COUNTER,P0803745,SCAN CHIP,1,2019-12-10T00:00:00.000,FY2020,NOTRIGHTFT,A1066280,OWNER SURRENDER,BW,17:04:00,EAC,10:22:00,2019-12-20T00:00:00.000,APP WNL,R19-561192,ADOP RESCU,,2019-12-10T00:00:00.000,,
008802,4,LAB,DEC.2019,DOG,LABRADOR RETR,AT LARGE,APP INJ,EUTHANIZED,K19-490388,1,PCD 15,FIELD,P9991736,SCAN NO CHIP,1,2019-12-14T00:00:00.000,FY2020,OTHRINTAKS,A1090537,STRAY,TM1736,13:25:00,BEHAVIOR,14:38:00,2019-12-17T00:00:00.000,APP WNL,,EUTH,,2019-12-10T00:00:00.000,,A19-205054
,,UNAVAILABLE,JUN.2020,CAT,DOMESTIC SH,SPAY/NEUT,APP WNL,TREATMENT,K20-507440,1,CC 26,OVER THE COUNTER,P0927345,SCAN NO CHIP,1,2020-06-20T00:00:00.000,FY2020,OTHER,A1101265,TREATMENT,GDG,08:29:00,COMPLETED,17:19:00,2020-06-20T00:00:00.000,APP WNL,,ADOP RESCU,,2020-06-20T00:00:00.000,,A20-223654
010601,6,UNAVAILABLE,DEC.2019,DOG,AUST CATTLE DOG,AT LARGE,APP WNL,RETURNED TO OWNER,K19-491106,1,LFD 147,SWEEP,P9991579,SCAN CHIP,1,2019-12-23T00:00:00.000,FY2020,OTHER,A1091093,STRAY,AS1579,11:12:00,WALK IN,14:36:00,2019-12-18T00:00:00.000,APP WNL,R19-561096,,,2019-12-17T00:00:00.000,,A19-206160
008704,4,UNAVAILABLE,JAN.2020,DOG,PIT BULL,CONFINED,APP WNL,ADOPTION,K20-493969,1,AD 053,FIELD,P9991171,SCAN NO CHIP,1,2020-01-15T00:00:00.000,FY2020,OTHRINTAKS,A1093123,STRAY,AV1711/KC,22:39:00,WALK IN,15:23:00,2020-01-24T00:00:00.000,APP WNL,R20-563303,ADOP RESCU,,2020-01-11T00:00:00.000,ADOPTED,A20-209176
011702,5,IMPOUNDED,DEC.2019,DOG,BELG MALINOIS,CONFINED,UNKNOWN,ADOPTION,K19-491019,1,LFD 154,FIELD,P9991195,SCAN NO CHIP,1,2019-12-20T00:00:00.000,FY2020,OTHRINTAKS,A1091041,STRAY,JO1195,12:47:00,PROMOTION,08:55:00,2019-12-20T00:00:00.000,APP WNL,R19-561047,ADOP RESCU,,2019-12-16T00:00:00.000,PRE ADOPTED,A19-205987
006302,1,IMPOUNDED,DEC.2019,DOG,PEKINGESE,AT LARGE,APP WNL,RETURNED TO OWNER,K19-491282,1,RECEIVING,FIELD,P0912036,SCAN CHIP,1,2019-12-24T00:00:00.000,FY2020,OTHRINTAKS,A1087896,STRAY,MW1723,14:07:00,FIELD,14:24:00,2019-12-18T00:00:00.000,APP WNL,,,,2019-12-18T00:00:00.000,,A19-206324
006100,4,UNAVAILABLE,DEC.2019,DOG,PARSON RUSS TER,GENERAL,APP WNL,TRANSFER,K19-492207,1,LFSD 12,OVER THE COUNTER,P0913160,SCAN CHIP,1,2019-12-29T00:00:00.000,FY2020,PERSNLISSU,A1091891,OWNER SURRENDER,JR,13:48:00,TRANSPORT,17:35:00,2019-12-30T00:00:00.000,APP WNL,,ADOP RESCU,,2019-12-27T00:00:00.000,ADOPTION PEND,
012207,7,IMPOUNDED,JAN.2020,DOG,YORKSHIRE TERR,AT LARGE,APP WNL,RETURNED TO OWNER,K20-493963,1,LFSD 04,FIELD,P9991736,SCAN CHIP,1,2020-01-17T00:00:00.000,FY2020,OTHRINTAKS,A1020292,STRAY,TM1736,19:34:00,WALK IN,12:15:00,2020-01-12T00:00:00.000,APP WNL,R20-562692,POSSIBLY OWNED,,2020-01-11T00:00:00.000,RETURNED TO OWNER,A20-209109
,,IMPOUNDED,MAY.2020,DOG,ALASKAN HUSKY,WEB,NORMAL,LOST EXP,K20-505244,1,LOST,,P0927726,,0,2020-05-20T00:00:00.000,FY2020,,A1101535,STRAY,WEB,22:25:00,OTHER,00:00:00,2020-06-20T00:00:00.000,,,,,2020-05-18T00:00:00.000,,
010803,3,UNAVAILABLE,DEC.2019,DOG,PIT BULL,RETURN30,APP WNL,ADOPTION,K19-490768,1,PSDOG 01,OVER THE COUNTER,P0576979,SCAN CHIP,1,2019-12-14T00:00:00.000,FY2020,BEHAVIOR,A1088720,OWNER SURRENDER,DL,16:15:00,EAC,17:48:00,2019-12-17T00:00:00.000,APP WNL,R19-561069,ADOP RESCU,,2019-12-13T00:00:00.000,ADOPT,
010102,6,IMPOUNDED,DEC.2019,DOG,BORDER COLLIE,GENERAL,UNDERAGE,FOSTER,K19-491153,1,K13,OVER THE COUNTER,P0636519,SCAN NO CHIP,1,2019-12-17T00:00:00.000,FY2020,NOTRIGHTFT,A1091132,OWNER SURRENDER,DL,15:56:00,UNDERAGE,19:52:00,2019-12-17T00:00:00.000,APP WNL,,,,2019-12-17T00:00:00.000,FOSTER,
013620,11,UNAVAILABLE,DEC.2019,DOG,PIT BULL,AT LARGE,APP WNL,ADOPTION,K19-490929,1,VIP07,OVER THE COUNTER,P0911669,SCAN CHIP,1,2019-12-15T00:00:00.000,FY2020,OTHRINTAKS,A1067348,STRAY,CBU,12:05:00,OFFSITE,18:52:00,2019-12-18T00:00:00.000,APP WNL,R19-561129,ADOP RESCU,,2019-12-15T00:00:00.000,GALLERIA,
005902,4,IMPOUNDED,DEC.2019,DOG,DACHSHUND,AT LARGE,APP WNL,RETURNED TO OWNER,K19-491232,1,RECEIVING,SWEEP,P9991772,UNABLE TO SCAN,1,2019-12-18T00:00:00.000,FY2020,OTHER,A1091181,STRAY,RO1772,11:53:00,FIELD,11:53:00,2019-12-18T00:00:00.000,APP WNL,,,,2019-12-18T00:00:00.000,,A19-206297
011900,5,UNAVAILABLE,DEC.2019,DOG,GERM SHEPHERD,CONFINED,UNKNOWN,ADOPTION,K19-489803,1,AD 050,FIELD,P9991195,SCAN NO CHIP,4,2019-12-11T00:00:00.000,FY2020,OTHRINTAKS,A1090122,STRAY,JO1195,12:46:00,WALK IN,15:38:00,2019-12-17T00:00:00.000,APP WNL,R19-561057,ADOP RESCU,,2019-12-05T00:00:00.000,ADOPTED,A19-203972
020500,6,UNAVAILABLE,DEC.2019,DOG,CHOW CHOW,HEART WORM,APP WNL,TREATMENT,K19-489651,1,INJD 007,OVER THE COUNTER,P0905671,SCAN CHIP,1,2019-12-04T00:00:00.000,FY2020,OTHER,A1081349,TREATMENT,NG,09:53:00,COMPLETED,17:00:00,2019-12-04T00:00:00.000,APP WNL,,ADOP RESCU,,2019-12-04T00:00:00.000,,A19-191585
,,UNAVAILABLE,FEB.2020,DOG,DACHSHUND,GENERAL,APP WNL,ADOPTION,K20-496650,1,CC 01,OVER THE COUNTER,P0917635,SCAN NO CHIP,1,2020-02-03T00:00:00.000,FY2020,PERSNLISSU,A1095103,OWNER SURRENDER,OJC,14:31:00,WALK IN,15:59:00,2020-02-07T00:00:00.000,APP WNL,R20-564061,ADOPTION,,2020-02-03T00:00:00.000,MJR,
006502,3,UNAVAILABLE,DEC.2019,DOG,PIT BULL,AT LARGE,APP WNL,ADOPTION,K19-491259,1,DC 03,OVER THE COUNTER,P0758773,SCAN NO CHIP,1,2019-12-18T00:00:00.000,FY2020,OTHRINTAKS,A1091194,STRAY,BW,12:11:00,WALK IN,17:17:00,2019-12-19T00:00:00.000,APP WNL,R19-561111,ADOP RESCU,,2019-12-18T00:00:00.000,ADOPTED,
012000,7,AVAILABLE,DEC.2019,DOG,CHIHUAHUA SH,AT LARGE,APP WNL,TRANSFER,K19-489920,1,AD 101,SWEEP,P9991772,SCAN NO CHIP,1,2019-12-10T00:00:00.000,FY2020,OTHER,A1090213,STRAY,RO1772,13:14:00,GENERAL,11:23:00,2019-12-18T00:00:00.000,APP WNL,,ADOP RESCU,,2019-12-06T00:00:00.000,TAGGED,A19-204464
010805,3,IMPOUNDED,FEB.2020,DOG,CHIHUAHUA SH,AT LARGE,APP WNL,RETURNED TO OWNER,K20-497091,1,RECEIVING,SWEEP,P9991721,UNABLE TO SCAN,1,2020-02-07T00:00:00.000,FY2020,OTHER,A1095420,STRAY,JMK1721,10:43:00,FIELD,10:49:00,2020-02-07T00:00:00.000,APP WNL,,,,2020-02-07T00:00:00.000,,A20-212463
,,IMPOUNDED,NOV.2019,DOG,LABRADOR RETR,WEB,NORMAL,LOST EXP,K19-488111,1,LOST,,P0908527,,0,2019-11-19T00:00:00.000,FY2020,,A1088904,STRAY,WEB,00:25:00,OTHER,00:00:00,2019-12-20T00:00:00.000,,,,,2019-11-19T00:00:00.000,,
018506,10,AVAILABLE,DEC.2019,DOG,PIT BULL,GENERAL,APP WNL,ADOPTION,K19-490976,1,LFD 059,FIELD,P0911748,SCAN NO CHIP,1,2019-12-15T00:00:00.000,FY2020,HOUSING,A1091016,OWNER SURRENDER,BT1210,19:40:00,PROMOTION,18:06:00,2019-12-17T00:00:00.000,APP WNL,R19-561070,ADOP RESCU,,2019-12-15T00:00:00.000,LFD59 - DC20,A19-205883
004800,4,UNAVAILABLE,DEC.2019,DOG,GERM SHEPHERD,AT LARGE,APP INJ,TRANSFER,K19-492225,1,INJD 002,FIELD,P0913177,SCAN CHIP,1,2020-01-02T00:00:00.000,FY2020,OTHER,A1003128,STRAY,AO1781,15:14:00,MEDICAL-CONTAGIOUS,12:43:00,2019-12-30T00:00:00.000,APP INJ,,EMERGENCY RESCUE,,2019-12-27T00:00:00.000,TAGGED,A19-207318
020500,6,UNAVAILABLE,DEC.2019,DOG,PIT BULL,SURGERY,APP WNL,FOSTER,K19-491080,1,CC 07,OVER THE COUNTER,P0733126,SCAN NO CHIP,1,2019-12-17T00:00:00.000,FY2020,OTHER,A1089209,FOSTER,OT,08:58:00,SURGERY,16:13:00,2019-12-17T00:00:00.000,APP WNL,,RESC FOSTR,,2019-12-17T00:00:00.000,FOSTER,
012800,9,IMPOUNDED,JAN.2020,DOG,BOSTON TERRIER,DEAD ON ARRIVAL,DEAD,DEAD ON ARRIVAL,K20-495432,1,FREEZER,OVER THE COUNTER,P0550928,SCAN CHIP,1,2020-01-24T00:00:00.000,FY2020,OTHRINTAKS,A0707949,OWNER SURRENDER,CDM,16:33:00,DISPOSAL,18:55:00,2020-01-24T00:00:00.000,DEAD,,,,2020-01-24T00:00:00.000,,
011701,5,UNAVAILABLE,FEB.2020,DOG,PIT BULL,AT LARGE,APP WNL,ADOPTION,K20-496634,1,DC 14,FIELD,P9991736,SCAN NO CHIP,1,2020-02-07T00:00:00.000,FY2020,OTHRINTAKS,A1095087,STRAY,TMB1736,12:59:00,WALK IN,16:39:00,2020-02-07T00:00:00.000,APP WNL,R20-564002,ADOP RESCU,,2020-02-03T00:00:00.000,SMK,A20-211974
007818,13,UNAVAILABLE,NOV.2019,DOG,BOXER,GENERAL,APP WNL,ADOPTION,K19-487200,1,VIP10,OVER THE COUNTER,P0907616,SCAN NO CHIP,1,2019-11-12T00:00:00.000,FY2020,PERSNLISSU,A1088219,OWNER SURRENDER,CBU,15:59:00,OFFSITE,15:27:00,2019-12-17T00:00:00.000,APP WNL,R19-561071,ADOP RESCU,,2019-11-12T00:00:00.000,GALLERIA,
005600,4,IMPOUNDED,JAN.2020,DOG,GERM SHEPHERD,AT LARGE,APP WNL,RETURNED TO OWNER,K20-495454,1,RECEIVING,FIELD,P9991751,SCAN CHIP,1,2020-01-25T00:00:00.000,FY2020,OTHRINTAKS,A0968522,STRAY,EP1751,00:08:00,FIELD,00:09:00,2020-01-25T00:00:00.000,APP WNL,,,,2020-01-25T00:00:00.000,,A20-210791
020500,6,IMPOUNDED,DEC.2019,DOG,LABRADOR RETR,AT LARGE,APP WNL,ADOPTION,K19-490869,1,PUPS 3,SWEEP,P9991772,SCAN CHIP,1,2019-12-20T00:00:00.000,FY2020,OTHER,A1043486,STRAY,RO1772,14:39:00,WALK IN,18:04:00,2019-12-19T00:00:00.000,APP WNL,R19-560999,ADOP RESCU,,2019-12-14T00:00:00.000,PRE ADOPTED,A19-205695
017004,8,RELEASED FROM QUARANTINE,FEB.2020,DOG,PIT BULL,QUARANTINE,APP WNL,RETURNED TO OWNER,K20-498153,1,QD 24,FIELD,P0919186,SCAN NO CHIP,1,2020-02-25T00:00:00.000,FY2020,OTHER,A1096237,CONFISCATED,ATB1754,16:14:00,WALK IN,16:51:00,2020-02-26T00:00:00.000,APP WNL,R20-565080,QUARANTINE,,2020-02-17T00:00:00.000,,A20-213732
005902,4,UNAVAILABLE,DEC.2019,CAT,DOMESTIC SH,CONFINED,APP WNL,TRANSFER,K19-490728,1,AC 007,FIELD,P0911378,SCAN NO CHIP,1,2019-12-17T00:00:00.000,FY2020,OTHER,A1090820,STRAY,BC1779,11:44:00,SPAY NEUTER NETWORK,08:59:00,2019-12-19T00:00:00.000,APP WNL,,SPAY NEUTER NETWORK,,2019-12-13T00:00:00.000,,A19-205510
007102,2,UNAVAILABLE,MAR.2020,DOG,GREAT PYRENEES,FIELD,APP WNL,ADOPTION,K20-501095,1,PSDOG 16,FIELD,P0888932,SCAN CHIP,1,2020-03-14T00:00:00.000,FY2020,FINANCIAL,A1071959,OWNER SURRENDER,BMO1764,14:33:00,EAC,10:24:00,2020-03-17T00:00:00.000,APP WNL,R20-566229,ADOP RESCU,,2020-03-14T00:00:00.000,,A20-216848
009201,5,IMPOUNDED,DEC.2019,DOG,GERM SHEPHERD,AT LARGE,APP WNL,RETURNED TO OWNER,K19-492452,1,RECEIVING,SWEEP,P9991704,SCAN NO CHIP,1,2020-01-03T00:00:00.000,FY2020,OTHER,A1092072,STRAY,SC1704,09:57:00,FIELD,09:59:00,2019-12-30T00:00:00.000,APP WNL,,,,2019-12-30T00:00:00.000,,A19-207561
005700,4,UNAVAILABLE,FEB.2020,DOG,GERM SHEPHERD,AT LARGE,APP WNL,ADOPTION,K20-497601,1,DC 03,FIELD,P9991774,SCAN NO CHIP,1,2020-02-16T00:00:00.000,FY2020,OTHRINTAKS,A1095799,STRAY,SMM,13:02:00,WALK IN,18:37:00,2020-02-26T00:00:00.000,APP WNL,R20-565088,ADOP RESCU,,2020-02-12T00:00:00.000,,A20-213084
005700,4,IMPOUNDED,DEC.2019,DOG,POODLE MIN,AT LARGE,APP WNL,RETURNED TO OWNER,K19-492545,1,RECEIVING,FIELD,P9991740,SCAN NO CHIP,1,2020-01-03T00:00:00.000,FY2020,OTHRINTAKS,A1092143,STRAY,WH1740,23:26:00,FIELD,23:29:00,2019-12-30T00:00:00.000,APP WNL,,,,2019-12-30T00:00:00.000,,A19-207657
016701,8,UNAVAILABLE,JAN.2020,DOG,CHIHUAHUA LH,AT LARGE,APP WNL,ADOPTION,K20-493944,1,CC 02,FIELD,P9991764,SCAN NO CHIP,1,2020-01-15T00:00:00.000,FY2020,OTHRINTAKS,A1093104,STRAY,O1764,16:35:00,WALK IN,18:19:00,2020-01-15T00:00:00.000,APP WNL,R20-562810,ADOPTION,,2020-01-11T00:00:00.000,PRE ADOPTED,A20-209119
020500,6,UNAVAILABLE,DEC.2019,CAT,DOMESTIC SH,GENERAL,APP WNL,ADOPTION,K19-491130,1,AC 041,OVER THE COUNTER,P0902042,SCAN CHIP,1,2019-12-17T00:00:00.000,FY2020,HOUSING,A1076323,OWNER SURRENDER,DL,13:27:00,WALK IN,18:42:00,2019-12-18T00:00:00.000,APP WNL,R19-561124,ADOP RESCU,,2019-12-17T00:00:00.000,GALLERIA,
017004,8,UNAVAILABLE,JAN.2020,CAT,DOMESTIC SH,AT LARGE,APP WNL,ADOPTION,K20-495145,1,CC 22,OVER THE COUNTER,P0916137,SCAN NO CHIP,1,2020-01-24T00:00:00.000,FY2020,OTHRINTAKS,A1093981,STRAY,MM,11:48:00,WALK IN,17:36:00,2020-01-24T00:00:00.000,APP WNL,R20-563224,ADOP RESCU,,2020-01-22T00:00:00.000,PREADOPTED,
004201,1,IMPOUNDED,DEC.2019,CAT,DOMESTIC SH,AT LARGE,APP WNL,ADOPTION,K19-492059,1,CC 23,OVER THE COUNTER,P0912980,SCAN NO CHIP,1,2019-12-30T00:00:00.000,FY2020,OTHRINTAKS,A1091788,STRAY,CDM,11:51:00,WALK IN,16:46:00,2019-12-30T00:00:00.000,APP WNL,R19-561772,ADOP RESCU,,2019-12-26T00:00:00.000,PREADOPTED,
,,IMPOUNDED,JAN.2020,DOG,BEAGLE,WEB,NORMAL,LOST EXP,K20-493463,1,LOST,,P0914574,,0,2020-01-07T00:00:00.000,FY2020,,A1092773,STRAY,WEB,15:25:00,OTHER,00:00:00,2020-02-07T00:00:00.000,,,,,2020-01-06T00:00:00.000,,
,,IMPOUNDED,NOV.2019,DOG,GERM SHEPHERD,WEB,NORMAL,FOUND EXP,K19-489171,1,FOUND,,P0909592,,0,2019-11-29T00:00:00.000,FY2020,,A1089667,STRAY,WEB,15:25:00,OTHER,00:00:00,2019-12-30T00:00:00.000,,,,,2019-11-29T00:00:00.000,,
009000,5,UNAVAILABLE,DEC.2019,DOG,LABRADOR RETR,GENERAL,APP WNL,ADOPTION,K19-489692,1,VIP20,FIELD,P0910268,SCAN CHIP,1,2019-12-04T00:00:00.000,FY2020,BEHAVIOR,A1039981,OWNER SURRENDER,TM1736,12:53:00,OFFSITE,13:43:00,2019-12-17T00:00:00.000,APP WNL,R19-561075,ADOP RESCU,,2019-12-04T00:00:00.000,GALLERIA,A19-204171
,,IMPOUNDED,NOV.2019,CAT,DOMESTIC SH,WEB,NORMAL,LOST EXP,K19-488109,1,LOST,,P0908526,,0,2019-11-19T00:00:00.000,FY2020,,A1088903,STRAY,WEB,23:25:00,OTHER,00:00:00,2019-12-20T00:00:00.000,,,,,2019-11-15T00:00:00.000,,
006502,3,UNAVAILABLE,DEC.2019,DOG,PIT BULL,AT LARGE,APP WNL,ADOPTION,K19-491260,1,LFSD 09,OVER THE COUNTER,P0758773,SCAN NO CHIP,1,2019-12-18T00:00:00.000,FY2020,OTHRINTAKS,A1091195,STRAY,BW,12:11:00,WALK IN,16:21:00,2019-12-19T00:00:00.000,APP WNL,R19-561155,ADOP RESCU,,2019-12-18T00:00:00.000,LFSD9 - DC22,
007821,13,UNAVAILABLE,DEC.2019,DOG,PIT BULL,GENERAL,APP WNL,ADOPTION,K19-490969,1,AD 012,OVER THE COUNTER,P0897086,SCAN CHIP,1,2019-12-15T00:00:00.000,FY2020,BEHAVIOR,A1079079,OWNER SURRENDER,BW,16:41:00,WALK IN,12:06:00,2019-12-19T00:00:00.000,APP WNL,R19-561142,ADOP RESCU,,2019-12-15T00:00:00.000,ADOPTED,
019035,10,UNAVAILABLE,FEB.2020,DOG,PARSON RUSS TER,GENERAL,APP WNL,TRANSFER,K20-496994,1,PUPS 2,FIELD,P0917913,SCAN NO CHIP,1,2020-02-06T00:00:00.000,FY2020,OTHER,A1095354,OWNER SURRENDER,AJR1758,12:12:00,UNDERAGE,11:19:00,2020-02-07T00:00:00.000,UNDERAGE,,RESC FOSTR,,2020-02-06T00:00:00.000,,A20-212337
011701,5,IMPOUNDED,DEC.2019,DOG,LABRADOR RETR,AT LARGE,APP WNL,RETURNED TO OWNER,K19-492440,1,RECEIVING,SWEEP,P9991704,SCAN NO CHIP,1,2020-01-03T00:00:00.000,FY2020,OTHER,A1092064,STRAY,SC1704,08:20:00,FIELD,08:22:00,2019-12-30T00:00:00.000,APP WNL,,,,2019-12-30T00:00:00.000,,A19-207548
008701,4,IMPOUNDED,DEC.2019,DOG,SIBERIAN HUSKY,AT LARGE,APP WNL,RETURNED TO OWNER,K19-492458,1,RECEIVING,FIELD,P9991774,UNABLE TO SCAN,1,2019-12-30T00:00:00.000,FY2020,OTHRINTAKS,A1092076,STRAY,SM1774,10:31:00,FIELD,10:35:00,2019-12-30T00:00:00.000,APP WNL,,,,2019-12-30T00:00:00.000,,A19-207560
010602,6,IMPOUNDED,FEB.2020,DOG,GERM SHEPHERD,AT LARGE,APP WNL,RETURNED TO OWNER,K20-499111,1,RECEIVING,SWEEP,P9991772,UNABLE TO SCAN,1,2020-02-26T00:00:00.000,FY2020,OTHER,A1094045,STRAY,ROB1772,11:47:00,FIELD,11:48:00,2020-02-26T00:00:00.000,APP WNL,,,,2020-02-26T00:00:00.000,,A20-214775
008400,5,UNAVAILABLE,DEC.2019,DOG,PIT BULL,AT LARGE,APP WNL,ADOPTION,K19-489686,1,PSDOG 09,SWEEP,P9991772,SCAN NO CHIP,1,2019-12-08T00:00:00.000,FY2020,OTHER,A1090042,STRAY,RO1772,12:30:00,EAC,17:16:00,2019-12-19T00:00:00.000,APP WNL,R19-561176,ADOP RESCU,,2019-12-04T00:00:00.000,ADOPT,A19-204170
016607,8,UNAVAILABLE,MAY.2020,BIRD,CROW,NON-RABIES,APP INJ,WILDLIFE,K20-504496,1,RELOCATE,FIELD,P9991718,UNABLE TO SCAN,1,2020-05-09T00:00:00.000,FY2020,OTHER,A1100978,WILDLIFE,MWG1718,12:24:00,TRANSFER,12:34:00,2020-05-09T00:00:00.000,APP INJ,,,,2020-05-09T00:00:00.000,,A20-222943
020500,6,AVAILABLE,NOV.2019,CAT,DOMESTIC SH,SURGERY,UNKNOWN,FOSTER,K19-487536,1,FOSTER,OVER THE COUNTER,P0884389,SCAN NO CHIP,1,2019-11-15T00:00:00.000,FY2020,MEDICAL,A1078540,FOSTER,CW,09:28:00,SURGERY,18:33:00,2019-11-15T00:00:00.000,UNKNOWN,,RESC FOSTR,,2019-11-15T00:00:00.000,FOSTER,
008802,4,UNAVAILABLE,DEC.2019,DOG,PIT BULL,AT LARGE,APP WNL,RETURNED TO OWNER,K19-491384,1,RECEIVING,SWEEP,P9991721,UNABLE TO SCAN,1,2019-12-19T00:00:00.000,FY2020,OTHER,A1091273,STRAY,MG 1718,13:08:00,FIELD,13:09:00,2019-12-19T00:00:00.000,APP WNL,,,,2019-12-19T00:00:00.000,,A19-206429
,,IMPOUNDED,FEB.2020,DOG,CATAHOULA,WEB,NORMAL,LOST EXP,K20-497988,1,LOST,,P0919012,,0,2020-02-15T00:00:00.000,FY2020,,A1096107,STRAY,WEB,18:25:00,OTHER,00:00:00,2020-03-17T00:00:00.000,,,,,2020-02-15T00:00:00.000,,
006700,1,UNAVAILABLE,DEC.2019,CAT,DOMESTIC SH,AT LARGE,APP WNL,ADOPTION,K19-492286,1,CC 34,OVER THE COUNTER,P0765045,SCAN NO CHIP,1,2019-12-28T00:00:00.000,FY2020,OTHRINTAKS,A1091951,STRAY,JR,12:27:00,WALK IN,17:30:00,2019-12-30T00:00:00.000,APP WNL,R19-561739,ADOP RESCU,,2019-12-28T00:00:00.000,ADOPTED,
011300,8,UNAVAILABLE,JAN.2020,DOG,PIT BULL,CONFINED,APP WNL,TRANSFER,K20-494312,1,PUPS 3,FIELD,P0915328,UNABLE TO SCAN,1,2020-01-18T00:00:00.000,FY2020,OTHRINTAKS,A1093358,STRAY,1740,20:20:00,UNDERAGE,10:45:00,2020-01-24T00:00:00.000,APP WNL,,RESCU ONLY,,2020-01-14T00:00:00.000,TAGGED,A20-209496
017004,8,UNAVAILABLE,DEC.2019,DOG,GREAT PYRENEES,CONFINED,APP INJ,FOSTER,K19-491334,1,FOSTER,FIELD,P9991171,SCAN NO CHIP,1,2019-12-21T00:00:00.000,FY2020,OTHRINTAKS,A1091244,STRAY,AV1171,18:35:00,GENERAL,16:14:00,2019-12-21T00:00:00.000,APP WNL,,ADOP RESCU,,2019-12-18T00:00:00.000,FOSTER,A19-206352
020500,6,UNAVAILABLE,DEC.2019,DOG,PIT BULL,CONFINED,APP WNL,ADOPTION,K19-491100,1,CC 03,FIELD,P0911879,SCAN NO CHIP,1,2019-12-17T00:00:00.000,FY2020,OTHRINTAKS,A1091087,STRAY,SM1774,10:06:00,WALK IN,17:01:00,2019-12-18T00:00:00.000,APP WNL,R19-561039,ADOP RESCU,,2019-12-17T00:00:00.000,PREADOPT,A19-206155
,,IMPOUNDED,NOV.2019,DOG,YORKSHIRE TERR,WEB,NORMAL,LOST EXP,K19-489191,1,LOST,,P0909666,,0,2019-11-29T00:00:00.000,FY2020,,A1089683,STRAY,WEB,22:25:00,OTHER,00:00:00,2019-12-30T00:00:00.000,,,,,2019-11-10T00:00:00.000,,
007102,2,UNAVAILABLE,DEC.2019,WILDLIFE,GUINEA PIG,GENERAL,APP WNL,ADOPTION,K19-492317,1,FAM GP 04,OVER THE COUNTER,P0498308,SCAN NO CHIP,1,2019-12-28T00:00:00.000,FY2020,PERSNLISSU,A1091976,OWNER SURRENDER,JR,15:23:00,WALK IN,19:21:00,2019-12-30T00:00:00.000,APP WNL,R19-561940,ADOP RESCU,,2019-12-28T00:00:00.000,ADOPTION,
016701,8,UNAVAILABLE,JAN.2020,DOG,PIT BULL,AT LARGE,APP WNL,ADOPTION,K20-495664,1,VIP07,SWEEP,P9991579,SCAN NO CHIP,1,2020-01-30T00:00:00.000,FY2020,OTHER,A1094338,STRAY,ASB1579,13:47:00,WALK IN,13:43:00,2020-02-26T00:00:00.000,APP WNL,R20-565100,ADOP RESCU,,2020-01-26T00:00:00.000,,A20-210952
013625,11,UNAVAILABLE,DEC.2019,CAT,DOMESTIC SH,AT LARGE,APP WNL,ADOPTION,K19-492248,1,AC 005,OVER THE COUNTER,P0913242,SCAN NO CHIP,1,2019-12-31T00:00:00.000,FY2020,OTHRINTAKS,A1091924,STRAY,CDM,18:39:00,WALK IN,12:57:00,2020-01-12T00:00:00.000,APP WNL,R20-562696,ADOP RESCU,,2019-12-27T00:00:00.000,ADOPTED,
020500,6,UNAVAILABLE,DEC.2019,CAT,DOMESTIC SH,GENERAL,APP WNL,ADOPTION,K19-490864,1,PSCAT 06,OVER THE COUNTER,P0669570,SCAN CHIP,2,2019-12-14T00:00:00.000,FY2020,OTHRINTAKS,A1083298,FOSTER,JD,13:46:00,EAC,14:24:00,2019-12-19T00:00:00.000,APP WNL,R19-561163,ADOP RESCU,,2019-12-14T00:00:00.000,ADOPT,
018506,10,UNAVAILABLE,DEC.2019,CAT,DOMESTIC SH,CONFINED,APP INJ,EUTHANIZED,K19-491381,1,RECEIVING,FIELD,P0912151,SCAN NO CHIP,1,2019-12-23T00:00:00.000,FY2020,OTHER,A1091269,STRAY,BC1779,12:40:00,HUMANE,13:31:00,2019-12-19T00:00:00.000,APP INJ,,,,2019-12-19T00:00:00.000,,A19-206420
011800,5,UNAVAILABLE,MAR.2020,DOG,PIT BULL,AT LARGE,APP WNL,ADOPTION,K20-501004,1,LFD 086,FIELD,P9991768,SCAN NO CHIP,1,2020-03-17T00:00:00.000,FY2020,OTHRINTAKS,A1098463,STRAY,ERB1768,17:12:00,WESTMORELD,11:11:00,2020-03-17T00:00:00.000,APP WNL,R20-566027,ADOP RESCU,,2020-03-13T00:00:00.000,,A20-216762
020500,6,IMPOUNDED,JAN.2020,DOG,GERM SHEPHERD,HEART WORM,APP WNL,TREATMENT,K20-493985,1,INJD 003,OVER THE COUNTER,P0907333,SCAN CHIP,1,2020-01-12T00:00:00.000,FY2020,OTHRINTAKS,A1087012,TREATMENT,CBU,09:47:00,COMPLETED,17:29:00,2020-01-12T00:00:00.000,APP SICK,,MEDICAL,,2020-01-12T00:00:00.000,HWT EVAL/INJ 3B,
004800,4,IMPOUNDED,DEC.2019,DOG,BOXER,AT LARGE,APP WNL,TRANSFER,K19-492087,1,DC 05,FIELD,P9991779,SCAN NO CHIP,1,2019-12-30T00:00:00.000,FY2020,OTHER,A1091808,STRAY,BC1779,14:44:00,TRANSPORT,16:30:00,2019-12-30T00:00:00.000,APP WNL,,ADOP RESCU,,2019-12-26T00:00:00.000,TAGGED,A19-207170
016510,3,UNAVAILABLE,JAN.2020,DOG,CHIHUAHUA SH,AT LARGE,APP WNL,TRANSFER,K20-493295,1,SMD07,OVER THE COUNTER,P0914440,SCAN NO CHIP,1,2020-01-12T00:00:00.000,FY2020,OTHRINTAKS,A1092656,STRAY,BW,13:58:00,GENERAL,11:13:00,2020-01-12T00:00:00.000,APP WNL,,ADOP RESCU,,2020-01-06T00:00:00.000,TAGGED,
006501,1,UNAVAILABLE,DEC.2019,DOG,CHIHUAHUA SH,AT LARGE,UNKNOWN,ADOPTION,K19-491122,1,DC 19,SWEEP,P9991579,SCAN NO CHIP,1,2019-12-19T00:00:00.000,FY2020,OTHER,A1091107,STRAY,AS1579,12:57:00,WALK IN,16:20:00,2019-12-19T00:00:00.000,APP WNL,R19-561055,ADOPTION,,2019-12-17T00:00:00.000,ADOPTED,A19-206174
006700,1,UNAVAILABLE,DEC.2019,DOG,CHIHUAHUA SH,AT LARGE,APP WNL,RETURNED TO OWNER,K19-492216,1,CC 15,SWEEP,P9991772,SCAN NO CHIP,1,2019-12-31T00:00:00.000,FY2020,OTHER,A1091899,STRAY,RO1772,14:20:00,WALK IN,17:25:00,2019-12-30T00:00:00.000,APP WNL,R19-561707,ADOP RESCU,,2019-12-27T00:00:00.000,RETURNED TO OWNER : SX 12/30/19,A19-207315
006800,1,UNAVAILABLE,FEB.2020,DOG,GERM SHEPHERD,GENERAL,APP WNL,ADOPTION,K20-496947,1,LFD 069,FIELD,P0917889,SCAN NO CHIP,1,2020-02-05T00:00:00.000,FY2020,PERSNLISSU,A1095322,OWNER SURRENDER,TMB1736,19:11:00,WALK IN,13:18:00,2020-02-07T00:00:00.000,APP WNL,,ADOP RESCU,,2020-02-05T00:00:00.000,SMK,A20-212282
008900,4,UNAVAILABLE,MAR.2020,DOG,CHIHUAHUA SH,GENERAL,APP WNL,ADOPTION,K20-501208,1,LFD 165,FIELD,P0922240,SCAN NO CHIP,1,2020-03-15T00:00:00.000,FY2020,PERSNLISSU,A1098632,OWNER SURRENDER,TMB1736,13:45:00,WESTMORELD,16:45:00,2020-03-17T00:00:00.000,APP WNL,R20-566264,ADOP RESCU,,2020-03-15T00:00:00.000,BBW,A20-216962
006700,1,UNAVAILABLE,DEC.2019,CAT,DOMESTIC MH,AT LARGE,APP WNL,ADOPTION,K19-491113,1,CC 28,OVER THE COUNTER,P0843483,SCAN NO CHIP,1,2019-12-17T00:00:00.000,FY2020,OTHRINTAKS,A1091100,STRAY,DL,11:55:00,WALK IN,15:08:00,2019-12-18T00:00:00.000,APP WNL,R19-561087,ADOP RESCU,,2019-12-17T00:00:00.000,,
010804,3,UNAVAILABLE,DEC.2019,DOG,PIT BULL,AT LARGE,APP WNL,TRANSFER,K19-491103,1,K15,FIELD,P9991736,SCAN NO CHIP,1,2019-12-17T00:00:00.000,FY2020,OTHRINTAKS,A1091090,STRAY,TM1736,10:26:00,UNDERAGE,15:55:00,2019-12-18T00:00:00.000,UNDERAGE,,RESC FOSTR,,2019-12-17T00:00:00.000,TAGGED,A19-206162
007825,10,UNAVAILABLE,DEC.2019,CAT,DOMESTIC SH,KEEP SAFE,APP WNL,RETURNED TO OWNER,K19-492351,1,QC 08,FIELD,P9991781,SCAN NO CHIP,1,2020-01-08T00:00:00.000,FY2020,OTHER,A1092005,CONFISCATED,AO1781,22:48:00,WALK IN,17:37:00,2019-12-29T00:00:00.000,APP WNL,R19-561868,,,2019-12-28T00:00:00.000,,A19-207450
009303,5,UNAVAILABLE,DEC.2019,DOG,AUST SHEPHERD,AT LARGE,APP WNL,TRANSFER,K19-490636,1,FAM GP 02,SWEEP,P9991772,SCAN CHIP,1,2019-12-16T00:00:00.000,FY2020,OTHER,A1038622,STRAY,RO1772,13:05:00,GENERAL,17:43:00,2019-12-17T00:00:00.000,APP WNL,,ADOP RESCU,,2019-12-12T00:00:00.000,,A19-205383
020500,6,AVAILABLE,DEC.2019,CAT,DOMESTIC SH,TREATMENT,APP WNL,FOSTER,K19-491236,1,F3,OVER THE COUNTER,P0781200,SCAN CHIP,1,2019-12-18T00:00:00.000,FY2020,OTHER,A1084959,FOSTER,AC,12:08:00,TREATMENT,13:46:00,2019-12-18T00:00:00.000,UNKNOWN,,RESC FOSTR,,2019-12-18T00:00:00.000,FOSTER,
004500,1,IMPOUNDED,DEC.2019,DOG,PIT BULL,AT LARGE,APP WNL,RETURNED TO OWNER,K19-490832,1,AD 006,OVER THE COUNTER,P0911528,SCAN CHIP,1,2019-12-20T00:00:00.000,FY2020,OTHRINTAKS,A1074457,STRAY,DL,11:11:00,WALK IN,15:19:00,2019-12-19T00:00:00.000,APP WNL,R19-561169,,,2019-12-14T00:00:00.000,RETURNED TO OWNER BW,
,,IMPOUNDED,NOV.2019,DOG,ST BERNARD SMTH,WEB,NORMAL,FOUND EXP,K19-489157,1,FOUND,,P0909566,,0,2019-11-29T00:00:00.000,FY2020,,A1089655,STRAY,WEB,14:25:00,OTHER,00:00:00,2019-12-30T00:00:00.000,,,,,2019-11-23T00:00:00.000,,
009303,5,UNAVAILABLE,DEC.2019,DOG,PIT BULL,AT LARGE,APP WNL,ADOPTION,K19-489468,1,AD 057,FIELD,P9991754,SCAN NO CHIP,1,2019-12-06T00:00:00.000,FY2020,OTHER,A1089884,STRAY,AT1754,15:15:00,OFFSITE,14:21:00,2019-12-17T00:00:00.000,APP WNL,R19-561074,ADOP RESCU,,2019-12-02T00:00:00.000,GALLERIA,A19-203706
008400,5,IMPOUNDED,DEC.2019,DOG,CHIHUAHUA SH,AT LARGE,APP WNL,RETURNED TO OWNER,K19-492464,1,RECEIVING,SWEEP,P9991704,SCAN CHIP,1,2020-01-03T00:00:00.000,FY2020,OTHER,A1092081,STRAY,SC1704,11:03:00,FIELD,11:04:00,2019-12-30T00:00:00.000,APP WNL,,,,2019-12-30T00:00:00.000,,A19-207574
,,IMPOUNDED,NOV.2019,DOG,COCKER SPAN,WEB,NORMAL,FOUND EXP,K19-488094,1,FOUND,,P0908521,,0,2019-11-19T00:00:00.000,FY2020,,A1088887,STRAY,WEB,19:25:00,OTHER,00:00:00,2019-12-20T00:00:00.000,,,,,2019-11-18T00:00:00.000,,
021634,12,UNAVAILABLE,MAR.2020,DOG,PIT BULL,GENERAL,APP WNL,ADOPTION,K20-501277,1,LFSD 16,FIELD,P0922356,SCAN NO CHIP,1,2020-03-16T00:00:00.000,FY2020,OTHER,A1098690,OWNER SURRENDER,MLM1701,12:34:00,WESTMORELD,00:00:00,2020-03-17T00:00:00.000,APP WNL,R20-566216,ADOP RESCU,,2020-03-16T00:00:00.000,,A20-217037
010803,3,UNAVAILABLE,DEC.2019,DOG,SHIH TZU,GENERAL,APP WNL,ADOPTION,K19-492314,1,CC 08,OVER THE COUNTER,P0604038,SCAN NO CHIP,1,2019-12-28T00:00:00.000,FY2020,OTHRINTAKS,A1091973,OWNER SURRENDER,JR,15:00:00,WALK IN,17:57:00,2019-12-30T00:00:00.000,APP WNL,R19-561763,ADOPTION,,2019-12-28T00:00:00.000,ADOPTED,
010701,3,IMPOUNDED,DEC.2019,DOG,SHIBA INU,AT LARGE,APP WNL,RETURNED TO OWNER,K19-491110,1,LFSD 11,OVER THE COUNTER,P0911888,SCAN CHIP,1,2019-12-23T00:00:00.000,FY2020,OTHRINTAKS,A1091097,STRAY,DL,11:17:00,WALK IN,19:43:00,2019-12-17T00:00:00.000,APP WNL,R19-561080,,,2019-12-17T00:00:00.000,,
007902,9,UNAVAILABLE,DEC.2019,DOG,PIT BULL,GENERAL,CRITICAL,TRANSFER,K19-491023,1,AD 015,OVER THE COUNTER,P0879763,SCAN CHIP,1,2019-12-16T00:00:00.000,FY2020,MEDICAL,A1063176,OWNER SURRENDER,BW,13:41:00,MEDICAL-CONTAGIOUS,11:10:00,2019-12-20T00:00:00.000,APP INJ,,RESCU ONLY,,2019-12-16T00:00:00.000,TAGGED,
020500,6,UNAVAILABLE,DEC.2019,DOG,AUST SHEPHERD,SURGERY,APP WNL,FOSTER,K19-491355,1,DC 21,OVER THE COUNTER,P0909854,SCAN NO CHIP,1,2019-12-19T00:00:00.000,FY2020,OTHER,A1089710,FOSTER,AC,10:11:00,SURGERY,16:21:00,2019-12-19T00:00:00.000,APP WNL,,RESC FOSTR,,2019-12-19T00:00:00.000,FOSTER,
020500,6,AVAILABLE,DEC.2019,CAT,DOMESTIC SH,RETURN,APP SICK,ADOPTION,K19-490170,1,CC 29,OVER THE COUNTER,P0906565,SCAN NO CHIP,1,2019-12-08T00:00:00.000,FY2020,OTHER,A1088277,FOSTER,AC,14:36:00,WALK IN,16:32:00,2019-12-17T00:00:00.000,APP WNL,R19-560939,MEDICAL,,2019-12-08T00:00:00.000,ADOPTED,
011101,8,UNAVAILABLE,DEC.2019,DOG,PIT BULL,AT LARGE,APP INJ,RETURNED TO OWNER,K19-490889,1,ID 10,FIELD,P9991751,SCAN NO CHIP,1,2019-12-18T00:00:00.000,FY2020,OTHRINTAKS,A1090958,STRAY,EP1751,20:01:00,WALK IN,17:34:00,2019-12-18T00:00:00.000,APP INJ,R19-561053,ADOP RESCU,,2019-12-14T00:00:00.000,RETURNED TO OWNER SX 12/18/19,A19-205717
019212,11,UNAVAILABLE,DEC.2019,DOG,CHIHUAHUA SH,AT LARGE,APP WNL,RETURNED TO OWNER,K19-492105,1,CC 02,OVER THE COUNTER,P0887549,SCAN NO CHIP,1,2019-12-30T00:00:00.000,FY2020,OTHRINTAKS,A1091823,STRAY,BW,16:38:00,WALK IN,15:59:00,2019-12-30T00:00:00.000,APP WNL,R19-561719,ADOP RESCU,,2019-12-26T00:00:00.000,RETURNED TO OWNER-SX12/30/19,
006302,1,UNAVAILABLE,NOV.2019,CAT,DOMESTIC SH,AT LARGE,UNDERAGE,TRANSFER,K19-487668,1,HOME,OVER THE COUNTER,P0125713,SCAN NO CHIP,1,2019-11-16T00:00:00.000,FY2020,OTHRINTAKS,A1088562,STRAY,DL,10:47:00,UNDERAGE,17:00:00,2019-11-17T00:00:00.000,UNDERAGE,,RESC FOSTR,,2019-11-16T00:00:00.000,TAGGED,
016605,8,UNAVAILABLE,FEB.2020,DOG,LHASA APSO,AT LARGE,APP WNL,ADOPTION,K20-496633,1,CC 06,SWEEP,P9991704,SCAN NO CHIP,1,2020-02-07T00:00:00.000,FY2020,OTHER,A1095086,STRAY,SEC1704,12:48:00,WALK IN,16:01:00,2020-02-07T00:00:00.000,APP WNL,R20-563935,ADOP RESCU,,2020-02-03T00:00:00.000,SMK,A20-211977
005901,4,IMPOUNDED,DEC.2019,DOG,CHIHUAHUA SH,AT LARGE,APP WNL,RETURNED TO OWNER,K19-491243,1,RECEIVING,SWEEP,P9991772,UNABLE TO SCAN,1,2019-12-18T00:00:00.000,FY2020,OTHER,A1091190,STRAY,RO1772,12:21:00,FIELD,12:22:00,2019-12-18T00:00:00.000,APP WNL,,,,2019-12-18T00:00:00.000,,A19-206307
009202,5,IMPOUNDED,DEC.2019,DOG,LHASA APSO,AT LARGE,APP WNL,RETURNED TO OWNER,K19-491209,1,RECEIVING,SWEEP,P9991704,SCAN NO CHIP,1,2019-12-22T00:00:00.000,FY2020,OTHER,A1091163,STRAY,SC1704,10:51:00,FIELD,10:54:00,2019-12-18T00:00:00.000,APP WNL,,,,2019-12-18T00:00:00.000,,A19-206278
005600,4,IMPOUNDED,DEC.2019,DOG,CHIHUAHUA SH,AT LARGE,APP WNL,RETURNED TO OWNER,K19-491215,1,RECEIVING,SWEEP,P9991772,UNABLE TO SCAN,1,2019-12-18T00:00:00.000,FY2020,OTHER,A1091168,STRAY,RO1772,11:02:00,FIELD,11:03:00,2019-12-18T00:00:00.000,APP WNL,,,,2019-12-18T00:00:00.000,,A19-206287
009101,5,UNAVAILABLE,DEC.2019,DOG,ALASKAN HUSKY,AT LARGE,APP WNL,ADOPTION,K19-490304,1,DC 26,FIELD,P9991750,SCAN CHIP,1,2019-12-16T00:00:00.000,FY2020,OTHER,A1090497,STRAY,CM1750,11:16:00,WALK IN,18:39:00,2019-12-16T00:00:00.000,APP WNL,R19-560660,ADOP RESCU,,2019-12-09T00:00:00.000,PRE ADOPTED,A19-204926
,,IMPOUNDED,NOV.2019,CAT,RAGDOLL,WEB,NORMAL,LOST EXP,K19-487819,1,LOST,,P0908229,,0,2019-11-17T00:00:00.000,FY2020,,A1088673,STRAY,WEB,14:25:00,OTHER,00:00:00,2019-12-18T00:00:00.000,,,,,2019-11-17T00:00:00.000,,
008802,4,UNAVAILABLE,DEC.2019,DOG,GERM SHEPHERD,AT LARGE,APP WNL,ADOPTION,K19-492299,1,LFD 060,SWEEP,P0889035,SCAN CHIP,1,2019-12-28T00:00:00.000,FY2020,OTHER,A1071983,STRAY,MG1718,13:27:00,WALK IN,12:21:00,2019-12-30T00:00:00.000,APP WNL,R19-561880,ADOP RESCU,,2019-12-28T00:00:00.000,ADOPTED,A19-207418
005600,4,UNAVAILABLE,DEC.2019,DOG,PIT BULL,AT LARGE,APP WNL,ADOPTION,K19-490876,1,DC 04,FIELD,P9991171,SCAN NO CHIP,1,2019-12-18T00:00:00.000,FY2020,OTHRINTAKS,A1090947,STRAY,AV1171,15:11:00,PROMOTION,16:24:00,2019-12-18T00:00:00.000,APP WNL,R19-560962,ADOP RESCU,,2019-12-14T00:00:00.000,PRE-ADOPTED,A19-205701
000300,14,IMPOUNDED,FEB.2020,WILDLIFE,SQUIRREL,INJURED,APP INJ,EUTHANIZED,K20-497160,1,RECEIVING,FIELD,P0918081,WILDLIFE - UNABEL TO SCAN,1,2020-02-07T00:00:00.000,FY2020,OTHER,A1095470,WILDLIFE,AOB1781,17:38:00,HUMANE,18:24:00,2020-02-07T00:00:00.000,APP INJ,,,,2020-02-07T00:00:00.000,,A20-212524
005700,3,UNAVAILABLE,DEC.2019,DOG,LABRADOR RETR,GENERAL,UNKNOWN,ADOPTION,K19-491552,1,AD 041,FIELD,P0912291,SCAN NO CHIP,1,2019-12-20T00:00:00.000,FY2020,HOUSING,A1091401,OWNER SURRENDER,LU1778,18:56:00,WALK IN,16:14:00,2019-12-30T00:00:00.000,APP WNL,R19-561915,ADOP RESCU,,2019-12-20T00:00:00.000,ADOPTION,A19-206570
020500,6,AVAILABLE,JAN.2020,WILDLIFE,HAMSTER,GENERAL,APP WNL,TRANSFER,K20-494820,1,OFFICE,OVER THE COUNTER,P0000000,SCAN NO CHIP,1,2020-01-18T00:00:00.000,FY2020,OTHRINTAKS,A1093718,OWNER SURRENDER,DL,14:02:00,UNDERAGE,17:24:00,2020-01-24T00:00:00.000,APP WNL,,RESC FOSTR,,2020-01-18T00:00:00.000,ADOPTION PENDING,
001400,14,RELEASED FROM QUARANTINE,DEC.2019,DOG,CAIRN TERRIER,QUARANTINE,APP WNL,TRANSFER,K19-490164,1,QD 11,OVER THE COUNTER,P0792012,SCAN NO CHIP,1,2019-12-18T00:00:00.000,FY2020,BEHAVIOR,A1090394,OWNER SURRENDER,CBU,13:55:00,BEHAVIOR,13:38:00,2019-12-18T00:00:00.000,APP WNL,,ADOP RESCU,,2019-12-08T00:00:00.000,TAGGED,A19-204881
020500,6,UNAVAILABLE,DEC.2019,DOG,DACHSHUND,HEART WORM,APP WNL,TREATMENT,K19-491092,1,INJD 016,OVER THE COUNTER,P0892215,SCAN CHIP,1,2019-12-18T00:00:00.000,FY2020,OTHER,A1075270,TREATMENT,JS,09:33:00,COMPLETED,17:28:00,2019-12-18T00:00:00.000,APP SICK,,MEDICAL,,2019-12-17T00:00:00.000,HWT 2&3/INJ 16,
012900,9,UNAVAILABLE,DEC.2019,CAT,DOMESTIC MH,CONFINED,APP WNL,TRANSFER,K19-491047,1,LFC 026,FIELD,P0911816,SCAN NO CHIP,1,2019-12-18T00:00:00.000,FY2020,OTHER,A1091056,STRAY,CM1750,17:01:00,SPAY NEUTER NETWORK,09:02:00,2019-12-19T00:00:00.000,APP WNL,,SPAY NEUTER NETWORK,,2019-12-16T00:00:00.000,,A19-206027
012701,9,UNAVAILABLE,DEC.2019,DOG,SCHNAUZER MIN,AT LARGE,APP WNL,ADOPTION,K19-490681,1,AD 091,OVER THE COUNTER,P0911323,SCAN NO CHIP,1,2019-12-16T00:00:00.000,FY2020,OTHRINTAKS,A1090784,STRAY,BW,16:36:00,WALK IN,11:56:00,2019-12-18T00:00:00.000,APP WNL,R19-560826,ADOPTION,,2019-12-12T00:00:00.000,PRE-ADOPTED,
004900,4,UNAVAILABLE,DEC.2019,DOG,SHIH TZU,AT LARGE,APP WNL,ADOPTION,K19-490770,1,DC 08,OVER THE COUNTER,P0911437,SCAN CHIP,1,2019-12-19T00:00:00.000,FY2020,OTHRINTAKS,A1090858,STRAY,JR,16:19:00,PROMOTION,14:31:00,2019-12-19T00:00:00.000,APP WNL,R19-560885,ADOPTION,,2019-12-13T00:00:00.000,PRE-ADOPTED-SX12/19,
020500,6,AVAILABLE,DEC.2019,DOG,PIT BULL,GENERAL,APP WNL,ADOPTION,K19-491309,1,LFD 113,OVER THE COUNTER,P0912080,SCAN CHIP,1,2019-12-18T00:00:00.000,FY2020,HOUSING,A1077598,OWNER SURRENDER,CBU,16:47:00,OFFSITE,17:03:00,2019-12-19T00:00:00.000,APP WNL,R19-561186,ADOP RESCU,,2019-12-18T00:00:00.000,,
011601,8,IMPOUNDED,DEC.2019,DOG,CHIHUAHUA SH,AT LARGE,APP WNL,RETURNED TO OWNER,K19-491235,1,RECEIVING,SWEEP,P9991704,SCAN NO CHIP,1,2019-12-22T00:00:00.000,FY2020,OTHER,A1091184,STRAY,SC1704,12:01:00,FIELD,12:04:00,2019-12-18T00:00:00.000,APP WNL,,,,2019-12-18T00:00:00.000,,A19-206299
011800,5,UNAVAILABLE,DEC.2019,DOG,PIT BULL,AT LARGE,APP WNL,ADOPTION,K19-492106,1,DC 23,FIELD,P9991195,SCAN NO CHIP,1,2019-12-30T00:00:00.000,FY2020,OTHRINTAKS,A1091824,STRAY,JO1195,16:44:00,WALK IN,16:07:00,2019-12-30T00:00:00.000,APP WNL,R19-561845,ADOP RESCU,,2019-12-26T00:00:00.000,PRE-ADOPTION,A19-207206
,,IMPOUNDED,NOV.2019,CAT,DOMESTIC SH,WEB,NORMAL,LOST EXP,K19-488108,1,LOST,,P0908525,,0,2019-11-19T00:00:00.000,FY2020,,A1088902,STRAY,WEB,23:25:00,OTHER,00:00:00,2019-12-20T00:00:00.000,,,,,2019-11-17T00:00:00.000,,
,,UNAVAILABLE,JUN.2020,CAT,DOMESTIC SH,APPOINT,APP WNL,TRANSFER,K20-507279,1,AC 043,OVER THE COUNTER,P0906597,SCAN NO CHIP,1,2020-06-17T00:00:00.000,FY2020,FINANCIAL,A1103082,OWNER SURRENDER,AAF,15:17:00,GENERAL,17:05:00,2020-06-20T00:00:00.000,APP WNL,,ADOP RESCU,,2020-06-17T00:00:00.000,,
020500,6,UNAVAILABLE,DEC.2019,DOG,PODENGO PEQUENO,HEART WORM,APP WNL,TREATMENT,K19-491268,1,INJD 014,OVER THE COUNTER,P0901812,SCAN CHIP,1,2019-12-18T00:00:00.000,FY2020,OTHER,A1082294,TREATMENT,CDM,13:07:00,COMPLETED,17:48:00,2019-12-18T00:00:00.000,APP SICK,,MEDICAL,,2019-12-18T00:00:00.000,1ST HWT/INJ 14,
010101,6,IMPOUNDED,MAR.2020,DOG,AM PIT BULL TER,AT LARGE,APP WNL,RETURNED TO OWNER,K20-501377,1,RECEIVING,FIELD,P9991754,SCAN CHIP,1,2020-03-17T00:00:00.000,FY2020,OTHER,A0967122,STRAY,ATB1754,15:38:00,FIELD,15:39:00,2020-03-17T00:00:00.000,APP WNL,,,,2020-03-17T00:00:00.000,,A20-217190
004300,6,IMPOUNDED,DEC.2019,CAT,DOMESTIC SH,AT LARGE,UNDERAGE,FOSTER,K19-491160,1,FOSTER,OVER THE COUNTER,P0911942,SCAN NO CHIP,1,2019-12-17T00:00:00.000,FY2020,OTHRINTAKS,A1091138,STRAY,EV,16:39:00,UNDERAGE,20:07:00,2019-12-17T00:00:00.000,APP WNL,,RESC FOSTR,,2019-12-17T00:00:00.000,FOSTER,
013008,10,IMPOUNDED,JAN.2020,DOG,ALASKAN HUSKY,AT LARGE,APP WNL,RETURNED TO OWNER,K20-495447,1,RECEIVING,FIELD,P9991748,SCAN CHIP,1,2020-01-30T00:00:00.000,FY2020,OTHRINTAKS,A1040459,STRAY,MK1748,20:55:00,FIELD,20:56:00,2020-01-24T00:00:00.000,APP WNL,,,,2020-01-24T00:00:00.000,,A20-210777
011800,5,UNAVAILABLE,FEB.2020,DOG,ROTTWEILER,AT LARGE,APP WNL,ADOPTION,K20-496520,1,AD 082,SWEEP,P9991579,SCAN NO CHIP,1,2020-02-06T00:00:00.000,FY2020,OTHER,A1094995,STRAY,ASB1579,11:15:00,WALK IN,19:15:00,2020-02-07T00:00:00.000,APP WNL,R20-564148,ADOP RESCU,,2020-02-02T00:00:00.000,SMK,A20-211852
012301,7,IMPOUNDED,JAN.2020,DOG,CHIHUAHUA SH,AT LARGE,APP WNL,RETURNED TO OWNER,K20-495393,1,RECEIVING,SWEEP,P9991772,UNABLE TO SCAN,1,2020-01-24T00:00:00.000,FY2020,OTHER,A1094159,STRAY,RO1772,12:04:00,FIELD,12:18:00,2020-01-24T00:00:00.000,APP WNL,,,,2020-01-24T00:00:00.000,,A20-210703
006200,1,IMPOUNDED,DEC.2019,DOG,CHIHUAHUA SH,CRUELTY,APP INJ,RETURNED TO OWNER,K19-491298,1,INJD 016,FIELD,P9991754,SCAN CHIP,1,2019-12-24T00:00:00.000,FY2020,OTHER,A1091219,CONFISCATED,AT1754,15:46:00,WALK IN,13:28:00,2019-12-19T00:00:00.000,APP INJ,R19-561157,,,2019-12-18T00:00:00.000,RETURNED TO OWNER,A19-206332
020500,6,UNAVAILABLE,DEC.2019,DOG,AUST SHEPHERD,SURGERY,APP WNL,FOSTER,K19-491353,1,DC 20,OVER THE COUNTER,P0909854,SCAN NO CHIP,1,2019-12-19T00:00:00.000,FY2020,OTHER,A1089713,FOSTER,AC,10:08:00,SURGERY,17:36:00,2019-12-19T00:00:00.000,APP WNL,,RESC FOSTR,,2019-12-19T00:00:00.000,FOSTER,
011900,5,IMPOUNDED,DEC.2019,DOG,CHIHUAHUA SH,AT LARGE,APP WNL,RETURNED TO OWNER,K19-491246,1,RECEIVING,SWEEP,P9991704,SCAN NO CHIP,1,2019-12-22T00:00:00.000,FY2020,OTHER,A1091191,STRAY,SC1704,12:21:00,FIELD,12:23:00,2019-12-18T00:00:00.000,APP WNL,,,,2019-12-18T00:00:00.000,,A19-206308
020500,6,UNAVAILABLE,DEC.2019,CAT,DOMESTIC SH,SURGERY,APP WNL,TRANSFER,K19-491200,1,OFFICE,OVER THE COUNTER,P0618456,SCAN NO CHIP,1,2019-12-18T00:00:00.000,FY2020,OTHER,A1086772,FOSTER,SDW,10:30:00,GENERAL,10:36:00,2019-12-18T00:00:00.000,APP WNL,,RESC FOSTR,,2019-12-18T00:00:00.000,TAGGED,
016701,8,UNAVAILABLE,DEC.2019,DOG,LABRADOR RETR,AT LARGE,APP WNL,ADOPTION,K19-491241,1,DC 02,OVER THE COUNTER,P0912017,SCAN NO CHIP,1,2019-12-18T00:00:00.000,FY2020,OTHRINTAKS,A1091188,STRAY,DL,12:14:00,WALK IN,15:14:00,2019-12-19T00:00:00.000,APP WNL,R19-561091,ADOP RESCU,,2019-12-18T00:00:00.000,ADOPTED,
004300,6,IMPOUNDED,DEC.2019,DOG,CHIHUAHUA SH,AT LARGE,APP WNL,RETURNED TO OWNER,K19-491056,1,RECEIVING,FIELD,P9991758,UNABLE TO SCAN,1,2019-12-20T00:00:00.000,FY2020,OTHRINTAKS,A1091064,STRAY,AR1758,17:19:00,FIELD,17:24:00,2019-12-16T00:00:00.000,APP WNL,,,,2019-12-16T00:00:00.000,,A19-206029
020500,6,UNAVAILABLE,DEC.2019,CAT,DOMESTIC SH,GENERAL,APP WNL,ADOPTION,K19-491131,1,AC 053,OVER THE COUNTER,P0902042,SCAN CHIP,1,2019-12-17T00:00:00.000,FY2020,HOUSING,A1076329,OWNER SURRENDER,DL,13:27:00,OFFSITE,18:38:00,2019-12-18T00:00:00.000,APP WNL,R19-561123,ADOP RESCU,,2019-12-17T00:00:00.000,GALLERIA,
010703,6,IMPOUNDED,DEC.2019,DOG,PIT BULL,RETURN,APP WNL,ADOPTION,K19-491280,1,AD 001,OVER THE COUNTER,P0824959,SCAN NO CHIP,1,2019-12-14T00:00:00.000,FY2020,OTHER,A1090314,FOSTER,OT,14:03:00,BY FOSTER,18:04:00,2019-12-14T00:00:00.000,APP WNL,R19-560948,ADOP RESCU,,2019-12-14T00:00:00.000,,
005500,4,IMPOUNDED,DEC.2019,DOG,WELSH CORGI CAR,AT LARGE,APP WNL,RETURNED TO OWNER,K19-491191,1,RECEIVING,SWEEP,P9991772,SCAN CHIP,1,2019-12-18T00:00:00.000,FY2020,OTHER,A1026073,STRAY,RO1772,09:33:00,FIELD,09:33:00,2019-12-18T00:00:00.000,APP WNL,,,,2019-12-18T00:00:00.000,,A19-206264
005500,4,UNAVAILABLE,DEC.2019,CAT,DOMESTIC SH,GENERAL,APP WNL,ADOPTION,K19-490009,1,AC 003,OVER THE COUNTER,P0627354,SCAN NO CHIP,1,2019-12-07T00:00:00.000,FY2020,PERSNLISSU,A1090279,OWNER SURRENDER,CBU,10:29:00,WALK IN,00:00:00,2019-12-19T00:00:00.000,APP WNL,R19-561177,ADOP RESCU,,2019-12-07T00:00:00.000,ADOPTED,
008400,5,UNAVAILABLE,DEC.2019,DOG,CAIRN TERRIER,AT LARGE,APP WNL,RETURNED TO OWNER,K19-492135,1,CC 04,FIELD,P9991751,SCAN NO CHIP,1,2019-12-30T00:00:00.000,FY2020,OTHRINTAKS,A1091849,STRAY,EP1751,23:05:00,WALK IN,17:29:00,2019-12-30T00:00:00.000,APP WNL,R19-561832,RTO,,2019-12-26T00:00:00.000,RETURNED TO OWNER SX 12/30,A19-207230
020500,6,IMPOUNDED,DEC.2019,CAT,DOMESTIC SH,SURGERY,APP WNL,FOSTER,K19-491085,1,CC 30,OVER THE COUNTER,P0097621,SCAN NO CHIP,1,2019-12-17T00:00:00.000,FY2020,OTHER,A1090987,FOSTER,OT,09:07:00,SURGERY,17:37:00,2019-12-17T00:00:00.000,APP WNL,,,,2019-12-17T00:00:00.000,FOSTER,
007824,10,UNAVAILABLE,DEC.2019,DOG,PIT BULL,AT LARGE,APP WNL,ADOPTION,K19-490706,1,DC 02,FIELD,P9991723,SCAN NO CHIP,1,2019-12-17T00:00:00.000,FY2020,OTHRINTAKS,A1090802,STRAY,MW1723,10:16:00,WALK IN,16:52:00,2019-12-17T00:00:00.000,APP WNL,R19-560960,ADOP RESCU,,2019-12-13T00:00:00.000,PREADOPT,A19-205471
001204,2,IMPOUNDED,DEC.2019,DOG,LABRADOR RETR,AT LARGE,APP WNL,RETURNED TO OWNER,K19-491350,1,RECEIVING,SWEEP,P9991772,SCAN CHIP,1,2019-12-19T00:00:00.000,FY2020,OTHER,A1083197,STRAY,RO1772,09:24:00,FIELD,09:24:00,2019-12-19T00:00:00.000,APP WNL,,,,2019-12-19T00:00:00.000,,A19-206394
020500,6,IMPOUNDED,NOV.2019,CAT,DOMESTIC SH,SURGERY,APP WNL,FOSTER,K19-487529,1,FOSTER,OVER THE COUNTER,P0884389,SCAN NO CHIP,1,2019-11-15T00:00:00.000,FY2020,OTHER,A1078543,FOSTER,SDW,08:45:00,SURGERY,18:34:00,2019-11-15T00:00:00.000,APP WNL,,RESC FOSTR,,2019-11-15T00:00:00.000,FOSTER,
004201,1,AVAILABLE,DEC.2019,DOG,PIT BULL,GENERAL,APP WNL,ADOPTION,K19-490827,1,AD 005,OVER THE COUNTER,P0911518,SCAN CHIP,1,2019-12-14T00:00:00.000,FY2020,HOUSING,A1090912,OWNER SURRENDER,JR,10:41:00,OFFSITE,15:06:00,2019-12-19T00:00:00.000,APP WNL,R19-561187,ADOP RESCU,,2019-12-14T00:00:00.000,,
005000,1,IMPOUNDED,MAR.2020,DOG,PIT BULL,AT LARGE,APP WNL,RETURNED TO OWNER,K20-501200,1,LFD 080,FIELD,P9991736,SCAN NO CHIP,1,2020-03-19T00:00:00.000,FY2020,OTHRINTAKS,A1098625,STRAY,TMB1736,14:51:00,WESTMORELD,09:25:00,2020-03-17T00:00:00.000,APP WNL,R20-566177,ADOP RESCU,,2020-03-15T00:00:00.000,,A20-216945
009103,5,UNAVAILABLE,OCT.2019,DOG,LABRADOR RETR,CONFINED,APP WNL,FOSTER,K19-485349,1,VIP11,FIELD,P9991751,SCAN NO CHIP,3,2019-11-02T00:00:00.000,FY2020,OTHRINTAKS,A1086891,STRAY,EP1751,09:01:00,TRANSPORT,00:00:00,2019-12-29T00:00:00.000,APP WNL,,ADOP RESCU,,2019-10-29T00:00:00.000,FOSTER TO TRANSPORT,A19-198908
020500,6,RELEASED FROM QUARANTINE,DEC.2019,DOG,GERM SHEPHERD,QUARANTINE,APP WNL,RETURNED TO OWNER,K19-491810,1,PCD 28,OVER THE COUNTER,P0912684,SCAN CHIP,1,2019-12-30T00:00:00.000,FY2020,BEHAVIOR,A1091592,OWNER SURRENDER,BW,12:41:00,WALK IN,12:54:00,2019-12-30T00:00:00.000,APP WNL,R19-561889,ADOPTION,,2019-12-23T00:00:00.000,RETURNED TO OWNER,A19-206913
,,UNAVAILABLE,JUN.2020,CAT,DOMESTIC SH,RETURN,UNDERAGE,ADOPTION,K20-507437,1,CC 31,OVER THE COUNTER,P0925804,SCAN NO CHIP,1,2020-06-20T00:00:00.000,FY2020,OTHRINTAKS,A1100370,FOSTER,GDG,08:04:00,IN FOSTER,17:19:00,2020-06-20T00:00:00.000,APP WNL,R20-568231,ADOP RESCU,,2020-06-20T00:00:00.000,,
,,IMPOUNDED,DEC.2019,DOG,CHIHUAHUA LH,WEB,NORMAL,LOST EXP,K19-490692,1,LOST,,P0911348,,0,2019-12-12T00:00:00.000,FY2020,,A1090793,STRAY,WEB,19:25:00,OTHER,00:00:00,2020-01-12T00:00:00.000,,,,,2019-12-11T00:00:00.000,,
011300,3,IMPOUNDED,DEC.2019,DOG,MALTESE,AT LARGE,APP WNL,RETURNED TO OWNER,K19-492470,1,RECEIVING,FIELD,P9991736,SCAN NO CHIP,1,2019-12-30T00:00:00.000,FY2020,OTHRINTAKS,A1092087,STRAY,TM1736,11:40:00,FIELD,11:41:00,2019-12-30T00:00:00.000,APP WNL,,,,2019-12-30T00:00:00.000,,A19-207584
009609,13,LAB,AUG.2020,WILDLIFE,OPOSSUM,NON-RABIES,APP INJ,DIED,K20-510484,1,LAB 01,FIELD,P0934263,WILDLIFE - UNABLE TO SCAN,1,2020-08-05T00:00:00.000,FY2020,OTHER,A1105506,WILDLIFE,RVB1213,12:39:00,ENROUTE,13:33:00,2020-08-05T00:00:00.000,APP INJ,,,,2020-08-05T00:00:00.000,,A20-232506
008604,4,UNAVAILABLE,DEC.2019,DOG,CHIHUAHUA SH,CONFINED,APP SICK,ADOPTION,K19-489859,1,AD 098,FIELD,P9991748,SCAN NO CHIP,1,2019-12-15T00:00:00.000,FY2020,OTHRINTAKS,A1090169,STRAY,MM1748,19:57:00,PROMOTION,08:53:00,2019-12-18T00:00:00.000,APP WNL,R19-561078,ADOP RESCU,,2019-12-05T00:00:00.000,ADOPTED,A19-204363
017101,8,UNAVAILABLE,JAN.2020,DOG,PIT BULL,DANGEROUS,APP WNL,RETURNED TO OWNER,K20-496215,1,QD 27,FIELD,P0893793,SCAN CHIP,2,2020-02-08T00:00:00.000,FY2020,BEHAVIOR,A1084795,CONFISCATED,MBD,13:45:00,WALK IN,15:29:00,2020-02-07T00:00:00.000,APP WNL,R20-564129,DANGEROUS,,2020-01-30T00:00:00.000,,A19-193388
020500,6,UNAVAILABLE,JAN.2020,DOG,LABRADOR RETR,GENERAL,APP WNL,ADOPTION,K20-495236,1,VIP16,OVER THE COUNTER,P0909740,SCAN CHIP,1,2020-01-23T00:00:00.000,FY2020,PERSNLISSU,A1088789,OWNER SURRENDER,CDM,11:33:00,WALK IN,17:56:00,2020-01-24T00:00:00.000,APP WNL,R20-563314,ADOP RESCU,,2020-01-23T00:00:00.000,ADOPTED,
,,UNAVAILABLE,MAR.2020,DOG,PIT BULL,RETURN,APP WNL,ADOPTION,K20-501339,1,AD 001,OVER THE COUNTER,P0906548,SCAN CHIP,1,2020-03-17T00:00:00.000,FY2020,OTHER,A1080137,FOSTER,ASC,07:33:00,IN FOSTER,07:35:00,2020-03-17T00:00:00.000,APP WNL,,,,2020-03-17T00:00:00.000,,
016701,8,UNAVAILABLE,DEC.2019,CAT,DOMESTIC SH,GENERAL,APP WNL,ADOPTION,K19-492310,1,CC 26,OVER THE COUNTER,P0913319,SCAN NO CHIP,1,2019-12-28T00:00:00.000,FY2020,PERSNLISSU,A1091967,OWNER SURRENDER,JZ,14:36:00,WALK IN,16:41:00,2019-12-30T00:00:00.000,APP WNL,R19-561773,ADOP RESCU,,2019-12-28T00:00:00.000,ADOPTED,
011602,8,UNAVAILABLE,NOV.2019,DOG,GERM SHEPHERD,GENERAL,UNKNOWN,TRANSFER,K19-488113,1,PUPS 1,FIELD,P0762750,SCAN CHIP,1,2019-11-20T00:00:00.000,FY2020,FINANCIAL,A0967073,OWNER SURRENDER,CM1200,05:16:00,GENERAL,18:12:00,2019-12-17T00:00:00.000,APP WNL,,RESCU ONLY,,2019-11-20T00:00:00.000,TAGGED,A19-202191
006402,1,UNAVAILABLE,NOV.2019,DOG,LABRADOR RETR,AT LARGE,APP WNL,ADOPTION,K19-488334,1,DC 04,SWEEP,P9991574,SCAN NO CHIP,1,2019-11-25T00:00:00.000,FY2020,OTHER,A1089062,STRAY,JC1574,14:15:00,WALK IN,17:02:00,2019-12-02T00:00:00.000,APP WNL,R19-560148,ADOP RESCU,,2019-11-21T00:00:00.000,ADOPTED,A19-202437
020500,6,AVAILABLE,DEC.2019,DOG,YORKSHIRE TERR,GENERAL,APP WNL,ADOPTION,K19-491164,1,LFSD 06,OVER THE COUNTER,P0870286,SCAN CHIP,1,2019-12-17T00:00:00.000,FY2020,NOTRIGHTFT,A1088640,OWNER SURRENDER,EV,17:45:00,WALK IN,18:32:00,2019-12-17T00:00:00.000,APP WNL,R19-561077,ADOPTION,,2019-12-17T00:00:00.000,ADOPTED,
020500,6,IMPOUNDED,DEC.2019,DOG,CAIRN TERRIER,AT LARGE,APP WNL,RETURNED TO OWNER,K19-491434,1,RECEIVING,FIELD,P9991765,UNABLE TO SCAN,1,2019-12-23T00:00:00.000,FY2020,OTHRINTAKS,A1044301,STRAY,RK1765,22:37:00,FIELD,22:40:00,2019-12-19T00:00:00.000,APP WNL,,,,2019-12-19T00:00:00.000,,A19-206496
003400,7,IMPOUNDED,MAR.2020,DOG,PIT BULL,AT LARGE,APP WNL,RETURNED TO OWNER,K20-501395,1,RECEIVING,FIELD,P9991780,SCAN CHIP,1,2020-03-23T00:00:00.000,FY2020,OTHRINTAKS,A0900535,STRAY,AKB1780,21:55:00,FIELD,23:12:00,2020-03-17T00:00:00.000,APP WNL,,POSSIBLY OWNED,,2020-03-17T00:00:00.000,,A20-217243
011500,7,IMPOUNDED,DEC.2019,DOG,PIT BULL,AT LARGE,APP WNL,RETURNED TO OWNER,K19-491455,1,RECEIVING,SWEEP,P9991772,UNABLE TO SCAN,1,2019-12-20T00:00:00.000,FY2020,OTHER,A1091320,STRAY,RO1772,09:29:00,FIELD,09:30:00,2019-12-20T00:00:00.000,APP WNL,,,,2019-12-20T00:00:00.000,,A19-206526
012500,9,UNAVAILABLE,DEC.2019,DOG,GERM SHEPHERD,GENERAL,APP WNL,ADOPTION,K19-490540,1,VIP12,FIELD,P0703583,SCAN CHIP,1,2019-12-11T00:00:00.000,FY2020,BEHAVIOR,A1062858,OWNER SURRENDER,TM1736,10:50:00,OFFSITE,18:35:00,2019-12-18T00:00:00.000,APP WNL,R19-561122,ADOP RESCU,,2019-12-11T00:00:00.000,GALLERIA,A19-205259
009301,5,IMPOUNDED,DEC.2019,DOG,PIT BULL,AT LARGE,APP WNL,RETURNED TO OWNER,K19-492432,1,LFD 141,FIELD,P9991740,SCAN CHIP,1,2020-01-02T00:00:00.000,FY2020,OTHRINTAKS,A1064802,STRAY,9991740,21:24:00,WALK IN,16:38:00,2019-12-30T00:00:00.000,APP WNL,R19-561917,HOLD NOTIFY,,2019-12-29T00:00:00.000,RETURNED TO OWNER,A19-207529
016502,3,UNAVAILABLE,DEC.2019,CAT,DOMESTIC SH,AT LARGE,APP WNL,ADOPTION,K19-490712,1,CC 22,OVER THE COUNTER,P0911374,SCAN NO CHIP,1,2019-12-17T00:00:00.000,FY2020,OTHRINTAKS,A1090808,STRAY,EV,10:41:00,WALK IN,17:25:00,2019-12-17T00:00:00.000,APP WNL,R19-560957,ADOP RESCU,,2019-12-13T00:00:00.000,PREADOPT,
020500,6,UNAVAILABLE,DEC.2019,DOG,LABRADOR RETR,HEART WORM,APP WNL,TREATMENT,K19-490989,1,INJD 008,OVER THE COUNTER,P0892899,SCAN CHIP,1,2019-12-16T00:00:00.000,FY2020,OTHRINTAKS,A0938907,TREATMENT,CBM,09:37:00,COMPLETED,17:50:00,2019-12-17T00:00:00.000,APP SICK,,MEDICAL,,2019-12-16T00:00:00.000,HWT 2&3/INJ  7A,
020500,6,AVAILABLE,DEC.2019,CAT,DOMESTIC SH,TREATMENT,UNKNOWN,FOSTER,K19-492363,1,F1,OVER THE COUNTER,P0844974,SCAN NO CHIP,1,2019-12-29T00:00:00.000,FY2020,OTHER,A1090975,FOSTER,OT,10:15:00,TREATMENT,08:56:00,2019-12-30T00:00:00.000,APP SICK,,MEDICAL,,2019-12-29T00:00:00.000,FOSTER,A19-205852
005300,1,UNAVAILABLE,DEC.2019,CAT,DOMESTIC SH,AT LARGE,APP WNL,ADOPTION,K19-492414,1,CC 32,OVER THE COUNTER,P0913464,SCAN NO CHIP,1,2019-12-29T00:00:00.000,FY2020,OTHRINTAKS,A1092039,STRAY,CBU,15:49:00,WALK IN,17:09:00,2019-12-30T00:00:00.000,APP WNL,R19-561863,ADOP RESCU,,2019-12-29T00:00:00.000,ADOPTED,
008900,4,IMPOUNDED,MAR.2020,DOG,PIT BULL,AT LARGE,APP WNL,RETURNED TO OWNER,K20-501260,1,LFD 128,FIELD,P9991758,SCAN CHIP,1,2020-03-22T00:00:00.000,FY2020,OTHRINTAKS,A1098674,STRAY,AJR1758,10:07:00,WESTMORELD,11:08:00,2020-03-17T00:00:00.000,APP WNL,R20-566231,,,2020-03-16T00:00:00.000,,A20-217020
006502,1,IMPOUNDED,DEC.2019,DOG,CHIHUAHUA SH,AT LARGE,APP WNL,RETURNED TO OWNER,K19-491408,1,RECEIVING,FIELD,P9991723,UNABLE TO SCAN,1,2019-12-23T00:00:00.000,FY2020,OTHRINTAKS,A1091293,STRAY,MW1723,15:54:00,FIELD,16:05:00,2019-12-19T00:00:00.000,APP WNL,,,,2019-12-19T00:00:00.000,,A19-206463
000606,14,UNAVAILABLE,NOV.2019,DOG,SHIH TZU,GENERAL,APP WNL,TRANSFER,K19-487678,1,SMD02,OVER THE COUNTER,P0908052,SCAN CHIP,1,2019-11-22T00:00:00.000,FY2020,HOUSING,A1088570,OWNER SURRENDER,DL,11:24:00,GENERAL,15:01:00,2019-11-17T00:00:00.000,APP WNL,,POSSIBLY OWNED,,2019-11-16T00:00:00.000,,
020500,6,AVAILABLE,DEC.2019,CAT,DOMESTIC MH,TREATMENT,UNDERAGE,FOSTER,K19-490720,1,AC 038,OVER THE COUNTER,P0497966,SCAN NO CHIP,1,2019-12-13T00:00:00.000,FY2020,OTHER,A1084633,FOSTER,AC,11:24:00,TREATMENT,19:47:00,2019-12-13T00:00:00.000,UNDERAGE,,ADOP RESCU,,2019-12-13T00:00:00.000,CC36,
020500,6,UNAVAILABLE,DEC.2019,DOG,BOXER,HEART WORM,APP WNL,TREATMENT,K19-491089,1,INJD 004,OVER THE COUNTER,P0907179,SCAN CHIP,1,2019-12-17T00:00:00.000,FY2020,OTHRINTAKS,A1060825,TREATMENT,CBM,09:17:00,COMPLETED,17:50:00,2019-12-17T00:00:00.000,APP SICK,,MEDICAL,,2019-12-17T00:00:00.000,HWT EVAL/INJ 4,
008500,5,IMPOUNDED,DEC.2019,DOG,CAIRN TERRIER,AT LARGE,APP WNL,RETURNED TO OWNER,K19-491203,1,RECEIVING,SWEEP,P9991704,SCAN NO CHIP,1,2019-12-22T00:00:00.000,FY2020,OTHER,A1023589,STRAY,SC1704,10:43:00,FIELD,10:44:00,2019-12-18T00:00:00.000,APP WNL,,,,2019-12-18T00:00:00.000,,A19-206280
005400,4,UNAVAILABLE,DEC.2019,DOG,GERM SHEPHERD,AT LARGE,APP WNL,ADOPTION,K19-490800,1,VIP06,SWEEP,P9991772,SCAN CHIP,1,2019-12-14T00:00:00.000,FY2020,OTHER,A1031064,STRAY,RO1772,08:07:00,WALK IN,13:31:00,2019-12-18T00:00:00.000,APP WNL,R19-561088,ADOP RESCU,,2019-12-14T00:00:00.000,ADOPTION,A19-205618
011500,7,UNAVAILABLE,DEC.2019,DOG,PIT BULL,AT LARGE,UNKNOWN,ADOPTION,K19-490722,1,AD 087,FIELD,P9991195,SCAN CHIP,1,2019-12-19T00:00:00.000,FY2020,OTHRINTAKS,A1090816,STRAY,JO1195,11:21:00,WALK IN,13:14:00,2019-12-19T00:00:00.000,APP WNL,R19-561154,ADOP RESCU,,2019-12-13T00:00:00.000,ADOPTED,A19-205504
,,IMPOUNDED,DEC.2019,CAT,DOMESTIC SH,WEB,NORMAL,LOST EXP,K19-490674,1,LOST,,P0911318,,0,2019-12-12T00:00:00.000,FY2020,,A1090777,STRAY,WEB,16:25:00,OTHER,00:00:00,2020-01-12T00:00:00.000,,,,,2019-12-10T00:00:00.000,,
005902,4,UNAVAILABLE,DEC.2019,DOG,LABRADOR RETR,AT LARGE,APP WNL,ADOPTION,K19-490824,1,DC 02,SWEEP,P9991772,SCAN NO CHIP,1,2019-12-16T00:00:00.000,FY2020,OTHER,A1090910,STRAY,RO1772,10:29:00,WALK IN,17:00:00,2019-12-18T00:00:00.000,APP WNL,R19-560991,ADOP RESCU,,2019-12-14T00:00:00.000,PREADOPT,A19-205649
017101,8,UNAVAILABLE,DEC.2019,DOG,AUST CATTLE DOG,AT LARGE,APP WNL,ADOPTION,K19-491778,1,PSDOG 01,SWEEP,P9991704,SCAN NO CHIP,1,2019-12-28T00:00:00.000,FY2020,OTHER,A1091565,STRAY,SC1704,10:37:00,EAC,13:27:00,2019-12-30T00:00:00.000,APP WNL,R19-561894,ADOPTION,,2019-12-23T00:00:00.000,,A19-206839
,,IMPOUNDED,DEC.2019,DOG,CHIHUAHUA LH,WEB,NORMAL,LOST EXP,K19-490664,1,LOST,,P0911310,,0,2019-12-12T00:00:00.000,FY2020,,A1090772,STRAY,WEB,15:25:00,OTHER,00:00:00,2020-01-12T00:00:00.000,,,,,2019-12-11T00:00:00.000,,
011701,5,IMPOUNDED,DEC.2019,DOG,CHIHUAHUA SH,AT LARGE,UNKNOWN,RETURNED TO OWNER,K19-491141,1,RECEIVING,FIELD,P9991230,UNABLE TO SCAN,1,2019-12-17T00:00:00.000,FY2020,OTHRINTAKS,A1091125,STRAY,KH1230,14:33:00,FIELD,14:48:00,2019-12-17T00:00:00.000,UNKNOWN,,,,2019-12-17T00:00:00.000,,A19-206187
004900,4,UNAVAILABLE,NOV.2019,DOG,STAFFORDSHIRE,AT LARGE,APP WNL,ADOPTION,K19-488481,1,AD 086,OVER THE COUNTER,P0611433,SCAN NO CHIP,1,2019-11-26T00:00:00.000,FY2020,OTHRINTAKS,A1089164,STRAY,DL,17:45:00,OFFSITE,18:43:00,2019-12-18T00:00:00.000,APP WNL,R19-561126,ADOP RESCU,,2019-11-22T00:00:00.000,GALLERIA,
020500,6,UNAVAILABLE,NOV.2019,CAT,DOMESTIC SH,RETURN,APP WNL,ADOPTION,K19-488350,1,CC 23,OVER THE COUNTER,P0834816,SCAN NO CHIP,1,2019-11-21T00:00:00.000,FY2020,OTHER,A1085746,FOSTER,AC,15:46:00,WALK IN,16:47:00,2019-11-25T00:00:00.000,APP WNL,R19-559597,ADOP RESCU,,2019-11-21T00:00:00.000,ADOPTED,
009304,8,UNAVAILABLE,DEC.2019,DOG,GERM SHEPHERD,AT LARGE,APP WNL,ADOPTION,K19-489592,1,VIP03,FIELD,P0910175,SCAN CHIP,1,2019-12-09T00:00:00.000,FY2020,OTHRINTAKS,A1089977,STRAY,B1210,16:31:00,OFFSITE,18:27:00,2019-12-18T00:00:00.000,APP WNL,R19-561121,ADOP RESCU,,2019-12-03T00:00:00.000,GALLERIA,A19-204029
004000,7,IMPOUNDED,DEC.2019,DOG,CAIRN TERRIER,AT LARGE,APP WNL,RETURNED TO OWNER,K19-491450,1,RECEIVING,SWEEP,P9991772,UNABLE TO SCAN,1,2019-12-20T00:00:00.000,FY2020,OTHER,A1091316,STRAY,RO1772,08:39:00,FIELD,08:40:00,2019-12-20T00:00:00.000,APP WNL,,,,2019-12-20T00:00:00.000,,A19-206515
002400,2,UNAVAILABLE,MAY.2020,DOG,LABRADOR RETR,OTC,APP SICK,TRANSFER,K20-504439,1,DC 20,OVER THE COUNTER,P0926777,SCAN NO CHIP,1,2020-05-08T00:00:00.000,FY2020,OTHRINTAKS,A1100936,STRAY,SDW,16:49:00,GENERAL,15:49:00,2020-05-09T00:00:00.000,APP WNL,,ADOP RESCU,,2020-05-08T00:00:00.000,,
011300,3,IMPOUNDED,DEC.2019,DOG,CHIHUAHUA SH,AT LARGE,APP WNL,RETURNED TO OWNER,K19-492467,1,RECEIVING,FIELD,P9991736,UNABLE TO SCAN,1,2019-12-30T00:00:00.000,FY2020,OTHRINTAKS,A1092084,STRAY,TM1736,11:26:00,FIELD,11:30:00,2019-12-30T00:00:00.000,APP WNL,,,,2019-12-30T00:00:00.000,,A19-207572
019035,10,UNAVAILABLE,FEB.2020,DOG,PARSON RUSS TER,GENERAL,APP WNL,TRANSFER,K20-496998,1,PUPS 2,FIELD,P0917913,SCAN NO CHIP,1,2020-02-06T00:00:00.000,FY2020,OTHER,A1095358,OWNER SURRENDER,AJR1758,12:12:00,UNDERAGE,11:20:00,2020-02-07T00:00:00.000,UNDERAGE,,RESC FOSTR,,2020-02-06T00:00:00.000,,A20-212337
016510,3,UNAVAILABLE,DEC.2019,DOG,CHIHUAHUA SH,CONFINED,APP WNL,ADOPTION,K19-492091,1,LFD 139,FIELD,P0913031,SCAN NO CHIP,1,2019-12-26T00:00:00.000,FY2020,OTHRINTAKS,A1091813,STRAY,CV1710,15:29:00,WALK IN,10:06:00,2019-12-30T00:00:00.000,APP WNL,R19-561861,ADOP RESCU,,2019-12-26T00:00:00.000,PREADOPTED,A19-207184
009802,6,UNAVAILABLE,DEC.2019,DOG,CHIHUAHUA SH,AT LARGE,APP WNL,RETURNED TO OWNER,K19-491276,1,LFSD 18,SWEEP,P9991718,SCAN NO CHIP,1,2019-12-20T00:00:00.000,FY2020,OTHER,A1091202,STRAY,MG1718,13:42:00,WALK IN,18:56:00,2019-12-18T00:00:00.000,APP WNL,R19-561117,,,2019-12-18T00:00:00.000,,A19-206316
004300,6,AVAILABLE,DEC.2019,DOG,CHIHUAHUA SH,AT LARGE,APP WNL,RETURNED TO OWNER,K19-491044,1,SMD05,FIELD,P9991758,SCAN CHIP,1,2019-12-18T00:00:00.000,FY2020,OTHRINTAKS,A1091054,STRAY,AR1758,16:11:00,MICROCHIP,10:32:00,2019-12-19T00:00:00.000,APP WNL,,RTP,,2019-12-16T00:00:00.000,,A19-206031
013008,10,IMPOUNDED,JAN.2020,DOG,ALASKAN HUSKY,AT LARGE,APP WNL,RETURNED TO OWNER,K20-495448,1,RECEIVING,FIELD,P9991748,SCAN CHIP,1,2020-01-30T00:00:00.000,FY2020,OTHRINTAKS,A1094202,STRAY,MK1748,20:55:00,FIELD,20:56:00,2020-01-24T00:00:00.000,APP WNL,,,,2020-01-24T00:00:00.000,,A20-210777
004300,6,IMPOUNDED,DEC.2019,DOG,MALTESE,AT LARGE,APP WNL,RETURNED TO OWNER,K19-491057,1,RECEIVING,FIELD,P9991758,UNABLE TO SCAN,1,2019-12-20T00:00:00.000,FY2020,OTHRINTAKS,A1091065,STRAY,AR1758,17:19:00,FIELD,17:24:00,2019-12-16T00:00:00.000,APP WNL,,,,2019-12-16T00:00:00.000,,A19-206029
008701,4,IMPOUNDED,FEB.2020,DOG,ROTTWEILER,AT LARGE,APP WNL,RETURNED TO OWNER,K20-496864,1,LFD 035,FIELD,P9991782,SCAN CHIP,1,2020-02-11T00:00:00.000,FY2020,OTHRINTAKS,A1089183,STRAY,SPB1782,09:51:00,WALK IN,15:53:00,2020-02-07T00:00:00.000,APP WNL,R20-564133,ADOPTION,,2020-02-05T00:00:00.000,,A20-212189
009802,6,UNAVAILABLE,DEC.2019,DOG,YORKSHIRE TERR,AT LARGE,APP WNL,RETURNED TO OWNER,K19-491255,1,RECEIVING,SWEEP,P9991718,UNABLE TO SCAN,1,2019-12-18T00:00:00.000,FY2020,OTHER,A0834997,STRAY,MG1718,12:37:00,FIELD,12:38:00,2019-12-18T00:00:00.000,APP WNL,,,,2019-12-18T00:00:00.000,,A19-206311
020500,6,IMPOUNDED,DEC.2019,DOG,AUST SHEPHERD,GENERAL,CRITICAL,EUTHANIZED,K19-491313,1,LFD 125,OVER THE COUNTER,P0846079,UNABLE TO SCAN,1,2019-12-18T00:00:00.000,FY2020,MEDICAL,A1091232,OWNER SURRENDER,CBU,17:00:00,HUMANE,17:22:00,2019-12-18T00:00:00.000,CRITICAL,,,,2019-12-18T00:00:00.000,,
007823,11,UNAVAILABLE,DEC.2019,CAT,DOMESTIC SH,RETURN,APP WNL,ADOPTION,K19-491149,1,PSCAT 04,OVER THE COUNTER,P0831068,SCAN NO CHIP,1,2019-12-17T00:00:00.000,FY2020,OTHER,A1088589,FOSTER,BB,15:39:00,EAC,12:51:00,2019-12-19T00:00:00.000,APP WNL,R19-561153,ADOP RESCU,,2019-12-17T00:00:00.000,ADOPT,
020500,6,UNAVAILABLE,DEC.2019,DOG,GERM SHEPHERD,GENERAL,APP WNL,ADOPTION,K19-490259,1,VIP28,OVER THE COUNTER,P0749502,SCAN CHIP,1,2019-12-09T00:00:00.000,FY2020,PERSNLISSU,A0951842,OWNER SURRENDER,BW,13:19:00,OFFSITE,15:26:00,2019-12-17T00:00:00.000,APP WNL,R19-561073,ADOP RESCU,,2019-12-09T00:00:00.000,GALLERIA,
017004,8,UNAVAILABLE,JUL.2020,DOG,GERM SHEPHERD,AT LARGE,APP INJ,ADOPTION,K20-508296,1,VIP08,FIELD,P9991721,SCAN CHIP,1,2020-07-08T00:00:00.000,FY2020,OTHRINTAKS,A1103826,STRAY,JMK1721,12:36:00,ADOPETS,16:21:00,2020-08-05T00:00:00.000,APP WNL,R20-569420,ADOP RESCU,,2020-07-02T00:00:00.000,,A20-228966
005700,4,IMPOUNDED,DEC.2019,DOG,PIT BULL,AT LARGE,APP WNL,RETURNED TO OWNER,K19-492543,1,RECEIVING,FIELD,P9991740,SCAN NO CHIP,1,2020-01-03T00:00:00.000,FY2020,OTHRINTAKS,A1092140,STRAY,WH1740,23:02:00,FIELD,23:09:00,2019-12-30T00:00:00.000,APP WNL,,,,2019-12-30T00:00:00.000,,A19-207656
011300,3,IMPOUNDED,DEC.2019,DOG,MALTESE,AT LARGE,APP WNL,RETURNED TO OWNER,K19-492462,1,RECEIVING,FIELD,P9991736,SCAN NO CHIP,1,2019-12-30T00:00:00.000,FY2020,OTHRINTAKS,A1092079,STRAY,TM1736,10:51:00,FIELD,10:53:00,2019-12-30T00:00:00.000,APP WNL,,,,2019-12-30T00:00:00.000,,A19-207573
012400,9,UNAVAILABLE,NOV.2019,DOG,LABRADOR RETR,GENERAL,UNKNOWN,ADOPTION,K19-486582,1,VIP02,FIELD,P0907016,SCAN NO CHIP,1,2019-11-07T00:00:00.000,FY2020,PERSNLISSU,A1087792,OWNER SURRENDER,LU1778,15:24:00,WALK IN,12:56:00,2019-12-18T00:00:00.000,APP WNL,R19-561085,ADOP RESCU,,2019-11-07T00:00:00.000,ADOPTION,A19-200362
008500,5,UNAVAILABLE,FEB.2020,DOG,CHIHUAHUA SH,AT LARGE,APP WNL,RETURNED TO OWNER,K20-499163,1,RECEIVING,SWEEP,P9991549,UNABLE TO SCAN,1,2020-02-26T00:00:00.000,FY2020,OTHER,A1076066,STRAY,MG1718,14:47:00,FIELD,14:48:00,2020-02-26T00:00:00.000,APP WNL,,,,2020-02-26T00:00:00.000,,A20-214807
007825,10,UNAVAILABLE,DEC.2019,CAT,DOMESTIC SH,KEEP SAFE,APP WNL,RETURNED TO OWNER,K19-492350,1,QC 09,FIELD,P9991781,SCAN NO CHIP,1,2020-01-08T00:00:00.000,FY2020,OTHER,A1092004,CONFISCATED,AO1781,22:48:00,WALK IN,17:37:00,2019-12-29T00:00:00.000,APP WNL,R19-561869,,,2019-12-28T00:00:00.000,,A19-207450
003700,7,IMPOUNDED,DEC.2019,DOG,LABRADOR RETR,AT LARGE,APP WNL,RETURNED TO OWNER,K19-491437,1,RECEIVING,SWEEP,P9991772,UNABLE TO SCAN,1,2019-12-20T00:00:00.000,FY2020,OTHER,A1091313,STRAY,RO1772,07:00:00,FIELD,07:01:00,2019-12-20T00:00:00.000,APP WNL,,,,2019-12-20T00:00:00.000,,A19-206506
002702,7,IMPOUNDED,JAN.2020,DOG,PIT BULL,AT LARGE,APP WNL,RETURNED TO OWNER,K20-494060,1,RECEIVING,FIELD,P0915127,SCAN NO CHIP,1,2020-01-12T00:00:00.000,FY2020,OTHER,A1093164,STRAY,MM1759,16:07:00,FIELD,11:15:00,2020-01-12T00:00:00.000,APP WNL,,,,2020-01-12T00:00:00.000,,A20-209209
,,IMPOUNDED,NOV.2019,DOG,BASSET HOUND,WEB,NORMAL,LOST EXP,K19-487821,1,LOST,,P0908240,,0,2019-11-17T00:00:00.000,FY2020,,A1088676,STRAY,WEB,15:25:00,OTHER,00:00:00,2019-12-18T00:00:00.000,,,,,2019-11-17T00:00:00.000,,
011602,8,UNAVAILABLE,JAN.2020,DOG,LABRADOR RETR,AT LARGE,APP WNL,ADOPTION,K20-493366,1,AD 007,FIELD,P9991776,SCAN NO CHIP,1,2020-01-11T00:00:00.000,FY2020,OTHRINTAKS,A1092715,STRAY,MRY1776,01:00:00,PROMOTION,14:52:00,2020-01-12T00:00:00.000,APP WNL,R20-562444,ADOP RESCU,,2020-01-07T00:00:00.000,PRE ADOPTED,A20-208521
013619,12,IMPOUNDED,JUN.2020,WILDLIFE,SQUIRREL,NON-RABIES,APP SICK,DIED,K20-507463,1,RECEIVING,FIELD,P0930346,WILDLIFE - UNABLE TO SCAN,1,2020-06-20T00:00:00.000,FY2020,OTHRINTAKS,A1103215,WILDLIFE,SME8452,11:45:00,ENROUTE,14:58:00,2020-06-20T00:00:00.000,APP SICK,,,,2020-06-20T00:00:00.000,,A20-227591
020500,6,AVAILABLE,DEC.2019,CAT,DOMESTIC SH,RETURN,UNDERAGE,FOSTER,K19-491196,1,K03,OVER THE COUNTER,P0871433,SCAN CHIP,1,2019-12-18T00:00:00.000,FY2020,OTHRINTAKS,A1090533,FOSTER,DL,09:54:00,UNDERAGE,11:29:00,2019-12-18T00:00:00.000,UNKNOWN,,RESC FOSTR,,2019-12-18T00:00:00.000,FOSTER,
011300,8,UNAVAILABLE,JAN.2020,DOG,PIT BULL,CONFINED,APP WNL,TRANSFER,K20-494314,1,PUPS 3,FIELD,P9991740,SCAN NO CHIP,1,2020-01-14T00:00:00.000,FY2020,OTHRINTAKS,A1093360,STRAY,1740,20:24:00,UNDERAGE,10:45:00,2020-01-24T00:00:00.000,APP WNL,,RESCU ONLY,,2020-01-14T00:00:00.000,TAGGED,A20-209496
005700,4,UNAVAILABLE,FEB.2020,DOG,PIT BULL,AT LARGE,APP WNL,TRANSFER,K20-496611,1,PUPS 4,OVER THE COUNTER,P0819890,SCAN NO CHIP,1,2020-02-07T00:00:00.000,FY2020,OTHRINTAKS,A1095070,STRAY,BBW,11:09:00,GENERAL,11:20:00,2020-02-07T00:00:00.000,APP WNL,,ADOP RESCU,,2020-02-03T00:00:00.000,,
013621,11,UNAVAILABLE,JAN.2020,DOG,PIT BULL,AT LARGE,APP WNL,TRANSFER,K20-493749,1,LFSD 10,OVER THE COUNTER,P0914807,SCAN NO CHIP,1,2020-01-11T00:00:00.000,FY2020,OTHRINTAKS,A1092965,STRAY,BW,15:08:00,GENERAL,13:51:00,2020-01-12T00:00:00.000,APP WNL,,ADOP RESCU,,2020-01-09T00:00:00.000,TAGGED,
020500,6,IMPOUNDED,DEC.2019,DOG,GERM SHEPHERD,HEART WORM,APP WNL,TREATMENT,K19-491192,1,INJD 004,OVER THE COUNTER,P0901228,SCAN CHIP,1,2019-12-19T00:00:00.000,FY2020,OTHER,A1080520,TREATMENT,LV,09:46:00,COMPLETED,18:49:00,2019-12-19T00:00:00.000,APP SICK,,MEDICAL,,2019-12-18T00:00:00.000,HWT 2&3/INJ 10B,
011900,5,UNAVAILABLE,DEC.2019,DOG,CANE CORSO,AT LARGE,APP WNL,ADOPTION,K19-490624,1,AD 027,SWEEP,P9991772,SCAN NO CHIP,1,2019-12-16T00:00:00.000,FY2020,OTHER,A1090736,STRAY,RO1772,10:41:00,WALK IN,18:17:00,2019-12-18T00:00:00.000,APP WNL,R19-561116,ADOP RESCU,,2019-12-12T00:00:00.000,AD27 - DC16,A19-205362
006501,1,IMPOUNDED,DEC.2019,DOG,PIT BULL,AT LARGE,APP WNL,ADOPTION,K19-490845,1,DC 05,OVER THE COUNTER,P0911547,SCAN NO CHIP,1,2019-12-18T00:00:00.000,FY2020,OTHRINTAKS,A1090926,STRAY,MM,12:07:00,WALK IN,16:35:00,2019-12-18T00:00:00.000,APP WNL,R19-560945,ADOP RESCU,,2019-12-14T00:00:00.000,PRE-ADOPTED,
010101,6,UNAVAILABLE,DEC.2019,DOG,PIT BULL,AT LARGE,APP WNL,RETURNED TO OWNER,K19-491375,1,RECEIVING,SWEEP,P9991784,UNABLE TO SCAN,1,2019-12-19T00:00:00.000,FY2020,OTHER,A1091257,STRAY,BB,11:40:00,FIELD,11:46:00,2019-12-19T00:00:00.000,APP WNL,,,,2019-12-19T00:00:00.000,,A19-206390
002702,7,IMPOUNDED,DEC.2019,DOG,POINTER,AT LARGE,APP WNL,RETURNED TO OWNER,K19-492492,1,RECEIVING,SWEEP,P9991704,SCAN NO CHIP,1,2020-01-03T00:00:00.000,FY2020,OTHER,A1092103,STRAY,SC1704,13:30:00,FIELD,13:30:00,2019-12-30T00:00:00.000,APP WNL,,,,2019-12-30T00:00:00.000,,A19-207604
,,IMPOUNDED,MAY.2020,CAT,DOMESTIC SH,GENERAL,APP INJ,TRANSFER,K20-504348,1,VT 09,OVER THE COUNTER,P0926651,SCAN NO CHIP,1,2020-05-07T00:00:00.000,FY2020,MEDICAL,A1100865,OWNER SURRENDER,SDW,07:35:00,MEDICAL,12:30:00,2020-05-09T00:00:00.000,APP INJ,,EMERGENCY RESCUE,,2020-05-07T00:00:00.000,,
016701,8,UNAVAILABLE,DEC.2019,DOG,LABRADOR RETR,AT LARGE,APP WNL,ADOPTION,K19-491242,1,DC 02,OVER THE COUNTER,P0912017,SCAN NO CHIP,1,2019-12-18T00:00:00.000,FY2020,OTHRINTAKS,A1091189,STRAY,DL,12:14:00,WALK IN,16:07:00,2019-12-19T00:00:00.000,APP WNL,R19-561089,ADOP RESCU,,2019-12-18T00:00:00.000,ADOPTED,
008701,4,IMPOUNDED,DEC.2019,DOG,SIBERIAN HUSKY,AT LARGE,APP WNL,RETURNED TO OWNER,K19-492459,1,RECEIVING,FIELD,P9991774,UNABLE TO SCAN,1,2019-12-30T00:00:00.000,FY2020,OTHRINTAKS,A1092077,STRAY,SM1774,10:31:00,FIELD,10:35:00,2019-12-30T00:00:00.000,APP WNL,,,,2019-12-30T00:00:00.000,,A19-207560
003902,7,IMPOUNDED,DEC.2019,DOG,CHIHUAHUA LH,AT LARGE,APP WNL,RETURNED TO OWNER,K19-491465,1,RECEIVING,SWEEP,P9991772,UNABLE TO SCAN,1,2019-12-20T00:00:00.000,FY2020,OTHER,A1091325,STRAY,RO1772,11:15:00,FIELD,11:15:00,2019-12-20T00:00:00.000,APP WNL,,,,2019-12-20T00:00:00.000,,A19-206551
006402,1,IMPOUNDED,DEC.2019,DOG,PIT BULL,AT LARGE,APP WNL,RETURNED TO OWNER,K19-491386,1,RECEIVING,FIELD,P9991776,UNABLE TO SCAN,1,2019-12-19T00:00:00.000,FY2020,OTHRINTAKS,A1091275,STRAY,MRY1776,13:13:00,FIELD,13:13:00,2019-12-19T00:00:00.000,APP WNL,,,,2019-12-19T00:00:00.000,,A19-206430
021637,12,UNAVAILABLE,DEC.2019,DOG,BORDER COLLIE,GENERAL,APP WNL,ADOPTION,K19-491338,1,LFD 087,FIELD,P0912090,SCAN CHIP,1,2019-12-19T00:00:00.000,FY2020,FINANCIAL,A1090019,OWNER SURRENDER,ER1768,20:28:00,WALK IN,15:11:00,2019-12-19T00:00:00.000,APP WNL,R19-561167,ADOP RESCU,,2019-12-18T00:00:00.000,ADOPTED,A19-206358
004500,1,IMPOUNDED,JAN.2020,DOG,PIT BULL,AT LARGE,APP WNL,RETURNED TO OWNER,K20-495361,1,RECEIVING,SWEEP,P9991772,SCAN CHIP,1,2020-01-24T00:00:00.000,FY2020,OTHER,A1094134,STRAY,RO1772,09:50:00,FIELD,09:50:00,2020-01-24T00:00:00.000,APP WNL,,,,2020-01-24T00:00:00.000,,A20-210676
020500,6,UNAVAILABLE,DEC.2019,CAT,DOMESTIC SH,RETURN,APP WNL,ADOPTION,K19-491295,1,AC 001,OVER THE COUNTER,P0756407,SCAN NO CHIP,1,2019-12-18T00:00:00.000,FY2020,OTHER,A1077723,FOSTER,OT,15:37:00,IN FOSTER,15:39:00,2019-12-12T00:00:00.000,APP WNL,,RESC FOSTR,,2019-12-12T00:00:00.000,,
019035,10,UNAVAILABLE,MAR.2020,DOG,BEAGLE,CONFINED,APP WNL,ADOPTION,K20-501267,1,LFSD 06,FIELD,P0872480,SCAN NO CHIP,1,2020-03-16T00:00:00.000,FY2020,OTHER,A1098682,STRAY,MLM1701,11:01:00,WESTMORELD,09:22:00,2020-03-17T00:00:00.000,APP WNL,R20-566207,ADOP RESCU,,2020-03-16T00:00:00.000,,A20-217023
009401,2,UNAVAILABLE,DEC.2019,DOG,LABRADOR RETR,AT LARGE,APP WNL,RETURNED TO OWNER,K19-491223,1,RECEIVING,SWEEP,P9991718,UNABLE TO SCAN,1,2019-12-18T00:00:00.000,FY2020,OTHER,A1091175,STRAY,MG1718,11:27:00,FIELD,11:28:00,2019-12-18T00:00:00.000,APP WNL,,,,2019-12-18T00:00:00.000,,A19-206290
020500,6,RELEASED FROM QUARANTINE,DEC.2019,DOG,PIT BULL,QUARANTINE,APP WNL,RETURNED TO OWNER,K19-490238,1,DC 05,OVER THE COUNTER,P0910730,SCAN NO CHIP,1,2019-12-16T00:00:00.000,FY2020,OTHRINTAKS,A1090265,CONFISCATED,CDM,11:17:00,WALK IN,17:47:00,2019-12-17T00:00:00.000,APP WNL,R19-561016,QUARANTINE,,2019-12-09T00:00:00.000,RETURNED TO OWNER: SX 12/17/19,A19-204525
006501,1,IMPOUNDED,DEC.2019,DOG,POMERANIAN,AT LARGE,UNKNOWN,RETURNED TO OWNER,K19-492354,1,SMD07,SWEEP,P9991715,SCAN NO CHIP,1,2020-01-02T00:00:00.000,FY2020,OTHER,A1092008,STRAY,DB1715,09:09:00,WALK IN,18:25:00,2019-12-30T00:00:00.000,APP WNL,R19-561932,ADOPTION,,2019-12-29T00:00:00.000,RETURNED TO OWNER,A19-207471
011105,8,UNAVAILABLE,JAN.2020,DOG,CHIHUAHUA SH,AT LARGE,APP WNL,ADOPTION,K20-496357,1,PSDOG 19,OVER THE COUNTER,P0917285,SCAN NO CHIP,1,2020-02-04T00:00:00.000,FY2020,OTHRINTAKS,A1094884,STRAY,JCZ,14:58:00,EAC,13:48:00,2020-02-07T00:00:00.000,APP WNL,R20-564124,ADOP RESCU,,2020-01-31T00:00:00.000,,
009201,5,IMPOUNDED,JAN.2020,DOG,CHIHUAHUA SH,AT LARGE,APP WNL,RETURNED TO OWNER,K20-494012,1,RECEIVING,FIELD,P9991736,SCAN CHIP,1,2020-01-12T00:00:00.000,FY2020,OTHRINTAKS,A1053649,STRAY,TM1736,13:03:00,FIELD,13:03:00,2020-01-12T00:00:00.000,APP WNL,,,,2020-01-12T00:00:00.000,,A20-209217
008703,4,UNAVAILABLE,DEC.2019,DOG,PIT BULL,AT LARGE,APP WNL,FOSTER,K19-491794,1,NMOMS 4,FIELD,P9991736,SCAN NO CHIP,1,2019-12-28T00:00:00.000,FY2020,OTHRINTAKS,A1091579,STRAY,TM1736,11:45:00,UNDERAGE,10:34:00,2020-01-21T00:00:00.000,UNDERAGE,,RESC FOSTR,,2019-12-23T00:00:00.000,FOSTER,A19-206856
006401,1,IMPOUNDED,FEB.2020,DOG,POMERANIAN,AT LARGE,APP WNL,RETURNED TO OWNER,K20-497093,1,RECEIVING,SWEEP,P9991721,SCAN CHIP,1,2020-02-07T00:00:00.000,FY2020,OTHER,A0874832,STRAY,JMK 1721,11:20:00,FIELD,11:26:00,2020-02-07T00:00:00.000,APP WNL,,,,2020-02-07T00:00:00.000,,A20-212471
008604,4,UNAVAILABLE,JAN.2020,DOG,RAT TERRIER,AT LARGE,APP WNL,ADOPTION,K20-494698,1,AD 102,OVER THE COUNTER,P0915674,SCAN NO CHIP,1,2020-01-22T00:00:00.000,FY2020,OTHRINTAKS,A1093628,STRAY,CDM,12:01:00,WALK IN,17:19:00,2020-01-24T00:00:00.000,APP WNL,R20-563308,ADOPTION,,2020-01-18T00:00:00.000,ADOPTED,
020500,6,UNAVAILABLE,DEC.2019,CAT,DOMESTIC SH,RETURN,APP WNL,ADOPTION,K19-492512,1,AC 001,OVER THE COUNTER,P0870890,SCAN CHIP,1,2019-12-30T00:00:00.000,FY2020,OTHER,A1071495,FOSTER,AC,16:13:00,IN FOSTER,16:13:00,2019-12-30T00:00:00.000,APP WNL,,ADOP RESCU,,2019-12-30T00:00:00.000,,
011401,8,UNAVAILABLE,DEC.2019,DOG,LABRADOR RETR,GENERAL,APP WNL,ADOPTION,K19-491955,1,DC 16,FIELD,P0912898,SCAN NO CHIP,1,2019-12-26T00:00:00.000,FY2020,OTHER,A1091708,OWNER SURRENDER,EPOOLE,05:41:00,WALK IN,17:58:00,2019-12-30T00:00:00.000,APP WNL,R19-561852,ADOP RESCU,,2019-12-25T00:00:00.000,ADOPTED,A19-207029
019212,11,UNAVAILABLE,DEC.2019,DOG,CHIHUAHUA SH,AT LARGE,APP WNL,ADOPTION,K19-492104,1,FAM GP 04,OVER THE COUNTER,P0887549,SCAN NO CHIP,1,2019-12-29T00:00:00.000,FY2020,OTHRINTAKS,A1091822,STRAY,DL,16:41:00,WALK IN,10:08:00,2019-12-30T00:00:00.000,APP WNL,R19-561650,ADOP RESCU,,2019-12-26T00:00:00.000,PREADOPTED,
005200,1,IMPOUNDED,JAN.2020,CAT,DOMESTIC SH,AT LARGE,APP SICK,FOSTER,K20-494001,1,K02,OVER THE COUNTER,P0915082,SCAN NO CHIP,1,2020-01-12T00:00:00.000,FY2020,OTHRINTAKS,A1093134,STRAY,CBU,11:37:00,TREATMENT,14:46:00,2020-01-12T00:00:00.000,APP SICK,,,,2020-01-12T00:00:00.000,,
,,UNAVAILABLE,FEB.2020,DOG,ROTTWEILER,RETURN30,APP SICK,EUTHANIZED,K20-499159,1,SHD 10,OVER THE COUNTER,P0919861,SCAN CHIP,1,2020-02-26T00:00:00.000,FY2020,MEDICAL,A1096748,OWNER SURRENDER,JCZ,15:04:00,HUMANE,15:35:00,2020-02-26T00:00:00.000,CRITICAL,,,,2020-02-26T00:00:00.000,,
009000,5,UNAVAILABLE,FEB.2020,DOG,WELSH CORGI CAR,GENERAL,APP WNL,TRANSFER,K20-497026,1,LFSD 02,OVER THE COUNTER,P0917949,SCAN NO CHIP,1,2020-02-06T00:00:00.000,FY2020,PERSNLISSU,A1095372,OWNER SURRENDER,EMV,14:54:00,GENERAL,16:05:00,2020-02-07T00:00:00.000,APP WNL,,ADOP RESCU,,2020-02-06T00:00:00.000,SMK,
009101,5,UNAVAILABLE,JAN.2020,DOG,GERM SHEPHERD,GENERAL,APP WNL,ADOPTION,K20-495337,1,LFD 106,FIELD,P0915003,SCAN CHIP,1,2020-01-24T00:00:00.000,FY2020,OTHRINTAKS,A1092706,OWNER SURRENDER,MK1748,19:03:00,WALK IN,14:09:00,2020-01-24T00:00:00.000,APP WNL,R20-563296,ADOP RESCU,,2020-01-23T00:00:00.000,ADOPTED,A20-210636
020500,6,UNAVAILABLE,JAN.2020,DOG,GERM SHEPHERD,TREATMENT,UNKNOWN,FOSTER,K20-493984,1,F1,OVER THE COUNTER,P0878396,SCAN NO CHIP,1,2020-01-12T00:00:00.000,FY2020,OTHER,A1091990,FOSTER,OT,09:48:00,TREATMENT,16:17:00,2020-01-12T00:00:00.000,UNKNOWN,,RESC FOSTR,,2020-01-12T00:00:00.000,FOSTER,A19-207440
005600,4,IMPOUNDED,DEC.2019,DOG,CHIHUAHUA SH,AT LARGE,APP WNL,ADOPTION,K19-492064,1,FAM GP 04,SWEEP,P9991772,SCAN NO CHIP,1,2019-12-30T00:00:00.000,FY2020,OTHER,A1091792,STRAY,RO1772,12:20:00,WALK IN,10:07:00,2019-12-30T00:00:00.000,APP WNL,R19-561582,ADOP RESCU,,2019-12-26T00:00:00.000,PRE ADOPTED,A19-207158
002500,2,IMPOUNDED,JAN.2020,DOG,GERM SHEPHERD,AT LARGE,APP WNL,RETURNED TO OWNER,K20-495342,1,LFD 059,FIELD,P9991751,SCAN CHIP,1,2020-01-30T00:00:00.000,FY2020,OTHRINTAKS,A1094129,STRAY,EP1751,05:20:00,WALK IN,15:10:00,2020-01-24T00:00:00.000,APP WNL,R20-563302,HOLD NOTIFY,,2020-01-24T00:00:00.000,RETURNED TO OWNER,A20-210657
020500,6,UNAVAILABLE,JAN.2020,DOG,LABRADOR RETR,GENERAL,APP WNL,ADOPTION,K20-495175,1,VIP08,OVER THE COUNTER,P0891410,SCAN CHIP,1,2020-01-22T00:00:00.000,FY2020,PERSNLISSU,A1074864,OWNER SURRENDER,MM,15:52:00,WALK IN,18:34:00,2020-01-24T00:00:00.000,APP WNL,R20-563322,ADOP RESCU,,2020-01-22T00:00:00.000,ADOPTED,
020500,6,UNAVAILABLE,DEC.2019,CAT,DOMESTIC SH,RETURN,APP WNL,ADOPTION,K19-492271,1,AC 007,OVER THE COUNTER,P0884389,SCAN NO CHIP,1,2019-12-30T00:00:00.000,FY2020,OTHER,A1078540,FOSTER,AC,08:57:00,WALK IN,11:32:00,2019-12-30T00:00:00.000,APP WNL,R19-561874,ADOP RESCU,,2019-12-30T00:00:00.000,ADOPTION,
017101,8,UNAVAILABLE,DEC.2019,DOG,AM PIT BULL TER,CONFINED,APP WNL,ADOPTION,K19-489864,1,VIP06,FIELD,P9991744,SCAN CHIP,1,2019-12-12T00:00:00.000,FY2020,OTHRINTAKS,A1090176,STRAY,JB1744,00:02:00,WALK IN,18:39:00,2019-12-20T00:00:00.000,APP WNL,R19-561239,ADOP RESCU,,2019-12-06T00:00:00.000,ADOPTED,A19-204380
004201,1,UNAVAILABLE,JUN.2020,DOG,BLACK MOUTH CUR,CONFINED,APP WNL,ADOPTION,K20-507243,1,LFSD 08,FIELD,P9991579,SCAN NO CHIP,1,2020-06-18T00:00:00.000,FY2020,OTHER,A1103043,STRAY,ASB1579,09:42:00,ADOPETS,18:08:00,2020-06-20T00:00:00.000,APP WNL,R20-568214,ADOP RESCU,,2020-06-17T00:00:00.000,,A20-227195
001800,14,IMPOUNDED,DEC.2019,DOG,LABRADOR RETR,CONFINED,APP WNL,RETURNED TO OWNER,K19-492444,1,RECEIVING,FIELD,P0913527,SCAN NO CHIP,1,2020-01-04T00:00:00.000,FY2020,OTHRINTAKS,A1092069,STRAY,TM1736,08:28:00,FIELD,12:43:00,2019-12-30T00:00:00.000,APP WNL,,,,2019-12-30T00:00:00.000,,A19-207544
003902,7,IMPOUNDED,DEC.2019,DOG,CHIHUAHUA SH,AT LARGE,APP WNL,RETURNED TO OWNER,K19-491479,1,RECEIVING,SWEEP,P9991772,UNABLE TO SCAN,1,2019-12-20T00:00:00.000,FY2020,OTHER,A1091337,STRAY,RO1772,12:29:00,FIELD,12:30:00,2019-12-20T00:00:00.000,APP WNL,,,,2019-12-20T00:00:00.000,,A19-206564
006700,1,UNAVAILABLE,DEC.2019,DOG,AUST CATTLE DOG,AT LARGE,APP WNL,RETURNED TO OWNER,K19-492215,1,DC 15,SWEEP,P9991772,SCAN NO CHIP,1,2019-12-31T00:00:00.000,FY2020,OTHER,A1091898,STRAY,RO1772,14:20:00,WALK IN,17:25:00,2019-12-30T00:00:00.000,APP WNL,R19-561712,ADOPTION,,2019-12-27T00:00:00.000,RETURNED TO OWNER: 12-30-19,A19-207315
009802,6,AVAILABLE,JAN.2020,DOG,BORDER COLLIE,GENERAL,APP WNL,TRANSFER,K20-493905,1,LFD 049,OVER THE COUNTER,P0914981,SCAN CHIP,1,2020-01-11T00:00:00.000,FY2020,PERSNLISSU,A1093073,OWNER SURRENDER,JR,12:55:00,GENERAL,11:04:00,2020-01-12T00:00:00.000,APP WNL,,ADOP RESCU,,2020-01-11T00:00:00.000,ADOPTION PENDING,A20-209078
013623,11,UNAVAILABLE,JAN.2020,WILDLIFE,RACCOON,UNINJURED,APP WNL,WILDLIFE,K20-494056,1,RECEIVING,FIELD,P9991770,WILDLIFE - UNABEL TO SCAN,1,2020-01-12T00:00:00.000,FY2020,OTHER,A1093168,WILDLIFE,VD1770,16:13:00,TO WILD,16:16:00,2020-01-12T00:00:00.000,APP WNL,,,,2020-01-12T00:00:00.000,,A20-209250
003700,7,UNAVAILABLE,JAN.2020,DOG,BELG MALINOIS,AT LARGE,APP WNL,RETURNED TO OWNER,K20-495430,1,RECEIVING,SWEEP,P9991718,UNABLE TO SCAN,1,2020-01-24T00:00:00.000,FY2020,OTHER,A1091083,STRAY,MG1718,16:20:00,FIELD,16:21:00,2020-01-24T00:00:00.000,APP WNL,,,,2020-01-24T00:00:00.000,,A20-210699
002701,7,UNAVAILABLE,DEC.2019,DOG,PIT BULL,AT LARGE,APP WNL,RETURNED TO OWNER,K19-491946,1,DC 14,FIELD,P9991740,SCAN NO CHIP,1,2019-12-27T00:00:00.000,FY2020,OTHRINTAKS,A1091700,STRAY,WH1740,21:01:00,WALK IN,17:20:00,2019-12-30T00:00:00.000,APP WNL,R19-561785,RTO,,2019-12-24T00:00:00.000,RETURNED TO OWNER SX 12/30,A19-207021
004300,6,UNAVAILABLE,JAN.2020,DOG,PIT BULL,RETURN30,APP WNL,ADOPTION,K20-493933,1,AD 023,OVER THE COUNTER,P0914302,SCAN CHIP,1,2020-01-11T00:00:00.000,FY2020,PERSNLISSU,A1092528,OWNER SURRENDER,MM,15:47:00,WALK IN,16:52:00,2020-01-12T00:00:00.000,APP WNL,R20-562727,ADOP RESCU,,2020-01-11T00:00:00.000,ADOPTED,
010902,8,UNAVAILABLE,DEC.2019,DOG,SHIH TZU,GENERAL,APP WNL,ADOPTION,K19-491781,1,LFSD 20,OVER THE COUNTER,P0567583,SCAN CHIP,1,2019-12-30T00:00:00.000,FY2020,PERSNLISSU,A0742132,OWNER SURRENDER,CDM,10:22:00,PROMOTION,17:05:00,2019-12-30T00:00:00.000,APP WNL,R19-561421,ADOP RESCU,,2019-12-23T00:00:00.000,PRE-ADOPTED,
006301,4,UNAVAILABLE,JAN.2020,DOG,CHOW CHOW,AT LARGE,APP WNL,RETURNED TO OWNER,K20-493927,1,LFD 042,SWEEP,P9991184,SCAN CHIP,1,2020-01-17T00:00:00.000,FY2020,OTHER,A1093088,STRAY,MG1718,14:39:00,WALK IN,15:18:00,2020-01-12T00:00:00.000,APP WNL,R20-562712,HOLD NOTIFY,,2020-01-11T00:00:00.000,,A20-209136
020500,6,UNAVAILABLE,JAN.2020,DOG,GERM SHEPHERD,TREATMENT,APP WNL,FOSTER,K20-495359,1,F1,OVER THE COUNTER,P0598646,SCAN CHIP,1,2020-01-24T00:00:00.000,FY2020,MEDICAL,A1089865,FOSTER,JR,09:31:00,TREATMENT,17:55:00,2020-01-24T00:00:00.000,APP WNL,,RESC FOSTR,,2020-01-24T00:00:00.000,,
006402,1,IMPOUNDED,DEC.2019,DOG,SHIBA INU,AT LARGE,APP WNL,RETURNED TO OWNER,K19-492244,1,LFD 043,OVER THE COUNTER,P0854034,SCAN CHIP,1,2020-01-02T00:00:00.000,FY2020,OTHRINTAKS,A1091919,STRAY,CDM,18:11:00,WALK IN,18:41:00,2019-12-30T00:00:00.000,APP WNL,R19-561934,ADOP RESCU,,2019-12-27T00:00:00.000,RETURNED TO OWNER,
002701,7,UNAVAILABLE,DEC.2019,DOG,PIT BULL,AT LARGE,APP WNL,RETURNED TO OWNER,K19-491945,1,DC 06,FIELD,P9991740,SCAN NO CHIP,1,2019-12-27T00:00:00.000,FY2020,OTHRINTAKS,A1091699,STRAY,WH1740,21:01:00,WALK IN,17:22:00,2019-12-30T00:00:00.000,APP WNL,R19-561784,ADOP RESCU,,2019-12-24T00:00:00.000,RETURNED TO OWNER SX 12/30,A19-207021
,,IMPOUNDED,APR.2020,DOG,CHIHUAHUA SH,WEB,NORMAL,LOST EXP,K20-502713,1,LOST,,P0924473,,0,2020-04-08T00:00:00.000,FY2020,,A1099640,STRAY,WEB,11:25:00,OTHER,00:00:00,2020-05-09T00:00:00.000,,,,,2020-04-04T00:00:00.000,,
017102,8,IMPOUNDED,FEB.2020,DOG,BORDER COLLIE,AT LARGE,APP WNL,RETURNED TO OWNER,K20-497085,1,RECEIVING,FIELD,P9991710,UNABLE TO SCAN,1,2020-02-07T00:00:00.000,FY2020,OTHRINTAKS,A0880172,STRAY,CVB1710,09:58:00,FIELD,10:00:00,2020-02-07T00:00:00.000,APP WNL,,,,2020-02-07T00:00:00.000,,A20-212448
009000,5,UNAVAILABLE,DEC.2019,DOG,GERM SHEPHERD,AT LARGE,APP WNL,ADOPTION,K19-492099,1,PUPS 1,FIELD,P0883290,SCAN CHIP,1,2019-12-30T00:00:00.000,FY2020,OTHER,A1076187,STRAY,DB,16:02:00,WALK IN,13:07:00,2019-12-30T00:00:00.000,APP WNL,R19-561696,ADOP RESCU,,2019-12-26T00:00:00.000,PRE ADOPTED,A19-207198
020500,6,UNAVAILABLE,JAN.2020,DOG,GERM SHEPHERD,TREATMENT,APP WNL,FOSTER,K20-495357,1,F1,OVER THE COUNTER,P0598646,SCAN CHIP,1,2020-01-24T00:00:00.000,FY2020,MEDICAL,A1089863,FOSTER,JR,09:31:00,TREATMENT,17:55:00,2020-01-24T00:00:00.000,APP WNL,,RESC FOSTR,,2020-01-24T00:00:00.000,,
020400,2,IMPOUNDED,DEC.2019,DOG,PLOTT HOUND,AT LARGE,APP INJ,ADOPTION,K19-491010,1,DC 03,OVER THE COUNTER,P0911785,SCAN NO CHIP,1,2019-12-20T00:00:00.000,FY2020,OTHRINTAKS,A1091036,STRAY,CBU,11:55:00,PROMOTION,16:37:00,2019-12-20T00:00:00.000,APP WNL,R19-561038,ADOP RESCU,,2019-12-16T00:00:00.000,PRE-ADOPTED,
011300,3,IMPOUNDED,JAN.2020,DOG,GOLDEN RETR,AT LARGE,APP WNL,RETURNED TO OWNER,K20-494055,1,RECEIVING,FIELD,P0915132,SCAN NO CHIP,1,2020-01-12T00:00:00.000,FY2020,OTHRINTAKS,A1093167,STRAY,1171,16:04:00,FIELD,16:07:00,2020-01-12T00:00:00.000,APP WNL,,,,2020-01-12T00:00:00.000,,A20-209246
013011,10,UNAVAILABLE,DEC.2019,DOG,LABRADOR RETR,AT LARGE,UNKNOWN,RETURNED TO OWNER,K19-491497,1,RECEIVING,FIELD,P9991200,UNABLE TO SCAN,1,2019-12-19T00:00:00.000,FY2020,OTHRINTAKS,A1091279,STRAY,CM1200,13:00:00,FIELD,13:00:00,2019-12-19T00:00:00.000,UNKNOWN,,,,2019-12-19T00:00:00.000,,A19-206432
020500,6,AVAILABLE,DEC.2019,CAT,DOMESTIC SH,TREATMENT,APP SICK,FOSTER,K19-489304,1,FOSTER,OVER THE COUNTER,P0885233,SCAN NO CHIP,1,2019-12-01T00:00:00.000,FY2020,OTHER,A1085907,FOSTER,AC,09:31:00,TREATMENT,13:38:00,2019-12-01T00:00:00.000,APP SICK,,ADOP RESCU,,2019-12-01T00:00:00.000,FOSTER,A19-197676
009000,5,UNAVAILABLE,JAN.2020,DOG,GERM SHEPHERD,AT LARGE,APP WNL,TRANSFER,K20-493569,1,VIP06,SWEEP,P9991549,SCAN NO CHIP,1,2020-01-12T00:00:00.000,FY2020,OTHER,A1092840,STRAY,MGD,11:53:00,GENERAL,14:43:00,2020-02-07T00:00:00.000,APP WNL,,ADOP RESCU,,2020-01-08T00:00:00.000,NDW,A20-208713
020500,6,UNAVAILABLE,JAN.2020,CAT,DOMESTIC SH,SURGERY,APP WNL,ADOPTION,K20-495345,1,CC 24,OVER THE COUNTER,P0908906,SCAN CHIP,1,2020-01-24T00:00:00.000,FY2020,MEDICAL,A1085548,FOSTER,JR,07:13:00,BY FOSTER,16:39:00,2020-01-24T00:00:00.000,APP WNL,,RESC FOSTR,,2020-01-24T00:00:00.000,FOSTER,
020500,6,AVAILABLE,DEC.2019,CAT,DOMESTIC SH,SURGERY,APP WNL,FOSTER,K19-491440,1,CC 24,OVER THE COUNTER,P0017761,SCAN NO CHIP,1,2019-12-20T00:00:00.000,FY2020,MEDICAL,A1081889,FOSTER,SDW,08:07:00,SURGERY,18:28:00,2019-12-20T00:00:00.000,APP WNL,,ADOP RESCU,,2019-12-20T00:00:00.000,FOSTER,
005901,4,AVAILABLE,JAN.2020,DOG,PIT BULL,GENERAL,APP WNL,RETURNED TO OWNER,K20-494958,1,PUPS 4,OVER THE COUNTER,P0915986,SCAN NO CHIP,1,2020-01-21T00:00:00.000,FY2020,PERSNLISSU,A1093834,OWNER SURRENDER,BW,18:20:00,WALK IN,16:48:00,2020-01-24T00:00:00.000,APP WNL,R20-563216,ADOP RESCU,,2020-01-20T00:00:00.000,RETURNED TO OWNER SX 01/23/20,
017101,8,UNAVAILABLE,JAN.2020,DOG,LABRADOR RETR,DANGEROUS,APP WNL,RETURNED TO OWNER,K20-496216,1,QD 26,FIELD,P0893793,SCAN CHIP,2,2020-02-08T00:00:00.000,FY2020,BEHAVIOR,A1084792,CONFISCATED,MBD,13:45:00,WALK IN,15:23:00,2020-02-07T00:00:00.000,APP WNL,R20-564130,DANGEROUS,,2020-01-30T00:00:00.000,,A19-193388
020500,6,UNAVAILABLE,DEC.2019,DOG,LABRADOR RETR,GENERAL,APP WNL,ADOPTION,K19-492326,1,VIP05,OVER THE COUNTER,P0869522,SCAN CHIP,1,2019-12-28T00:00:00.000,FY2020,BEHAVIOR,A1056055,OWNER SURRENDER,JR,16:49:00,WALK IN,13:52:00,2019-12-30T00:00:00.000,APP WNL,R19-561897,ADOP RESCU,,2019-12-28T00:00:00.000,ADOPTION,
020500,6,UNAVAILABLE,DEC.2019,CAT,DOMESTIC SH,RETURN,APP WNL,ADOPTION,K19-490958,1,AC 001,OVER THE COUNTER,P0495880,SCAN NO CHIP,1,2019-12-15T00:00:00.000,FY2020,OTHER,A1072659,FOSTER,AC,15:27:00,BY FOSTER,15:28:00,2019-12-15T00:00:00.000,APP WNL,,RESC FOSTR,,2019-12-15T00:00:00.000,,
009701,6,IMPOUNDED,JAN.2020,DOG,ROTTWEILER,AT LARGE,APP INJ,EUTHANIZED,K20-493851,1,INJD 012,FIELD,P9991751,SCAN NO CHIP,1,2020-01-15T00:00:00.000,FY2020,OTHRINTAKS,A1093044,STRAY,JB1744,00:13:00,HUMANE,11:08:00,2020-01-12T00:00:00.000,CRITICAL,,EMERGENCY RESCUE,,2020-01-11T00:00:00.000,,A20-209066
011702,5,UNAVAILABLE,DEC.2019,DOG,PIT BULL,KEEP SAFE DEAD ON ARRIVAL,DEAD,DEAD ON ARRIVAL,K19-492246,1,FREEZER,FIELD,P9991748,SCAN CHIP,1,2020-01-06T00:00:00.000,FY2020,OTHRINTAKS,A1091922,CONFISCATED,MK1748,18:25:00,TRANS-INV,08:14:00,2019-12-30T00:00:00.000,DEAD,,CRUELTY,,2019-12-27T00:00:00.000,,A19-207346
008500,5,RELEASED FROM QUARANTINE,DEC.2019,DOG,LABRADOR RETR,QUARANTINE,APP WNL,RETURNED TO OWNER,K19-491068,1,QD 27,FIELD,P9991750,SCAN NO CHIP,1,2019-12-26T00:00:00.000,FY2020,OTHER,A1039080,CONFISCATED,CM1750,18:48:00,WALK IN,16:20:00,2019-12-27T00:00:00.000,APP WNL,R19-561671,QUARANTINE,,2019-12-16T00:00:00.000,RETURNED TO OWNER,A19-206064
020500,6,UNAVAILABLE,DEC.2019,CAT,DOMESTIC SH,SURGERY,APP INJ,FOSTER,K19-491185,1,AC 045,OVER THE COUNTER,P0902379,SCAN CHIP,1,2019-12-18T00:00:00.000,FY2020,MEDICAL,A1083764,FOSTER,AC,08:59:00,SURGERY,15:00:00,2019-12-20T00:00:00.000,APP WNL,,RESC FOSTR,,2019-12-18T00:00:00.000,FOSTER,
019035,10,UNAVAILABLE,NOV.2019,CAT,DOMESTIC SH,KEEP SAFE,APP WNL,ADOPTION,K19-487893,1,IC 12,FIELD,P0908330,SCAN NO CHIP,2,2019-11-29T00:00:00.000,FY2020,OTHRINTAKS,A1088738,CONFISCATED,TM1736,12:39:00,WALK IN,17:43:00,2019-12-20T00:00:00.000,APP WNL,R19-561232,MEDICAL,,2019-11-18T00:00:00.000,ADOPTED,A19-201811
005200,1,UNAVAILABLE,FEB.2020,DOG,PIT BULL,AT LARGE,APP WNL,RETURNED TO OWNER,K20-499156,1,LFD 121,SWEEP,P9991772,SCAN CHIP,1,2020-03-03T00:00:00.000,FY2020,OTHER,A0870067,STRAY,ROB1772,14:45:00,WALK IN,16:48:00,2020-02-26T00:00:00.000,APP WNL,R20-565124,,,2020-02-26T00:00:00.000,,A20-214814
011104,8,IMPOUNDED,FEB.2020,DOG,PIT BULL,AT LARGE,APP WNL,RETURNED TO OWNER,K20-499153,1,RECEIVING,SWEEP,P9991772,UNABLE TO SCAN,1,2020-02-26T00:00:00.000,FY2020,OTHER,A1096990,STRAY,ROB1772,14:33:00,FIELD,14:34:00,2020-02-26T00:00:00.000,APP WNL,,,,2020-02-26T00:00:00.000,,A20-214808
020500,6,UNAVAILABLE,DEC.2019,CAT,DOMESTIC SH,RETURN,APP WNL,ADOPTION,K19-491147,1,PSCAT 04,OVER THE COUNTER,P0831068,SCAN NO CHIP,1,2019-12-17T00:00:00.000,FY2020,OTHER,A1088030,FOSTER,KC,15:35:00,EAC,12:22:00,2019-12-20T00:00:00.000,APP WNL,R19-561200,ADOP RESCU,,2019-12-17T00:00:00.000,ADOPT,
,,IMPOUNDED,NOV.2019,DOG,BULLDOG,WEB,NORMAL,LOST EXP,K19-489106,1,LOST,,P0909469,,0,2019-11-29T00:00:00.000,FY2020,,A1089616,STRAY,WEB,03:25:00,OTHER,00:00:00,2019-12-30T00:00:00.000,,,,,2019-11-28T00:00:00.000,,
011300,3,IMPOUNDED,JAN.2020,DOG,PIT BULL,AT LARGE,APP WNL,RETURNED TO OWNER,K20-494008,1,RECEIVING,SWEEP,P9991579,SCAN NO CHIP,1,2020-01-12T00:00:00.000,FY2020,OTHER,A1090738,STRAY,ASB1579,12:26:00,FIELD,12:29:00,2020-01-12T00:00:00.000,APP WNL,,,,2020-01-12T00:00:00.000,,A20-209228
010601,6,UNAVAILABLE,DEC.2019,DOG,LABRADOR RETR,GENERAL,APP WNL,ADOPTION,K19-491340,1,DC 01,FIELD,P0911993,SCAN NO CHIP,1,2019-12-18T00:00:00.000,FY2020,BEHAVIOR,A1091247,OWNER SURRENDER,VD1770,21:36:00,WALK IN,16:10:00,2019-12-20T00:00:00.000,APP WNL,R19-561160,ADOP RESCU,,2019-12-18T00:00:00.000,ADOPTION,A19-206276
020500,6,UNAVAILABLE,DEC.2019,CAT,DOMESTIC SH,RETURN,APP WNL,ADOPTION,K19-492481,1,AC 001,OVER THE COUNTER,P0884389,SCAN NO CHIP,1,2019-12-30T00:00:00.000,FY2020,OTHER,A1078533,FOSTER,AC,12:32:00,BY FOSTER,12:33:00,2019-12-30T00:00:00.000,APP WNL,,RESC FOSTR,,2019-12-30T00:00:00.000,,A19-187061
011300,3,AVAILABLE,JAN.2020,DOG,AUST CATTLE DOG,AT LARGE,APP WNL,ADOPTION,K20-493194,1,VIP03,OVER THE COUNTER,P0694592,SCAN CHIP,1,2020-01-11T00:00:00.000,FY2020,OTHRINTAKS,A0960276,STRAY,CDM,15:17:00,WALK IN,13:14:00,2020-01-12T00:00:00.000,APP WNL,R20-562698,ADOP RESCU,,2020-01-05T00:00:00.000,ADOPTED,
,,IMPOUNDED,DEC.2019,DOG,ENG BULLDOG,WEB,NORMAL,LOST EXP,K19-490734,1,LOST,,P0911392,,0,2019-12-12T00:00:00.000,FY2020,,A1090826,STRAY,WEB,11:59:00,OTHER,00:00:00,2020-01-12T00:00:00.000,,,,,2019-12-11T00:00:00.000,,
003902,7,IMPOUNDED,DEC.2019,DOG,CHIHUAHUA SH,AT LARGE,APP WNL,RETURNED TO OWNER,K19-491478,1,RECEIVING,SWEEP,P9991772,UNABLE TO SCAN,1,2019-12-20T00:00:00.000,FY2020,OTHER,A1091336,STRAY,RO1772,12:29:00,FIELD,12:30:00,2019-12-20T00:00:00.000,APP WNL,,,,2019-12-20T00:00:00.000,,A19-206564
011800,5,UNAVAILABLE,JAN.2020,DOG,GERM SHEPHERD,HEART WORM,APP WNL,TREATMENT,K20-493977,1,INJD 007,OVER THE COUNTER,P0907201,SCAN CHIP,1,2020-01-12T00:00:00.000,FY2020,OTHRINTAKS,A1087427,TREATMENT,CBU,09:04:00,COMPLETED,17:30:00,2020-01-12T00:00:00.000,APP SICK,,MEDICAL,,2020-01-12T00:00:00.000,HWT EVAL/INJ 7B,
009303,5,UNAVAILABLE,DEC.2019,DOG,PIT BULL,AT LARGE,APP WNL,ADOPTION,K19-491683,1,DC 10,SWEEP,P9991579,SCAN NO CHIP,1,2019-12-27T00:00:00.000,FY2020,OTHER,A1091485,STRAY,ASB1579,09:56:00,WALK IN,15:58:00,2019-12-30T00:00:00.000,APP WNL,R19-561730,ADOP RESCU,,2019-12-22T00:00:00.000,ADOPTED,A19-206748
006100,4,IMPOUNDED,FEB.2020,CAT,DOMESTIC SH,CONFINED,APP WNL,MISSING,K20-498084,1,RECEIVING,FIELD,P0919120,UNABLE TO SCAN,1,2020-02-21T00:00:00.000,FY2020,OTHRINTAKS,A1096184,STRAY,MRY1776,06:16:00,ESCAPED,08:51:00,2020-02-17T00:00:00.000,APP WNL,,,,2020-02-17T00:00:00.000,,A20-213659
020500,6,AVAILABLE,DEC.2019,CAT,DOMESTIC SH,SURGERY,APP WNL,FOSTER,K19-491445,1,CC 23,OVER THE COUNTER,P0901571,UNABLE TO SCAN,1,2019-12-20T00:00:00.000,FY2020,OTHRINTAKS,A1088327,FOSTER,SDW,08:25:00,SURGERY,18:38:00,2019-12-20T00:00:00.000,APP WNL,,RESC FOSTR,,2019-12-20T00:00:00.000,,
,,AVAILABLE,MAR.2020,DOG,LABRADOR RETR,RETURN,APP WNL,FOSTER,K20-501112,1,LFD 078,OVER THE COUNTER,P0921945,SCAN CHIP,1,2020-03-14T00:00:00.000,FY2020,OTHRINTAKS,A1096508,FOSTER,CDM,16:12:00,SHORT TERM,16:57:00,2020-03-17T00:00:00.000,APP WNL,,ADOP RESCU,,2020-03-14T00:00:00.000,,
010602,6,IMPOUNDED,DEC.2019,DOG,ROTTWEILER,AT LARGE,UNKNOWN,RETURNED TO OWNER,K19-491541,1,RECEIVING,FIELD,P9991230,SCAN CHIP,1,2019-12-20T00:00:00.000,FY2020,OTHRINTAKS,A0997957,STRAY,KH1230,19:35:00,FIELD,20:01:00,2019-12-20T00:00:00.000,UNKNOWN,,,,2019-12-20T00:00:00.000,,A19-206615
008900,4,UNAVAILABLE,MAR.2020,DOG,CHIHUAHUA SH,GENERAL,APP WNL,ADOPTION,K20-501210,1,LFD 082,FIELD,P0922240,SCAN NO CHIP,1,2020-03-15T00:00:00.000,FY2020,PERSNLISSU,A1098634,OWNER SURRENDER,TMB1736,13:45:00,WESTMORELD,09:20:00,2020-03-17T00:00:00.000,APP WNL,R20-566190,ADOP RESCU,,2020-03-15T00:00:00.000,,A20-216962
009101,5,IMPOUNDED,DEC.2019,DOG,ROTTWEILER,GENERAL,CRITICAL,EUTHANIZED,K19-492472,1,LFD 144,OVER THE COUNTER,P0696859,SCAN NO CHIP,1,2019-12-30T00:00:00.000,FY2020,PERSNLISSU,A1092089,OWNER SURRENDER,CBU,11:56:00,HUMANE,12:35:00,2019-12-30T00:00:00.000,CRITICAL,,,,2019-12-30T00:00:00.000,,
010801,3,UNAVAILABLE,DEC.2019,CAT,DOMESTIC SH,GENERAL,APP WNL,ADOPTION,K19-492323,1,CC 38,OVER THE COUNTER,P0913334,SCAN NO CHIP,1,2019-12-28T00:00:00.000,FY2020,PERSNLISSU,A1091982,OWNER SURRENDER,CBU,16:04:00,PROMOTION,18:32:00,2019-12-30T00:00:00.000,APP WNL,R19-561828,ADOP RESCU,,2019-12-28T00:00:00.000,ADOPTED,
020500,6,UNAVAILABLE,DEC.2019,DOG,PIT BULL,SURGERY,APP WNL,ADOPTION,K19-491446,1,CC 11,FIELD,P0890427,SCAN CHIP,1,2019-12-20T00:00:00.000,FY2020,PERSNLISSU,A1089261,FOSTER,SDW,08:29:00,WALK IN,15:58:00,2019-12-20T00:00:00.000,APP WNL,R19-561216,ADOP RESCU,,2019-12-20T00:00:00.000,ADOPTED,A19-205455
011701,5,UNAVAILABLE,DEC.2019,DOG,PIT BULL,AT LARGE,APP WNL,ADOPTION,K19-489946,1,LFD 019,FIELD,P9991748,SCAN NO CHIP,1,2019-12-10T00:00:00.000,FY2020,OTHRINTAKS,A1090238,STRAY,MM1748,15:50:00,WALK IN,13:40:00,2019-12-30T00:00:00.000,APP WNL,R19-561896,MEDICAL,,2019-12-06T00:00:00.000,ADOPTED,A19-204472
006302,1,UNAVAILABLE,DEC.2019,DOG,LABRADOR RETR,AT LARGE,APP WNL,ADOPTION,K19-491701,1,DC 25,FIELD,P9991774,SCAN NO CHIP,1,2019-12-27T00:00:00.000,FY2020,OTHRINTAKS,A1091496,STRAY,SM1774,11:32:00,WALK IN,15:50:00,2019-12-30T00:00:00.000,APP WNL,R19-561725,ADOP RESCU,,2019-12-22T00:00:00.000,ADOPTED,A19-206752
,,UNAVAILABLE,MAY.2020,CAT,DOMESTIC SH,RETURN,APP WNL,TRANSFER,K20-504511,1,VT 01,OVER THE COUNTER,P0849378,SCAN NO CHIP,1,2020-05-09T00:00:00.000,FY2020,OTHRINTAKS,A1098706,FOSTER,GDG,17:20:00,GENERAL,17:21:00,2020-05-09T00:00:00.000,APP WNL,,,,2020-05-09T00:00:00.000,,A20-217078
000500,14,LAB,APR.2020,DOG,CHIHUAHUA SH,QUARANTINE,APP WNL,EUTHANIZED,K20-503660,1,LAB 11,FIELD,P9991772,SCAN NO CHIP,1,2020-05-04T00:00:00.000,FY2020,BEHAVIOR,A1100329,STRAY,ROB1772,22:08:00,BITE,13:39:00,2020-05-09T00:00:00.000,APP WNL,,QUARANTINE,,2020-04-24T00:00:00.000,,A20-221420
020500,6,UNAVAILABLE,FEB.2020,DOG,LABRADOR RETR,GENERAL,APP WNL,ADOPTION,K20-497045,1,LFD 074,OVER THE COUNTER,P0912610,SCAN CHIP,1,2020-02-06T00:00:00.000,FY2020,HOUSING,A1085860,OWNER SURRENDER,SDW,15:57:00,WALK IN,12:53:00,2020-02-07T00:00:00.000,APP WNL,R20-564119,ADOP RESCU,,2020-02-06T00:00:00.000,SMK,
020500,6,UNAVAILABLE,DEC.2019,CAT,DOMESTIC SH,RETURN,APP WNL,ADOPTION,K19-491501,1,PSCAT 18,OVER THE COUNTER,P0884389,SCAN NO CHIP,1,2019-12-20T00:00:00.000,FY2020,OTHER,A1078546,FOSTER,BB,14:27:00,EAC,14:49:00,2019-12-20T00:00:00.000,APP WNL,R19-561208,ADOP RESCU,,2019-12-20T00:00:00.000,ADOPTED,
020500,6,UNAVAILABLE,DEC.2019,DOG,DOBERMAN PINSCH,RETURN30,APP WNL,ADOPTION,K19-489702,1,VIP20,OVER THE COUNTER,P0910023,SCAN CHIP,1,2019-12-04T00:00:00.000,FY2020,BEHAVIOR,A1051304,OWNER SURRENDER,BW,13:19:00,WALK IN,15:12:00,2019-12-20T00:00:00.000,APP WNL,R19-561207,ADOP RESCU,,2019-12-04T00:00:00.000,ADOPTED,
010805,3,UNAVAILABLE,DEC.2019,DOG,CHIHUAHUA SH,GENERAL,APP SICK,EUTHANIZED,K19-491503,1,SMD05,OVER THE COUNTER,P0550862,SCAN NO CHIP,1,2019-12-20T00:00:00.000,FY2020,MEDICAL,A1091359,OWNER SURRENDER,EV,15:06:00,MEDICAL-NONCONTAGIOUS,15:18:00,2019-12-20T00:00:00.000,APP SICK,,,,2019-12-20T00:00:00.000,,
006501,1,UNAVAILABLE,DEC.2019,DOG,LABRADOR RETR,RETURN30,APP WNL,ADOPTION,K19-491410,1,LFSD 11,OVER THE COUNTER,P0911808,SCAN CHIP,1,2019-12-19T00:00:00.000,FY2020,NOTRIGHTFT,A1090911,OWNER SURRENDER,BW,15:57:00,OFFSITE,19:01:00,2019-12-20T00:00:00.000,APP WNL,R19-561247,ADOP RESCU,,2019-12-19T00:00:00.000,GALLERIA,
018503,10,UNAVAILABLE,FEB.2020,WILDLIFE,GUINEA PIG,GENERAL,APP WNL,ADOPTION,K20-496480,1,HABITAT,OVER THE COUNTER,P0894540,SCAN NO CHIP,1,2020-02-01T00:00:00.000,FY2020,HOUSING,A1094962,OWNER SURRENDER,DAL,17:45:00,EAC,16:33:00,2020-02-07T00:00:00.000,APP WNL,R20-564135,ADOP RESCU,,2020-02-01T00:00:00.000,,
020500,6,AVAILABLE,JAN.2020,DOG,PIT BULL,RETURN30,APP WNL,FOSTER,K20-494441,1,VIP18,OVER THE COUNTER,P0915401,SCAN CHIP,1,2020-01-15T00:00:00.000,FY2020,PERSNLISSU,A1092250,OWNER SURRENDER,DLD,16:37:00,TRANSPORT,16:41:00,2020-02-07T00:00:00.000,APP WNL,,ADOP RESCU,,2020-01-15T00:00:00.000,,
,,IMPOUNDED,JAN.2020,DOG,PUG,WEB,NORMAL,LOST EXP,K20-493428,1,LOST,,P0914541,,0,2020-01-07T00:00:00.000,FY2020,,A1092744,STRAY,WEB,12:25:00,OTHER,00:00:00,2020-02-07T00:00:00.000,,,,,2020-01-06T00:00:00.000,,
011200,8,UNAVAILABLE,JAN.2020,DOG,CAIRN TERRIER,AT LARGE,APP WNL,ADOPTION,K20-494733,1,CC 04,SWEEP,P9991184,SCAN CHIP,1,2020-01-24T00:00:00.000,FY2020,OTHER,A1093656,STRAY,MG1718,16:08:00,WALK IN,17:44:00,2020-01-24T00:00:00.000,APP WNL,R20-563037,ADOP RESCU,,2020-01-18T00:00:00.000,PRE ADOPTED,A20-209912
011602,8,IMPOUNDED,FEB.2020,DOG,LABRADOR RETR,AT LARGE,APP WNL,RETURNED TO OWNER,K20-497152,1,RECEIVING,FIELD,P9991748,SCAN CHIP,1,2020-02-13T00:00:00.000,FY2020,OTHRINTAKS,A1088919,STRAY,MMK1748,16:29:00,MICROCHIP,16:46:00,2020-02-07T00:00:00.000,APP WNL,,POSSIBLY OWNED,,2020-02-07T00:00:00.000,,A20-212526
010703,6,UNAVAILABLE,FEB.2020,DOG,PIT BULL,AT LARGE,APP WNL,ADOPTION,K20-498906,1,LFD 033,SWEEP,P9991704,SCAN NO CHIP,1,2020-02-26T00:00:00.000,FY2020,OTHER,A1096786,STRAY,SEC1704,12:14:00,WALK IN,09:07:00,2020-02-26T00:00:00.000,APP WNL,R20-565034,ADOP RESCU,,2020-02-24T00:00:00.000,,A20-214550
007811,10,RELEASED FROM QUARANTINE,MAY.2020,DOG,PIT BULL,QUARANTINE,APP WNL,RETURNED TO OWNER,K20-504371,1,QD 23,FIELD,P9991721,SCAN NO CHIP,1,2020-05-14T00:00:00.000,FY2020,OTHER,A1100881,CONFISCATED,JMK1721,13:27:00,WESTMORELD,16:04:00,2020-05-09T00:00:00.000,APP WNL,R20-567304,QUARANTINE,,2020-05-07T00:00:00.000,,A20-222745
005600,4,IMPOUNDED,JAN.2020,DOG,DOBERMAN PINSCH,CONFINED,APP WNL,ADOPTION,K20-495106,1,LFD 131,FIELD,P0916116,SCAN NO CHIP,1,2020-01-24T00:00:00.000,FY2020,OTHRINTAKS,A1093945,STRAY,SM1774,09:02:00,WALK IN,09:22:00,2020-01-24T00:00:00.000,APP WNL,R20-563241,ADOP RESCU,,2020-01-22T00:00:00.000,PRE-ADOPTION,A20-210379
020500,6,UNAVAILABLE,DEC.2019,CAT,DOMESTIC SH,RETURN,APP WNL,ADOPTION,K19-491499,1,PSCAT 18,OVER THE COUNTER,P0884389,SCAN NO CHIP,1,2019-12-20T00:00:00.000,FY2020,OTHER,A1078543,FOSTER,IR,14:22:00,EAC,16:30:00,2019-12-20T00:00:00.000,APP WNL,R19-561224,ADOP RESCU,,2019-12-20T00:00:00.000,ADOPT,
,,UNAVAILABLE,FEB.2020,DOG,MALTESE,GENERAL,APP WNL,TRANSFER,K20-498999,1,CC 17,OVER THE COUNTER,P0511652,SCAN NO CHIP,1,2020-02-25T00:00:00.000,FY2020,BEHAVIOR,A1096864,OWNER SURRENDER,DAL,11:35:00,GENERAL,15:52:00,2020-02-26T00:00:00.000,APP WNL,,ADOP RESCU,,2020-02-25T00:00:00.000,SMK,
016511,3,AVAILABLE,JAN.2020,DOG,LABRADOR RETR,RETURN,APP WNL,TRANSFER,K20-494025,1,FOSTER,FIELD,P0867894,SCAN CHIP,1,2020-01-12T00:00:00.000,FY2020,NOTRIGHTFT,A1090338,FOSTER,RK1765,13:42:00,TRANSPORT,13:42:00,2020-01-12T00:00:00.000,APP WNL,,ADOP RESCU,,2020-01-12T00:00:00.000,FOSTER TO TRANSPORT,A19-204615
011900,5,UNAVAILABLE,JAN.2020,DOG,SHIH TZU,AT LARGE,APP SICK,TRANSFER,K20-495224,1,VT 09,FIELD,P9991772,SCAN NO CHIP,1,2020-01-27T00:00:00.000,FY2020,OTHER,A1094041,STRAY,RO1772,10:17:00,MEDICAL-CONTAGIOUS,13:08:00,2020-01-24T00:00:00.000,APP SICK,,EMERGENCY RESCUE,,2020-01-23T00:00:00.000,TAGGED,A20-210513
004800,4,UNAVAILABLE,DEC.2019,DOG,CAIRN TERRIER,AT LARGE,APP WNL,TRANSFER,K19-491009,1,LFSD 01,SWEEP,P9991704,SCAN NO CHIP,1,2019-12-20T00:00:00.000,FY2020,OTHER,A1091035,STRAY,SC1704,11:57:00,GENERAL,15:58:00,2019-12-20T00:00:00.000,APP WNL,,ADOP RESCU,,2019-12-16T00:00:00.000,TAGGED,A19-205983
,,AVAILABLE,JUN.2020,CAT,DOMESTIC SH,SPAY/NEUT,APP WNL,TREATMENT,K20-507436,1,CC 21,OVER THE COUNTER,P0922040,SCAN NO CHIP,1,2020-06-20T00:00:00.000,FY2020,OTHRINTAKS,A1101406,TREATMENT,GDG,07:51:00,COMPLETED,17:22:00,2020-06-20T00:00:00.000,APP WNL,,ADOP RESCU,,2020-06-20T00:00:00.000,,
020300,7,UNAVAILABLE,DEC.2019,DOG,LABRADOR RETR,AT LARGE,APP INJ,ADOPTION,K19-491960,1,DC 01,FIELD,P9991764,SCAN NO CHIP,1,2019-12-29T00:00:00.000,FY2020,OTHRINTAKS,A1091712,STRAY,MO1764,08:20:00,PROMOTION,15:58:00,2019-12-31T00:00:00.000,APP WNL,R19-561921,ADOP RESCU,,2019-12-25T00:00:00.000,ADOPTED,A19-207030
012301,7,IMPOUNDED,JAN.2020,DOG,MIN PINSCHER,AT LARGE,APP WNL,RETURNED TO OWNER,K20-495398,1,RECEIVING,SWEEP,P9991772,SCAN NO CHIP,1,2020-01-24T00:00:00.000,FY2020,OTHER,A1094163,STRAY,RO1772,12:04:00,FIELD,12:28:00,2020-01-24T00:00:00.000,APP WNL,,,,2020-01-24T00:00:00.000,,A20-210703
011101,8,UNAVAILABLE,JAN.2020,DOG,PIT BULL,AT LARGE,APP WNL,TRANSFER,K20-493136,1,LFD 010,FIELD,P9991774,SCAN NO CHIP,1,2020-01-09T00:00:00.000,FY2020,OTHRINTAKS,A1092546,STRAY,SAM1774,10:11:00,TRANSPORT,19:03:00,2020-02-07T00:00:00.000,APP WNL,,MEDICAL,,2020-01-05T00:00:00.000,,A20-208269
011401,8,UNAVAILABLE,DEC.2019,DOG,AUST CATTLE DOG,AT LARGE,APP WNL,ADOPTION,K19-492513,1,CC 01,OVER THE COUNTER,P0913597,SCAN NO CHIP,1,2019-12-30T00:00:00.000,FY2020,OTHRINTAKS,A1092114,STRAY,CDM,16:02:00,WALK IN,15:17:00,2019-12-31T00:00:00.000,APP WNL,R19-561924,ADOPTION,,2019-12-30T00:00:00.000,ADOPTED,
012601,9,IMPOUNDED,MAR.2020,DOG,GREAT PYRENEES,CONFINED,APP WNL,ADOPTION,K20-500815,1,DC 23,FIELD,P9991783,SCAN NO CHIP,1,2020-03-17T00:00:00.000,FY2020,OTHRINTAKS,A1098314,STRAY,LRB1783,06:38:00,WESTMORELD,17:31:00,2020-03-17T00:00:00.000,APP WNL,R20-566062,ADOP RESCU,,2020-03-12T00:00:00.000,,A20-216526
009000,7,IMPOUNDED,DEC.2019,DOG,YORKSHIRE TERR,CONFINED,APP WNL,TRANSFER,K19-492540,1,FAM GP 03,FIELD,P9991780,SCAN NO CHIP,1,2019-12-31T00:00:00.000,FY2020,OTHRINTAKS,A1092137,STRAY,AK1780,21:30:00,UNDERAGE,15:28:00,2019-12-31T00:00:00.000,APP WNL,,RESC FOSTR,,2019-12-30T00:00:00.000,TAGGED,A19-207630
012207,7,UNAVAILABLE,DEC.2019,CAT,DOMESTIC SH,AT LARGE,APP WNL,ADOPTION,K19-491324,1,CC 22,OVER THE COUNTER,P0912097,SCAN NO CHIP,1,2019-12-18T00:00:00.000,FY2020,NOTRIGHTFT,A1091238,STRAY,BW,17:39:00,WALK IN,15:54:00,2019-12-20T00:00:00.000,APP WNL,R19-561141,ADOP RESCU,,2019-12-18T00:00:00.000,ADOPTED,
004500,1,LAB,DEC.2019,DOG,AM PIT BULL TER,GENERAL,APP WNL,EUTHANIZED,K19-489830,1,PCD 09,OVER THE COUNTER,P0910404,SCAN CHIP,1,2019-12-11T00:00:00.000,FY2020,HOUSING,A1090144,OWNER SURRENDER,DL,14:36:00,BEHAVIOR,15:13:00,2019-12-20T00:00:00.000,APP WNL,,RESCU ONLY,,2019-12-05T00:00:00.000,,
012302,7,UNAVAILABLE,DEC.2019,DOG,CAIRN TERRIER,GENERAL,APP WNL,ADOPTION,K19-491389,1,CC 03,OVER THE COUNTER,P0596503,SCAN NO CHIP,1,2019-12-19T00:00:00.000,FY2020,PERSNLISSU,A1091278,OWNER SURRENDER,BW,13:34:00,WALK IN,18:00:00,2019-12-20T00:00:00.000,APP WNL,R19-561175,ADOP RESCU,,2019-12-19T00:00:00.000,ADOPTED,
020500,6,UNAVAILABLE,JAN.2020,DOG,GERM SHEPHERD,DIED,APP SICK,DIED,K20-495362,1,FREEZER,OVER THE COUNTER,P0598646,SCAN CHIP,1,2020-01-24T00:00:00.000,FY2020,MEDICAL,A1089840,FOSTER,JR,09:54:00,IN FOSTER,09:54:00,2020-01-24T00:00:00.000,APP SICK,,RESC FOSTR,,2020-01-24T00:00:00.000,,
,,IMPOUNDED,DEC.2019,DOG,POMERANIAN,WEB,NORMAL,FOUND EXP,K19-490646,1,FOUND,,P0911290,,0,2019-12-12T00:00:00.000,FY2020,,A1090753,STRAY,WEB,13:25:00,OTHER,00:00:00,2020-01-12T00:00:00.000,,,,,2019-12-11T00:00:00.000,,
020500,6,UNAVAILABLE,DEC.2019,CAT,DOMESTIC SH,TREATMENT,UNKNOWN,ADOPTION,K19-491362,1,AC 037,OVER THE COUNTER,P0862642,UNABLE TO SCAN,1,2019-12-19T00:00:00.000,FY2020,MEDICAL,A1082517,FOSTER,AC,10:22:00,WALK IN,18:22:00,2019-12-20T00:00:00.000,UNKNOWN,R19-561238,ADOP RESCU,,2019-12-19T00:00:00.000,ADOPTED,
012500,9,EU RISK,JAN.2020,DOG,POODLE MIN,SURGERY,APP WNL,TRANSFER,K20-495340,1,DC 19,FIELD,P0789418,SCAN NO CHIP,1,2020-01-23T00:00:00.000,FY2020,OTHRINTAKS,A1083664,TRANSFER,YL1695,20:31:00,SURGERY,14:52:00,2020-01-24T00:00:00.000,APP WNL,,EMERGENCY RESCUE,,2020-01-23T00:00:00.000,,A19-194792
009104,5,UNAVAILABLE,DEC.2019,DOG,LABRADOR RETR,AT LARGE,APP WNL,ADOPTION,K19-490748,1,AD 032,FIELD,P9991776,UNABLE TO SCAN,1,2019-12-17T00:00:00.000,FY2020,OTHRINTAKS,A1090840,STRAY,MRY1776,13:08:00,WALK IN,17:10:00,2019-12-20T00:00:00.000,APP WNL,R19-561226,ADOP RESCU,,2019-12-13T00:00:00.000,ADOPTED,A19-205535
008500,5,UNAVAILABLE,FEB.2020,DOG,CHIHUAHUA SH,AT LARGE,APP WNL,RETURNED TO OWNER,K20-499164,1,RECEIVING,SWEEP,P9991549,UNABLE TO SCAN,1,2020-02-26T00:00:00.000,FY2020,OTHER,A1096998,STRAY,MG1718,14:47:00,FIELD,14:48:00,2020-02-26T00:00:00.000,APP WNL,,,,2020-02-26T00:00:00.000,,A20-214807
020500,6,AVAILABLE,DEC.2019,DOG,LABRADOR RETR,SURGERY,APP WNL,ADOPTION,K19-492625,1,CC 19,OVER THE COUNTER,P0913495,SCAN NO CHIP,1,2019-12-31T00:00:00.000,FY2020,OTHER,A1091992,FOSTER,OT,15:08:00,IN FOSTER,15:46:00,2019-12-31T00:00:00.000,APP WNL,,RESC FOSTR,,2019-12-31T00:00:00.000,FOSTER,A19-207440
020500,6,UNAVAILABLE,DEC.2019,CAT,DOMESTIC SH,TREATMENT,UNKNOWN,ADOPTION,K19-491361,1,AC 037,OVER THE COUNTER,P0862642,UNABLE TO SCAN,1,2019-12-19T00:00:00.000,FY2020,OTHER,A1082516,FOSTER,AC,10:21:00,WALK IN,18:22:00,2019-12-20T00:00:00.000,UNKNOWN,R19-561237,ADOP RESCU,,2019-12-19T00:00:00.000,CC29,
010602,6,AVAILABLE,NOV.2019,CAT,DOMESTIC SH,AT LARGE,UNKNOWN,FOSTER,K19-488619,1,FOSTER,OVER THE COUNTER,P9991701,SCAN NO CHIP,1,2019-11-24T00:00:00.000,FY2020,OTHER,A1089254,STRAY,MMD,07:30:00,TO ADOPT,11:54:00,2019-11-24T00:00:00.000,UNKNOWN,,ADOP RESCU,,2019-11-24T00:00:00.000,,
020500,6,AVAILABLE,DEC.2019,CAT,DOMESTIC SH,TREATMENT,APP SICK,FOSTER,K19-490223,1,FOSTER,OVER THE COUNTER,P0885233,SCAN NO CHIP,1,2019-12-09T00:00:00.000,FY2020,OTHER,A1085908,FOSTER,OT,10:00:00,TREATMENT,14:56:00,2019-12-09T00:00:00.000,APP SICK,,ADOP RESCU,,2019-12-09T00:00:00.000,FOSTER,A19-197676
011104,8,UNAVAILABLE,DEC.2019,DOG,CHIHUAHUA SH,AT LARGE,APP WNL,RETURNED TO OWNER,K19-491481,1,RECEIVING,SWEEP,P9991721,UNABLE TO SCAN,1,2019-12-20T00:00:00.000,FY2020,OTHER,A1091338,STRAY,MG1718,12:26:00,FIELD,12:34:00,2019-12-20T00:00:00.000,APP WNL,,,,2019-12-20T00:00:00.000,,A19-206545
020500,6,UNAVAILABLE,JAN.2020,CAT,DOMESTIC SH,SURGERY,APP WNL,ADOPTION,K20-495349,1,CC 32,OVER THE COUNTER,P0885233,SCAN CHIP,1,2020-01-24T00:00:00.000,FY2020,MEDICAL,A1087624,FOSTER,JR,07:59:00,BY FOSTER,18:30:00,2020-01-24T00:00:00.000,APP WNL,,RESC FOSTR,,2020-01-24T00:00:00.000,FOSTER,
007914,14,UNAVAILABLE,DEC.2019,DOG,PIT BULL,QUARANTINE,APP WNL,RETURNED TO OWNER,K19-491548,1,QD 03,FIELD,P0611835,SCAN CHIP,1,2019-12-30T00:00:00.000,FY2020,OTHRINTAKS,A1055543,CONFISCATED,MK1748,20:23:00,WALK IN,12:31:00,2019-12-31T00:00:00.000,APP WNL,R19-561955,QUARANTINE,1901457301,2019-12-20T00:00:00.000,RETURNED TO OWNER,A19-206627
005700,3,UNAVAILABLE,NOV.2019,DOG,PIT BULL,AT LARGE,APP WNL,ADOPTION,K19-487275,1,VIP01,SWEEP,P9991772,SCAN CHIP,1,2019-11-19T00:00:00.000,FY2020,OTHER,A1062188,STRAY,RO1772,10:16:00,WALK IN,13:33:00,2019-12-20T00:00:00.000,APP WNL,R19-561204,ADOP RESCU,,2019-11-13T00:00:00.000,ADOPTED,A19-201275
008900,4,IMPOUNDED,DEC.2019,DOG,DOBERMAN PINSCH,AT LARGE,UNKNOWN,RETURNED TO OWNER,K19-492619,1,RECEIVING,SWEEP,P9991715,SCAN NO CHIP,1,2019-12-31T00:00:00.000,FY2020,OTHER,A1092207,STRAY,DB1715,14:18:00,FIELD,00:00:00,2019-12-31T00:00:00.000,UNKNOWN,,,,2019-12-31T00:00:00.000,,A19-207714
020500,6,RELEASED FROM QUARANTINE,JAN.2020,DOG,LABRADOR RETR,QUARANTINE,APP WNL,RETURNED TO OWNER,K20-494384,1,DC 02,OVER THE COUNTER,P0915400,SCAN NO CHIP,3,2020-01-22T00:00:00.000,FY2020,OTHER,A1093402,CONFISCATED,BW,12:28:00,WALK IN,18:01:00,2020-01-24T00:00:00.000,APP WNL,R20-563265,QUARANTINE,,2020-01-15T00:00:00.000,RETURNED TO OWNER SX 01/24/20,A20-209363
010000,6,UNAVAILABLE,DEC.2019,CAT,DOMESTIC SH,AT LARGE,APP WNL,EUTHANIZED,K19-491333,1,LFC 011,OVER THE COUNTER,P0912107,UNABLE TO SCAN,1,2019-12-22T00:00:00.000,FY2020,OTHRINTAKS,A1091243,STRAY,BW,18:22:00,HUMANE,18:22:00,2019-12-19T00:00:00.000,CRITICAL,,,,2019-12-18T00:00:00.000,,
011701,5,UNAVAILABLE,DEC.2019,DOG,LABRADOR RETR,AT LARGE,UNKNOWN,ADOPTION,K19-491107,1,AD 098,FIELD,P9991230,SCAN NO CHIP,1,2019-12-19T00:00:00.000,FY2020,OTHRINTAKS,A1091094,STRAY,KH1230,11:16:00,WALK IN,13:07:00,2019-12-20T00:00:00.000,APP WNL,R19-561202,ADOP RESCU,,2019-12-17T00:00:00.000,ADOPTED,A19-206158
000401,2,UNAVAILABLE,JAN.2020,DOG,PIT BULL,RETURN30,APP WNL,ADOPTION,K20-494746,1,VIP09,OVER THE COUNTER,P0900576,SCAN CHIP,1,2020-01-18T00:00:00.000,FY2020,PERSNLISSU,A1051486,OWNER SURRENDER,CDM,18:15:00,WALK IN,14:08:00,2020-01-24T00:00:00.000,APP WNL,R20-563294,ADOP RESCU,,2020-01-18T00:00:00.000,ADOPTED,
006301,4,IMPOUNDED,FEB.2020,DOG,PIT BULL,AT LARGE,APP WNL,RETURNED TO OWNER,K20-497129,1,RECEIVING,SWEEP,P9991721,UNABLE TO SCAN,1,2020-02-07T00:00:00.000,FY2020,OTHER,A1095442,STRAY,JMK 1721,14:33:00,FIELD,14:43:00,2020-02-07T00:00:00.000,APP WNL,,,,2020-02-07T00:00:00.000,,A20-212509
,,UNAVAILABLE,MAY.2020,CAT,DOMESTIC SH,SPAY/NEUT,APP WNL,TREATMENT,K20-504469,1,CC 21,OVER THE COUNTER,P0618456,SCAN CHIP,1,2020-05-09T00:00:00.000,FY2020,OTHRINTAKS,A1098641,TREATMENT,CDM,08:57:00,COMPLETED,16:28:00,2020-05-09T00:00:00.000,APP WNL,,,,2020-05-09T00:00:00.000,,
020500,6,UNAVAILABLE,JAN.2020,DOG,CHIHUAHUA SH,HEART WORM,APP WNL,TREATMENT,K20-495223,1,INJD 015,OVER THE COUNTER,P0913368,SCAN CHIP,1,2020-01-23T00:00:00.000,FY2020,OTHRINTAKS,A1091663,TREATMENT,DL,10:03:00,COMPLETED,18:00:00,2020-01-23T00:00:00.000,APP WNL,,MEDICAL,,2020-01-23T00:00:00.000,,
011104,8,IMPOUNDED,FEB.2020,DOG,PIT BULL,AT LARGE,APP WNL,RETURNED TO OWNER,K20-499154,1,RECEIVING,SWEEP,P9991772,UNABLE TO SCAN,1,2020-02-26T00:00:00.000,FY2020,OTHER,A1096992,STRAY,ROB1772,14:33:00,FIELD,14:34:00,2020-02-26T00:00:00.000,APP WNL,,,,2020-02-26T00:00:00.000,,A20-214808
020500,6,UNAVAILABLE,DEC.2019,CAT,DOMESTIC SH,SURGERY,APP INJ,FOSTER,K19-491184,1,AC 045,OVER THE COUNTER,P0902379,SCAN CHIP,1,2019-12-18T00:00:00.000,FY2020,MEDICAL,A1083762,FOSTER,AC,08:58:00,SURGERY,15:01:00,2019-12-20T00:00:00.000,APP WNL,,RESC FOSTR,,2019-12-18T00:00:00.000,FOSTER,
001204,2,UNAVAILABLE,AUG.2020,CAT,DOMESTIC SH,APPOINT,APP WNL,TRANSFER,K20-510396,1,K01,OVER THE COUNTER,P0934157,SCAN NO CHIP,1,2020-08-04T00:00:00.000,FY2020,NOTRIGHTFT,A1105427,OWNER SURRENDER,JLC,11:20:00,UNDERAGE,11:59:00,2020-08-05T00:00:00.000,UNDERAGE,,RESC FOSTR,,2020-08-04T00:00:00.000,,
008603,7,UNAVAILABLE,JAN.2020,DOG,CANE CORSO,CONFINED,APP WNL,ADOPTION,K20-495312,1,LFSD 03,FIELD,P0916260,SCAN NO CHIP,1,2020-01-23T00:00:00.000,FY2020,OTHRINTAKS,A1094104,STRAY,MW1723,15:31:00,WALK IN,17:20:00,2020-01-24T00:00:00.000,APP WNL,R20-563309,ADOP RESCU,,2020-01-23T00:00:00.000,ADOPTED,A20-210565
,,IMPOUNDED,DEC.2019,DOG,GERM SHEPHERD,WEB,NORMAL,FOUND EXP,K19-491950,1,FOUND,,P0912894,,0,2019-12-24T00:00:00.000,FY2020,,A1091702,STRAY,WEB,21:25:00,OTHER,00:00:00,2020-01-24T00:00:00.000,,,,,2019-12-24T00:00:00.000,,
009103,5,IMPOUNDED,SEP.2020,CAT,DOMESTIC SH,AT LARGE,APP INJ,EUTHANIZED,K20-513788,1,RECEIVING,FIELD,P9991780,SCAN NO CHIP,1,2020-09-29T00:00:00.000,FY2020,OTHRINTAKS,A1108139,STRAY,AKB1780,15:03:00,HUMANE,15:42:00,2020-09-29T00:00:00.000,CRITICAL,,,,2020-09-29T00:00:00.000,,A20-238120
005500,4,LAB,FEB.2020,DOG,GERM SHEPHERD,AT LARGE,APP INJ,EUTHANIZED,K20-497530,1,LAB 03,OVER THE COUNTER,P0918531,SCAN NO CHIP,1,2020-02-15T00:00:00.000,FY2020,OTHRINTAKS,A1095753,STRAY,DAL,17:02:00,BEHAVIOR,14:44:00,2020-02-26T00:00:00.000,APP WNL,,ADOP RESCU,,2020-02-11T00:00:00.000,MAS,
005700,4,IMPOUNDED,DEC.2019,DOG,CHIHUAHUA SH,AT LARGE,APP WNL,ADOPTION,K19-492201,1,CC 08,OVER THE COUNTER,P0894966,SCAN NO CHIP,1,2019-12-31T00:00:00.000,FY2020,OTHRINTAKS,A1091887,STRAY,CDM,13:26:00,WALK IN,15:01:00,2019-12-31T00:00:00.000,APP WNL,R19-561646,ADOPTION,,2019-12-27T00:00:00.000,PREADOPTED,
007201,6,UNAVAILABLE,DEC.2019,CAT,DOMESTIC LH,GENERAL,APP WNL,ADOPTION,K19-490057,1,PSCAT 05,OVER THE COUNTER,P0910628,SCAN NO CHIP,1,2019-12-07T00:00:00.000,FY2020,OTHER,A1090317,OWNER SURRENDER,JZ,13:45:00,EAC,18:53:00,2019-12-20T00:00:00.000,APP WNL,R19-561244,ADOP RESCU,,2019-12-07T00:00:00.000,EXTRA,
005700,3,UNAVAILABLE,DEC.2019,DOG,PIT BULL,GENERAL,UNKNOWN,TRANSFER,K19-491542,1,NMOMS 1,FIELD,P0912291,SCAN NO CHIP,1,2019-12-20T00:00:00.000,FY2020,HOUSING,A1091392,OWNER SURRENDER,LU1778,18:56:00,UNDERAGE,12:23:00,2019-12-31T00:00:00.000,UNDERAGE,,RESC FOSTR,,2019-12-20T00:00:00.000,TAGGED,A19-206570
006302,1,AVAILABLE,NOV.2019,CAT,DOMESTIC SH,AT LARGE,UNDERAGE,FOSTER,K19-487669,1,FOSTER,OVER THE COUNTER,P0125713,SCAN NO CHIP,1,2019-11-16T00:00:00.000,FY2020,OTHRINTAKS,A1088563,STRAY,DL,10:47:00,UNDERAGE,15:04:00,2019-11-17T00:00:00.000,APP WNL,,RESC FOSTR,,2019-11-16T00:00:00.000,FOSTER,
016605,8,IMPOUNDED,JAN.2020,DOG,GERM SHEPHERD,AT LARGE,APP WNL,RETURNED TO OWNER,K20-494002,1,RECEIVING,SWEEP,P9991579,SCAN CHIP,1,2020-01-12T00:00:00.000,FY2020,OTHER,A1093135,STRAY,ASBB1579,11:43:00,FIELD,11:47:00,2020-01-12T00:00:00.000,APP WNL,,,,2020-01-12T00:00:00.000,,A20-209221
020500,6,UNAVAILABLE,JAN.2020,DOG,GERM SHEPHERD,TREATMENT,APP WNL,FOSTER,K20-495354,1,F3,OVER THE COUNTER,P0598646,SCAN CHIP,1,2020-01-24T00:00:00.000,FY2020,MEDICAL,A1089205,FOSTER,JR,09:31:00,TREATMENT,17:56:00,2020-01-24T00:00:00.000,APP WNL,,RESC FOSTR,,2020-01-24T00:00:00.000,,
020500,6,EU RISK,DEC.2019,CAT,DOMESTIC SH,SURGERY,APP WNL,TRANSFER,K19-491441,1,CC 32,OVER THE COUNTER,P0615980,SCAN NO CHIP,1,2019-12-20T00:00:00.000,FY2020,OTHRINTAKS,A1083472,TRANSFER,SDW,08:13:00,SURGERY,16:36:00,2019-12-20T00:00:00.000,APP WNL,,RESC FOSTR,,2019-12-20T00:00:00.000,,
020500,6,AVAILABLE,DEC.2019,CAT,DOMESTIC SH,SURGERY,APP WNL,FOSTER,K19-491444,1,CC 28,OVER THE COUNTER,P0901571,UNABLE TO SCAN,1,2019-12-20T00:00:00.000,FY2020,OTHRINTAKS,A1088325,FOSTER,SDW,08:23:00,SURGERY,18:39:00,2019-12-20T00:00:00.000,APP WNL,,RESC FOSTR,,2019-12-20T00:00:00.000,,
005200,1,IMPOUNDED,DEC.2019,DOG,ROTTWEILER,CONFINED,APP WNL,RETURNED TO OWNER,K19-491477,1,LFD 069,FIELD,P9991710,SCAN CHIP,1,2019-12-27T00:00:00.000,FY2020,OTHRINTAKS,A1067392,STRAY,CV1710,12:24:00,MICROCHIP,17:55:00,2019-12-20T00:00:00.000,APP WNL,R19-561234,HOLD NOTIFY,,2019-12-20T00:00:00.000,RETURNED TO OWNER,A19-206542
007804,10,UNAVAILABLE,DEC.2019,DOG,BULLDOG,GENERAL,APP WNL,TRANSFER,K19-492463,1,LFD 134,FIELD,P0913536,SCAN NO CHIP,1,2019-12-30T00:00:00.000,FY2020,FINANCIAL,A1092080,OWNER SURRENDER,JO1195,11:00:00,GENERAL,13:50:00,2019-12-31T00:00:00.000,APP WNL,,ADOP RESCU,,2019-12-30T00:00:00.000,NO SURGERY/TAGGED,A19-207566
009900,6,UNAVAILABLE,JAN.2020,DOG,PIT BULL,GENERAL,APP WNL,ADOPTION,K20-494000,1,LFD 062,OVER THE COUNTER,P0903001,SCAN CHIP,1,2020-01-12T00:00:00.000,FY2020,PERSNLISSU,A1084361,OWNER SURRENDER,CDM,11:38:00,WALK IN,14:34:00,2020-01-12T00:00:00.000,APP WNL,R20-562706,ADOP RESCU,,2020-01-12T00:00:00.000,ADOPTED,
001600,14,UNAVAILABLE,JAN.2020,CAT,DOMESTIC MH,GENERAL,APP WNL,ADOPTION,K20-495136,1,PSCAT 09,OVER THE COUNTER,P0916128,SCAN CHIP,1,2020-01-22T00:00:00.000,FY2020,HOUSING,A1025880,OWNER SURRENDER,BW,11:34:00,EAC,18:17:00,2020-01-24T00:00:00.000,APP WNL,R20-563320,ADOP RESCU,,2020-01-22T00:00:00.000,ADOPT,
020500,6,UNAVAILABLE,DEC.2019,DOG,CANE CORSO,RETURN30,APP WNL,ADOPTION,K19-491396,1,LFD 106,OVER THE COUNTER,P0912102,SCAN CHIP,1,2019-12-19T00:00:00.000,FY2020,NOTRIGHTFT,A1090736,OWNER SURRENDER,BW,14:44:00,OFFSITE,18:57:00,2019-12-20T00:00:00.000,APP WNL,R19-561246,ADOP RESCU,,2019-12-19T00:00:00.000,GALLERIA,
031704,12,UNAVAILABLE,JAN.2020,DOG,GERM SHEPHERD,AT LARGE,APP WNL,RETURNED TO OWNER,K20-493036,1,PUPS 3,SWEEP,P9991721,SCAN CHIP,1,2020-01-10T00:00:00.000,FY2020,OTHER,A1092482,STRAY,MG1718,11:17:00,WALK IN,14:20:00,2020-01-12T00:00:00.000,APP WNL,R20-562703,ADOP RESCU,,2020-01-04T00:00:00.000,RETURNED TO OWNER,A20-208169
000500,14,IMPOUNDED,FEB.2020,DOG,PIT BULL,AT LARGE,APP WNL,FOSTER,K20-498380,1,INJD 007,OVER THE COUNTER,P0818887,SCAN NO CHIP,1,2020-02-23T00:00:00.000,FY2020,OTHRINTAKS,A1096418,STRAY,BBW,15:21:00,TREATMENT,17:43:00,2020-02-26T00:00:00.000,APP INJ,,RESC FOSTR,,2020-02-19T00:00:00.000,,
011300,3,IMPOUNDED,JAN.2020,DOG,GOLDEN RETR,AT LARGE,APP WNL,RETURNED TO OWNER,K20-494054,1,RECEIVING,FIELD,P0915132,SCAN NO CHIP,1,2020-01-12T00:00:00.000,FY2020,OTHRINTAKS,A1093166,STRAY,1171,15:57:00,FIELD,16:04:00,2020-01-12T00:00:00.000,APP WNL,,,,2020-01-12T00:00:00.000,,A20-209246
003800,7,IMPOUNDED,MAR.2020,CAT,DOMESTIC SH,CONFINED,APP WNL,ADOPTION,K20-500984,1,CC 25,FIELD,P0921909,UNABLE TO SCAN,1,2020-03-17T00:00:00.000,FY2020,OTHRINTAKS,A1098447,STRAY,KCB8445,15:23:00,WESTMORELD,16:33:00,2020-03-17T00:00:00.000,APP WNL,R20-566038,ADOP RESCU,,2020-03-13T00:00:00.000,,A20-216746
006900,1,UNAVAILABLE,DEC.2019,DOG,ALASKAN HUSKY,AT LARGE,APP WNL,RETURNED TO OWNER,K19-491387,1,DC 06,SWEEP,P9991772,SCAN CHIP,1,2019-12-25T00:00:00.000,FY2020,OTHER,A1091276,STRAY,RO1772,13:29:00,WALK IN,16:29:00,2019-12-20T00:00:00.000,APP WNL,R19-561178,,,2019-12-19T00:00:00.000,RETURNED TO OWNERSX 12/20/19,A19-206434
001503,2,UNAVAILABLE,DEC.2019,DOG,LABRADOR RETR,AT LARGE,APP WNL,ADOPTION,K19-491639,1,DC 04,OVER THE COUNTER,P0912460,SCAN NO CHIP,1,2019-12-25T00:00:00.000,FY2020,OTHRINTAKS,A1091451,STRAY,CBU,14:49:00,WALK IN,15:28:00,2019-12-31T00:00:00.000,APP WNL,R19-561737,MEDICAL,,2019-12-21T00:00:00.000,ADOPTED,
008703,4,IMPOUNDED,JAN.2020,WILDLIFE,OPOSSUM,INJURED,APP WNL,WILDLIFE,K20-494071,1,RECEIVING,FIELD,P0915152,UNABLE TO SCAN,1,2020-01-12T00:00:00.000,FY2020,OTHRINTAKS,A1093180,WILDLIFE,1171,22:22:00,TO WILD,22:28:00,2020-01-12T00:00:00.000,APP WNL,,,,2020-01-12T00:00:00.000,,A20-209273
010704,3,UNAVAILABLE,DEC.2019,CAT,DOMESTIC SH,AT LARGE,APP WNL,ADOPTION,K19-491231,1,CC 21,OVER THE COUNTER,P0912010,SCAN NO CHIP,1,2019-12-20T00:00:00.000,FY2020,OTHRINTAKS,A1091182,STRAY,DL,11:49:00,WALK IN,17:51:00,2019-12-20T00:00:00.000,APP WNL,R19-561109,ADOP RESCU,,2019-12-18T00:00:00.000,ADOPTION // SX 12-20-19,
012604,9,UNAVAILABLE,DEC.2019,DOG,PIT BULL,RETURN30,APP WNL,ADOPTION,K19-490952,1,VIP02,OVER THE COUNTER,P0911041,SCAN CHIP,1,2019-12-15T00:00:00.000,FY2020,BEHAVIOR,A1090033,OWNER SURRENDER,AH,14:40:00,OFFSITE,18:46:00,2019-12-20T00:00:00.000,APP WNL,R19-561241,ADOP RESCU,,2019-12-15T00:00:00.000,GALLERIA,
007805,10,IMPOUNDED,DEC.2019,DOG,FOX TERR SMOOTH,CONFINED,APP WNL,ADOPTION,K19-491075,1,CC 05,FIELD,P0911869,SCAN NO CHIP,1,2019-12-20T00:00:00.000,FY2020,OTHRINTAKS,A1091082,STRAY,EPOOLE,23:28:00,PROMOTION,16:22:00,2019-12-20T00:00:00.000,APP WNL,R19-561093,ADOP RESCU,,2019-12-16T00:00:00.000,PRE-ADOPTED,A19-206092
020500,6,UNAVAILABLE,JAN.2020,DOG,LABRADOR RETR,HEART WORM,APP WNL,TREATMENT,K20-493982,1,ID01A,OVER THE COUNTER,P0914256,SCAN CHIP,1,2020-01-12T00:00:00.000,FY2020,OTHRINTAKS,A1092012,TREATMENT,CDM,09:23:00,NTCOMPLETE,09:53:00,2020-01-12T00:00:00.000,APP WNL,,,,2020-01-12T00:00:00.000,,
009304,8,UNAVAILABLE,DEC.2019,DOG,RAT TERRIER,AT LARGE,APP WNL,FOSTER,K19-491321,1,K10,OVER THE COUNTER,P0912092,SCAN NO CHIP,1,2019-12-18T00:00:00.000,FY2020,OTHRINTAKS,A1091236,STRAY,BW,17:30:00,UNDERAGE,17:30:00,2019-12-20T00:00:00.000,APP WNL,,RESC FOSTR,,2019-12-18T00:00:00.000,FOSTER,
012603,9,IMPOUNDED,JAN.2020,DOG,PIT BULL,AT LARGE,APP WNL,RETURNED TO OWNER,K20-494729,1,LFD 030,OVER THE COUNTER,P0915716,SCAN CHIP,1,2020-01-24T00:00:00.000,FY2020,OTHRINTAKS,A1093653,STRAY,CDM,15:20:00,WALK IN,14:31:00,2020-01-19T00:00:00.000,APP WNL,R20-563072,,,2020-01-18T00:00:00.000,,
012400,9,UNAVAILABLE,DEC.2019,DOG,CHIHUAHUA SH,CONFINED,CRITICAL,RETURNED TO OWNER,K19-491342,1,CC 01,FIELD,P9991751,SCAN NO CHIP,1,2019-12-24T00:00:00.000,FY2020,OTHRINTAKS,A1091250,STRAY,EP1751,02:25:00,WALK IN,13:54:00,2019-12-20T00:00:00.000,CRITICAL,R19-561148,EMERGENCY RESCUE,,2019-12-19T00:00:00.000,RETURNED TO OWNER SX 12/20/19,A19-206382
006001,4,UNAVAILABLE,DEC.2019,DOG,PIT BULL,GENERAL,APP WNL,ADOPTION,K19-489762,1,VIP18,FIELD,P0910322,SCAN NO CHIP,1,2019-12-04T00:00:00.000,FY2020,NOTRIGHTFT,A1090083,OWNER SURRENDER,AT1754,21:26:00,WALK IN,19:02:00,2019-12-20T00:00:00.000,APP WNL,R19-561245,MEDICAL,,2019-12-04T00:00:00.000,ADOPTED,A19-204205
001002,2,UNAVAILABLE,DEC.2019,DOG,PARSON RUSS TER,GENERAL,APP WNL,ADOPTION,K19-492509,1,LFD 152,OVER THE COUNTER,P0913590,SCAN NO CHIP,1,2019-12-30T00:00:00.000,FY2020,NOTRIGHTFT,A1092112,OWNER SURRENDER,BW,15:24:00,PROMOTION,13:32:00,2019-12-31T00:00:00.000,APP WNL,R19-561964,ADOP RESCU,,2019-12-30T00:00:00.000,ADOPTION,
003902,7,IMPOUNDED,DEC.2019,DOG,PIT BULL,AT LARGE,APP WNL,ADOPTION,K19-491327,1,LFD 099,FIELD,P9991171,SCAN CHIP,1,2019-12-20T00:00:00.000,FY2020,OTHRINTAKS,A1006019,STRAY,AV1171,17:51:00,WALK IN,12:13:00,2019-12-20T00:00:00.000,APP WNL,R19-561196,ADOP RESCU,,2019-12-18T00:00:00.000,ADOPT,A19-206336
003902,7,IMPOUNDED,DEC.2019,DOG,CHIHUAHUA SH,AT LARGE,APP WNL,RETURNED TO OWNER,K19-491475,1,RECEIVING,SWEEP,P9991772,SCAN CHIP,1,2019-12-20T00:00:00.000,FY2020,OTHER,A1091334,STRAY,RO1772,12:11:00,FIELD,12:12:00,2019-12-20T00:00:00.000,APP WNL,,,,2019-12-20T00:00:00.000,,A19-206562
011401,8,UNAVAILABLE,MAR.2020,DOG,PIT BULL,GENERAL,UNKNOWN,ADOPTION,K20-500983,1,PSDOG 08,AGGOPS,P0921916,SCAN CHIP,1,2020-03-13T00:00:00.000,FY2020,HOUSING,A1080599,OWNER SURRENDER,JKB1721,13:53:00,EAC,12:57:00,2020-03-16T00:00:00.000,APP WNL,R20-566199,ADOP RESCU,,2020-03-13T00:00:00.000,,A20-216736
008802,4,UNAVAILABLE,DEC.2019,DOG,PIT BULL,AT LARGE,APP WNL,RETURNED TO OWNER,K19-491380,1,LFD 048,SWEEP,P9991549,SCAN CHIP,1,2019-12-25T00:00:00.000,FY2020,OTHER,A1091268,STRAY,MG1718,12:26:00,WALK IN,16:17:00,2019-12-20T00:00:00.000,APP WNL,R19-561219,HOLD NOTIFY,,2019-12-19T00:00:00.000,RETURNED TO OWNER,A19-206426
003902,7,IMPOUNDED,DEC.2019,DOG,GERM SHEPHERD,AT LARGE,APP WNL,RETURNED TO OWNER,K19-491486,1,RECEIVING,SWEEP,P9991772,UNABLE TO SCAN,1,2019-12-20T00:00:00.000,FY2020,OTHER,A1091342,STRAY,RO1772,13:00:00,FIELD,13:01:00,2019-12-20T00:00:00.000,APP WNL,,,,2019-12-20T00:00:00.000,,A19-206568
011701,5,UNAVAILABLE,JAN.2020,DOG,CHIHUAHUA LH,AT LARGE,APP WNL,ADOPTION,K20-494807,1,CC 03,FIELD,P9991736,SCAN NO CHIP,1,2020-01-23T00:00:00.000,FY2020,OTHRINTAKS,A1093707,STRAY,SM1774,12:39:00,WALK IN,15:43:00,2020-01-24T00:00:00.000,APP WNL,R20-563098,ADOP RESCU,,2020-01-19T00:00:00.000,PRE-ADOPTED,A20-210032
,,LAB,FEB.2020,DOG,PLOTT HOUND,RETURN30,APP SICK,EUTHANIZED,K20-496400,1,LAB 14,OVER THE COUNTER,P0917358,SCAN CHIP,1,2020-02-01T00:00:00.000,FY2020,BEHAVIOR,A1092754,OWNER SURRENDER,JKT,10:09:00,BEHAVIOR,14:58:00,2020-02-26T00:00:00.000,APP WNL,,EUTH,,2020-02-01T00:00:00.000,MAS,
005901,4,UNAVAILABLE,FEB.2020,DOG,AM PIT BULL TER,AT LARGE,APP WNL,RETURNED TO OWNER,K20-498477,1,VIP18,OVER THE COUNTER,P0121868,SCAN CHIP,1,2020-02-26T00:00:00.000,FY2020,OTHRINTAKS,A1052126,STRAY,BBW,13:10:00,WALK IN,11:50:00,2020-02-26T00:00:00.000,APP WNL,R20-565008,ADOP RESCU,,2020-02-20T00:00:00.000,SMK,
020500,6,UNAVAILABLE,DEC.2019,CAT,DOMESTIC SH,GENERAL,APP WNL,ADOPTION,K19-490862,1,PSCAT 06,OVER THE COUNTER,P0669570,SCAN CHIP,2,2019-12-14T00:00:00.000,FY2020,OTHRINTAKS,A1083297,FOSTER,JD,13:41:00,EAC,14:55:00,2019-12-20T00:00:00.000,APP WNL,R19-561212,ADOP RESCU,,2019-12-14T00:00:00.000,ADOPT,
009000,7,IMPOUNDED,DEC.2019,DOG,YORKSHIRE TERR,CONFINED,APP WNL,TRANSFER,K19-492537,1,FAM GP 03,FIELD,P9991780,SCAN NO CHIP,1,2019-12-31T00:00:00.000,FY2020,OTHRINTAKS,A1092134,STRAY,AK1780,21:30:00,UNDERAGE,15:28:00,2019-12-31T00:00:00.000,APP WNL,,RESC FOSTR,,2019-12-30T00:00:00.000,TAGGED,A19-207630
006302,1,UNAVAILABLE,DEC.2019,CAT,DOMESTIC SH,CONFINED,APP WNL,ADOPTION,K19-492254,1,CC 35,FIELD,P0913251,SCAN NO CHIP,1,2019-12-31T00:00:00.000,FY2020,OTHRINTAKS,A1091929,STRAY,EP1751,22:47:00,WALK IN,15:05:00,2019-12-31T00:00:00.000,APP WNL,R19-561826,ADOP RESCU,,2019-12-27T00:00:00.000,ADOPTED,A19-207366
011104,8,UNAVAILABLE,DEC.2019,DOG,PIT BULL,AT LARGE,APP WNL,RETURNED TO OWNER,K19-491492,1,RECEIVING,SWEEP,P9991721,UNABLE TO SCAN,1,2019-12-20T00:00:00.000,FY2020,OTHER,A1081580,STRAY,MG1728,13:14:00,FIELD,13:16:00,2019-12-20T00:00:00.000,APP WNL,,,,2019-12-20T00:00:00.000,,A19-206572
010601,6,UNAVAILABLE,FEB.2020,DOG,COLLIE SMOOTH,QUARANTINE,APP WNL,RETURNED TO OWNER,K20-496800,1,QD 29,FIELD,P0916943,SCAN CHIP,3,2020-02-07T00:00:00.000,FY2020,OTHRINTAKS,A0983452,CONFISCATED,DAA1761,13:51:00,WALK IN,17:08:00,2020-02-07T00:00:00.000,APP WNL,R20-564137,QUARANTINE,,2020-02-04T00:00:00.000,,A20-211275
020500,6,AVAILABLE,JAN.2020,DOG,PLOTT HOUND,AT LARGE,APP WNL,ADOPTION,K20-493399,1,VIP02,SWEEP,P9991704,SCAN CHIP,1,2020-01-07T00:00:00.000,FY2020,OTHER,A1046853,STRAY,SC1704,10:51:00,PROMOTION,10:48:00,2020-01-12T00:00:00.000,APP WNL,R20-562686,ADOP RESCU,,2020-01-07T00:00:00.000,ADOPTED,A20-208543
020500,6,UNAVAILABLE,DEC.2019,CAT,DOMESTIC SH,SURGERY,APP WNL,FOSTER,K19-491443,1,CC 24,OVER THE COUNTER,P0017761,SCAN NO CHIP,1,2019-12-20T00:00:00.000,FY2020,MEDICAL,A1081888,FOSTER,SDW,08:19:00,SURGERY,18:28:00,2019-12-20T00:00:00.000,APP WNL,,ADOP RESCU,,2019-12-20T00:00:00.000,FOSTER,
005700,3,UNAVAILABLE,DEC.2019,DOG,PIT BULL,GENERAL,UNKNOWN,TRANSFER,K19-491549,1,NMOMS 1,FIELD,P0912291,SCAN NO CHIP,1,2019-12-30T00:00:00.000,FY2020,HOUSING,A1091398,OWNER SURRENDER,LU1778,18:56:00,UNDERAGE,12:28:00,2019-12-31T00:00:00.000,APP WNL,,RESC FOSTR,,2019-12-20T00:00:00.000,TAGGED,A19-206570
020200,7,UNAVAILABLE,DEC.2019,DOG,ST BERNARD SMTH,AT LARGE,APP WNL,ADOPTION,K19-491976,1,DC 02,SWEEP,P9991772,SCAN NO CHIP,1,2019-12-29T00:00:00.000,FY2020,OTHER,A1091722,STRAY,RO1772,11:12:00,WALK IN,16:04:00,2019-12-31T00:00:00.000,APP WNL,R19-561931,ADOP RESCU,,2019-12-25T00:00:00.000,ADOPTION // SX 12-31-19,A19-207054
013615,11,IMPOUNDED,FEB.2020,DOG,PIT BULL,CONFINED,APP WNL,ADOPTION,K20-496655,1,LFD 113,FIELD,P0917631,SCAN NO CHIP,1,2020-02-07T00:00:00.000,FY2020,OTHRINTAKS,A1095109,STRAY,SMB1774,14:51:00,WALK IN,09:56:00,2020-02-07T00:00:00.000,APP WNL,R20-563954,ADOP RESCU,,2020-02-03T00:00:00.000,,A20-211985
031704,12,LAB,DEC.2019,DOG,PIT BULL,CONFINED,APP WNL,EUTHANIZED,K19-491669,1,PCD 06,FIELD,P9991751,SCAN CHIP,1,2019-12-28T00:00:00.000,FY2020,OTHRINTAKS,A1091141,STRAY,EP1751,23:41:00,BEHAVIOR,13:43:00,2019-12-31T00:00:00.000,APP WNL,,EUTH,,2019-12-21T00:00:00.000,,A19-206724
011101,8,AVAILABLE,JAN.2020,DOG,PIT BULL,RETURN,APP WNL,ADOPTION,K20-495411,1,AD 079,OVER THE COUNTER,P0906437,SCAN NO CHIP,1,2020-01-24T00:00:00.000,FY2020,OTHRINTAKS,A1085997,FOSTER,DG,13:47:00,IN FOSTER,13:47:00,2020-01-24T00:00:00.000,APP WNL,,ADOP RESCU,,2020-01-24T00:00:00.000,FOSTER,A19-197761
020500,6,AVAILABLE,JAN.2020,WILDLIFE,HAMSTER,GENERAL,APP WNL,TRANSFER,K20-493494,1,OFFICE,OVER THE COUNTER,P0000000,SCAN NO CHIP,1,2020-01-07T00:00:00.000,FY2020,OTHRINTAKS,A1092793,OWNER SURRENDER,DL,18:32:00,UNDERAGE,17:24:00,2020-01-24T00:00:00.000,APP WNL,,RESC FOSTR,,2020-01-07T00:00:00.000,ADOPTION PENDING,
004500,1,IMPOUNDED,DEC.2019,DOG,LHASA APSO,AT LARGE,UNKNOWN,RETURNED TO OWNER,K19-492608,1,LFD 111,FIELD,P9991230,SCAN CHIP,1,2020-01-04T00:00:00.000,FY2020,OTHRINTAKS,A1092194,STRAY,KH1230,12:48:00,WALK IN,15:15:00,2019-12-31T00:00:00.000,APP WNL,R19-561976,,,2019-12-31T00:00:00.000,RETURNED TO OWNER,A19-207696
000601,2,IMPOUNDED,FEB.2020,CAT,DOMESTIC SH,AT LARGE,APP INJ,EUTHANIZED,K20-499087,1,RECEIVING,FIELD,P9998445,SCAN NO CHIP,1,2020-03-01T00:00:00.000,FY2020,OTHRINTAKS,A1096936,STRAY,KCB8445,09:35:00,MEDICAL-NONCONTAGIOUS,11:00:00,2020-02-26T00:00:00.000,CRITICAL,,,,2020-02-26T00:00:00.000,,A20-214735
012207,7,UNAVAILABLE,DEC.2019,CAT,DOMESTIC SH,AT LARGE,APP WNL,ADOPTION,K19-491325,1,CC 22,OVER THE COUNTER,P0912097,SCAN NO CHIP,1,2019-12-18T00:00:00.000,FY2020,NOTRIGHTFT,A1091239,STRAY,BW,17:39:00,WALK IN,16:51:00,2019-12-20T00:00:00.000,APP WNL,R19-561151,ADOP RESCU,,2019-12-18T00:00:00.000,ADOPTED,
001101,14,UNAVAILABLE,DEC.2019,CAT,DOMESTIC SH,AT LARGE,APP WNL,ADOPTION,K19-492420,1,CC 24,OVER THE COUNTER,P0913486,SCAN NO CHIP,1,2019-12-31T00:00:00.000,FY2020,OTHRINTAKS,A1092042,STRAY,CDM,16:30:00,WALK IN,15:49:00,2019-12-31T00:00:00.000,APP WNL,R19-561914,ADOP RESCU,,2019-12-29T00:00:00.000,,
012800,9,IMPOUNDED,DEC.2019,DOG,ALASKAN HUSKY,AT LARGE,APP WNL,RETURNED TO OWNER,K19-491397,1,LFD 044,FIELD,P9991195,SCAN CHIP,1,2019-12-25T00:00:00.000,FY2020,OTHRINTAKS,A1034046,STRAY,JO1195,14:50:00,WALK IN,15:16:00,2019-12-20T00:00:00.000,APP WNL,R19-561214,HOLD NOTIFY,,2019-12-19T00:00:00.000,RETURNED TO OWNER,A19-206441
011104,8,UNAVAILABLE,DEC.2019,DOG,CHIHUAHUA SH,AT LARGE,APP WNL,RETURNED TO OWNER,K19-491480,1,RECEIVING,SWEEP,P9991721,UNABLE TO SCAN,1,2019-12-20T00:00:00.000,FY2020,OTHER,A1091335,STRAY,MG1718,12:26:00,FIELD,12:34:00,2019-12-20T00:00:00.000,APP WNL,,,,2019-12-20T00:00:00.000,,A19-206545
016510,3,UNAVAILABLE,JAN.2020,DOG,BELG MALINOIS,RETURN30,APP WNL,ADOPTION,K20-493645,1,PSDOG 09,OVER THE COUNTER,P0914607,SCAN CHIP,1,2020-01-08T00:00:00.000,FY2020,PERSNLISSU,A1092263,OWNER SURRENDER,MM,16:38:00,EAC,16:25:00,2020-01-12T00:00:00.000,APP WNL,R20-562724,ADOP RESCU,,2020-01-08T00:00:00.000,ADOPTED,
010703,6,IMPOUNDED,FEB.2020,DOG,CHIHUAHUA LH,AT LARGE,APP WNL,RETURNED TO OWNER,K20-496754,1,LFSD 09,FIELD,P9991736,SCAN NO CHIP,1,2020-02-04T00:00:00.000,FY2020,OTHRINTAKS,A1095184,STRAY,TMB1736,11:25:00,WALK IN,10:01:00,2020-02-07T00:00:00.000,APP WNL,R20-564057,ADOP RESCU,,2020-02-04T00:00:00.000,,A20-212076
020500,6,UNAVAILABLE,DEC.2019,CAT,DOMESTIC SH,GENERAL,APP WNL,ADOPTION,K19-490861,1,PSCAT 06,OVER THE COUNTER,P0669570,SCAN CHIP,2,2019-12-14T00:00:00.000,FY2020,OTHRINTAKS,A1083296,FOSTER,JD,13:34:00,EAC,15:05:00,2019-12-20T00:00:00.000,APP WNL,R19-561213,ADOP RESCU,,2019-12-14T00:00:00.000,ADOPT,
020500,6,UNAVAILABLE,DEC.2019,DOG,LABRADOR RETR,RETURN30,APP WNL,ADOPTION,K19-489743,1,AD 015,OVER THE COUNTER,P0628148,SCAN CHIP,1,2019-12-04T00:00:00.000,FY2020,NOTRIGHTFT,A1089184,OWNER SURRENDER,DL,17:20:00,WALK IN,16:14:00,2019-12-20T00:00:00.000,APP WNL,R19-561218,MEDICAL,,2019-12-04T00:00:00.000,ADOPTED,
001204,2,UNAVAILABLE,DEC.2019,DOG,LABRADOR RETR,GENERAL,APP WNL,ADOPTION,K19-491426,1,LFD 108,OVER THE COUNTER,P0901692,SCAN CHIP,1,2019-12-19T00:00:00.000,FY2020,NOTRIGHTFT,A1083197,OWNER SURRENDER,BW,17:53:00,OFFSITE,18:51:00,2019-12-20T00:00:00.000,APP WNL,R19-561242,ADOP RESCU,,2019-12-19T00:00:00.000,GALLERIA,
,,AVAILABLE,JUL.2020,CAT,DOMESTIC MH,ILLNESS,APP WNL,TREATMENT,K20-509275,1,FOSTER,OVER THE COUNTER,P0931364,SCAN CHIP,1,2020-07-16T00:00:00.000,FY2020,OTHRINTAKS,A1103786,TREATMENT,CDM,10:11:00,COMPLETED,16:32:00,2020-07-16T00:00:00.000,APP WNL,,ADOP RESCU,,2020-07-16T00:00:00.000,,
020500,6,AVAILABLE,DEC.2019,CAT,DOMESTIC SH,TREATMENT,UNKNOWN,FOSTER,K19-491451,1,FOSTER,OVER THE COUNTER,P0602117,SCAN NO CHIP,1,2019-12-20T00:00:00.000,FY2020,OTHRINTAKS,A1086940,FOSTER,SDW,09:03:00,TREATMENT,16:52:00,2019-12-20T00:00:00.000,UNKNOWN,,RESC FOSTR,,2019-12-20T00:00:00.000,FOSTER,A19-199161
010102,6,AVAILABLE,DEC.2019,DOG,PIT BULL,AT LARGE,APP SICK,FOSTER,K19-489589,1,FOSTER,OVER THE COUNTER,P0910176,SCAN NO CHIP,1,2019-12-07T00:00:00.000,FY2020,OTHRINTAKS,A1089971,STRAY,CBU,15:29:00,SHORT TERM,16:49:00,2019-12-20T00:00:00.000,,,ADOP RESCU,,2019-12-03T00:00:00.000,FOSTER,
011701,5,UNAVAILABLE,JAN.2020,DOG,GERM SHEPHERD,AT LARGE,APP WNL,TRANSFER,K20-493505,1,LFSD 03,FIELD,P9991740,SCAN NO CHIP,1,2020-01-11T00:00:00.000,FY2020,OTHRINTAKS,A1092804,STRAY,WH1740,20:04:00,GENERAL,11:17:00,2020-01-12T00:00:00.000,APP WNL,,ADOP RESCU,,2020-01-07T00:00:00.000,TAGGED,A20-208620
,,IMPOUNDED,DEC.2019,DOG,POODLE TOY,WEB,NORMAL,LOST EXP,K19-490675,1,LOST,,P0911319,,0,2019-12-12T00:00:00.000,FY2020,,A1090778,STRAY,WEB,16:25:00,OTHER,00:00:00,2020-01-12T00:00:00.000,,,,,2019-12-12T00:00:00.000,,
020500,6,UNAVAILABLE,JAN.2020,CAT,DOMESTIC MH,GENERAL,APP WNL,ADOPTION,K20-494014,1,PSCAT 17,OVER THE COUNTER,P0773152,SCAN NO CHIP,1,2020-01-12T00:00:00.000,FY2020,OTHER,A1081401,FOSTER,JD,13:09:00,EAC,15:47:00,2020-01-12T00:00:00.000,APP WNL,R20-562719,ADOP RESCU,,2020-01-12T00:00:00.000,ADOPTED,
011701,5,UNAVAILABLE,DEC.2019,DOG,LABRADOR RETR,GENERAL,APP WNL,ADOPTION,K19-491297,1,LFD 129,OVER THE COUNTER,P0702674,SCAN NO CHIP,1,2019-12-18T00:00:00.000,FY2020,PERSNLISSU,A1091218,OWNER SURRENDER,DL,16:03:00,WALK IN,18:17:00,2019-12-20T00:00:00.000,APP WNL,R19-561233,ADOP RESCU,,2019-12-18T00:00:00.000,ADOPTED,
004500,1,IMPOUNDED,DEC.2019,DOG,GERM SHEPHERD,GENERAL,APP WNL,RETURNED TO OWNER,K19-492431,1,DC 06,FIELD,P0913502,SCAN NO CHIP,1,2020-01-03T00:00:00.000,FY2020,OTHER,A1092052,OWNER SURRENDER,CM1750,20:10:00,WALK IN,15:42:00,2019-12-31T00:00:00.000,APP WNL,R19-561926,,,2019-12-29T00:00:00.000,RETURNED TO OWNER SX 12/31/19,A19-207513
000601,2,UNAVAILABLE,JAN.2020,CAT,DOMESTIC SH,GENERAL,APP WNL,ADOPTION,K20-494953,1,PSCAT 15,OVER THE COUNTER,P0848762,SCAN CHIP,1,2020-01-20T00:00:00.000,FY2020,PERSNLISSU,A1041101,OWNER SURRENDER,MM,17:25:00,EAC,19:19:00,2020-01-24T00:00:00.000,APP WNL,R20-563327,ADOP RESCU,,2020-01-20T00:00:00.000,ADOPT,
020500,6,UNAVAILABLE,FEB.2020,CAT,DOMESTIC SH,RETURN,APP WNL,ADOPTION,K20-497103,1,AC 001,OVER THE COUNTER,P0893623,SCAN NO CHIP,1,2020-02-07T00:00:00.000,FY2020,OTHER,A1086984,FOSTER,AC,12:07:00,IN FOSTER,12:09:00,2020-02-07T00:00:00.000,APP WNL,,ADOP RESCU,,2020-02-07T00:00:00.000,,A19-199200
010602,6,UNAVAILABLE,DEC.2019,DOG,BEAGLE,RETURN30,APP WNL,ADOPTION,K19-492478,1,VIP23,OVER THE COUNTER,P0913121,SCAN CHIP,1,2019-12-30T00:00:00.000,FY2020,BEHAVIOR,A0922961,OWNER SURRENDER,CDM,12:20:00,WALK IN,12:43:00,2019-12-31T00:00:00.000,APP WNL,R19-561954,ADOP RESCU,,2019-12-30T00:00:00.000,ADOPTED,
006302,1,AVAILABLE,DEC.2019,DOG,AUST CATTLE DOG,AT LARGE,APP WNL,FOSTER,K19-490916,1,DC 07,OVER THE COUNTER,P0691950,SCAN NO CHIP,1,2019-12-19T00:00:00.000,FY2020,OTHRINTAKS,A1090973,STRAY,CBU,10:42:00,SHORT TERM,16:24:00,2019-12-20T00:00:00.000,APP WNL,,RESC FOSTR,,2019-12-15T00:00:00.000,FOSTER,
003800,7,UNAVAILABLE,FEB.2020,DOG,SIBERIAN HUSKY,AT LARGE,APP WNL,RETURNED TO OWNER,K20-497082,1,LFD 142,SWEEP,P9991709,SCAN CHIP,1,2020-02-13T00:00:00.000,FY2020,OTHER,A1081488,STRAY,MHB1709,08:49:00,WALK IN,18:10:00,2020-02-07T00:00:00.000,APP WNL,R20-564142,HOLD NOTIFY,,2020-02-07T00:00:00.000,,A20-212442
020500,6,AVAILABLE,DEC.2019,CAT,DOMESTIC SH,RETURN30,APP WNL,TRANSFER,K19-491052,1,OFFICE,OVER THE COUNTER,P0911799,SCAN CHIP,1,2019-12-16T00:00:00.000,FY2020,MEDICAL,A1090535,OWNER SURRENDER,BW,17:11:00,MEDICAL-CONTAGIOUS,14:17:00,2019-12-20T00:00:00.000,APP SICK,,ADOP RESCU,,2019-12-16T00:00:00.000,TAGGED,
010801,3,UNAVAILABLE,MAR.2020,DOG,PIT BULL,AT LARGE,APP WNL,ADOPTION,K20-500790,1,AD 048,FIELD,P9991764,SCAN CHIP,1,2020-03-17T00:00:00.000,FY2020,OTHRINTAKS,A1081299,STRAY,BMO1764,16:05:00,WESTMORELD,16:52:00,2020-03-17T00:00:00.000,APP WNL,R20-565943,ADOP RESCU,,2020-03-11T00:00:00.000,,A20-216486
012301,7,IMPOUNDED,JAN.2020,DOG,CHIHUAHUA SH,AT LARGE,APP WNL,RETURNED TO OWNER,K20-495392,1,RECEIVING,SWEEP,P9991772,UNABLE TO SCAN,1,2020-01-24T00:00:00.000,FY2020,OTHER,A1094158,STRAY,RO1772,12:04:00,FIELD,12:18:00,2020-01-24T00:00:00.000,APP WNL,,,,2020-01-24T00:00:00.000,,A20-210703
005901,4,UNAVAILABLE,DEC.2019,DOG,CHIHUAHUA SH,RETURN30,APP WNL,ADOPTION,K19-491419,1,LFSD 09,OVER THE COUNTER,P0810537,SCAN CHIP,1,2019-12-19T00:00:00.000,FY2020,BEHAVIOR,A0971235,OWNER SURRENDER,BW,16:52:00,WALK IN,13:03:00,2019-12-20T00:00:00.000,APP WNL,R19-561203,ADOPTION,,2019-12-19T00:00:00.000,ADOPT,
008200,9,IMPOUNDED,FEB.2020,DOG,MALTESE,CONFINED,APP WNL,ADOPTION,K20-496659,1,CC 05,FIELD,P9991758,SCAN NO CHIP,1,2020-02-07T00:00:00.000,FY2020,OTHRINTAKS,A1095110,STRAY,AJR1758,14:57:00,WALK IN,15:26:00,2020-02-07T00:00:00.000,APP SICK,R20-563939,ADOP RESCU,,2020-02-03T00:00:00.000,SMK,A20-211967
010803,3,UNAVAILABLE,DEC.2019,DOG,YORKSHIRE TERR,GENERAL,APP WNL,ADOPTION,K19-492316,1,AD 093,OVER THE COUNTER,P0604038,SCAN NO CHIP,1,2019-12-28T00:00:00.000,FY2020,OTHRINTAKS,A1091974,OWNER SURRENDER,JR,15:00:00,WALK IN,11:17:00,2019-12-31T00:00:00.000,APP WNL,R19-561809,ADOP RESCU,,2019-12-28T00:00:00.000,PREADOPTED,
012207,7,UNAVAILABLE,DEC.2019,CAT,DOMESTIC SH,AT LARGE,APP WNL,ADOPTION,K19-491326,1,CC 34,OVER THE COUNTER,P0912097,SCAN NO CHIP,1,2019-12-18T00:00:00.000,FY2020,NOTRIGHTFT,A1091240,STRAY,BW,17:39:00,WALK IN,16:08:00,2019-12-20T00:00:00.000,APP WNL,R19-561181,ADOP RESCU,,2019-12-18T00:00:00.000,ADOPTED,
013101,11,UNAVAILABLE,DEC.2019,CAT,DOMESTIC MH,GENERAL,APP WNL,TRANSFER,K19-491912,1,LFC 036,OVER THE COUNTER,P0912823,SCAN CHIP,1,2019-12-31T00:00:00.000,FY2020,PERSNLISSU,A1091671,OWNER SURRENDER,DL,13:44:00,GENERAL,13:20:00,2019-12-31T00:00:00.000,APP WNL,,RTP,,2019-12-24T00:00:00.000,TRANSFER,
008604,4,UNAVAILABLE,JAN.2020,DOG,AKITA,GENERAL,APP WNL,ADOPTION,K20-494697,1,AD 020,OVER THE COUNTER,P0915672,SCAN CHIP,1,2020-01-18T00:00:00.000,FY2020,PERSNLISSU,A1093627,OWNER SURRENDER,CBU,11:51:00,WALK IN,12:43:00,2020-01-24T00:00:00.000,APP WNL,R20-563286,ADOP RESCU,,2020-01-18T00:00:00.000,ADOPTED,
020500,6,AVAILABLE,DEC.2019,DOG,CATAHOULA,GENERAL,APP WNL,FOSTER,K19-490879,1,FOSTER,OVER THE COUNTER,P0694592,SCAN CHIP,1,2019-12-20T00:00:00.000,FY2020,PERSNLISSU,A1064923,OWNER SURRENDER,DL,15:22:00,SHORT TERM,11:57:00,2019-12-20T00:00:00.000,APP WNL,,ADOP RESCU,,2019-12-14T00:00:00.000,FOSTER,
011702,8,UNAVAILABLE,DEC.2019,DOG,CHIHUAHUA SH,CONFINED,APP WNL,ADOPTION,K19-490987,1,CC 04,FIELD,P9991701,UNABLE TO SCAN,1,2019-12-20T00:00:00.000,FY2020,OTHER,A1091025,STRAY,MM1701,09:20:00,WALK IN,16:01:00,2019-12-20T00:00:00.000,APP WNL,R19-561058,ADOP RESCU,,2019-12-16T00:00:00.000,PREADOPT,A19-205938
012100,7,IMPOUNDED,DEC.2019,DOG,GERM SHEPHERD,AT LARGE,APP WNL,RETURNED TO OWNER,K19-491474,1,RECEIVING,FIELD,P9991764,SCAN CHIP,1,2019-12-20T00:00:00.000,FY2020,OTHRINTAKS,A0841098,STRAY,MO764,12:05:00,FIELD,17:36:00,2019-12-20T00:00:00.000,APP WNL,,,,2019-12-20T00:00:00.000,,A19-206560
011200,8,UNAVAILABLE,DEC.2019,DOG,PIT BULL,AT LARGE,APP WNL,RETURNED TO OWNER,K19-491944,1,AD 068,FIELD,P9991754,SCAN CHIP,1,2019-12-31T00:00:00.000,FY2020,OTHER,A1038291,STRAY,AT1754,20:25:00,WALK IN,11:20:00,2019-12-31T00:00:00.000,APP WNL,R19-561944,ADOP RESCU,,2019-12-24T00:00:00.000,RETURNED TO OWNER,A19-207020
004500,1,UNAVAILABLE,DEC.2019,DOG,LABRADOR RETR,GENERAL,APP WNL,ADOPTION,K19-492484,1,DC 24,OVER THE COUNTER,P0793468,SCAN NO CHIP,1,2019-12-30T00:00:00.000,FY2020,HOUSING,A1092095,OWNER SURRENDER,BW,12:49:00,WALK IN,16:19:00,2019-12-31T00:00:00.000,APP WNL,R19-561936,ADOPTION,,2019-12-30T00:00:00.000,ADOPTED,
005700,3,UNAVAILABLE,DEC.2019,DOG,PIT BULL,GENERAL,UNKNOWN,TRANSFER,K19-491539,1,NMOMS 1,FIELD,P0912291,SCAN NO CHIP,1,2019-12-20T00:00:00.000,FY2020,HOUSING,A1091390,OWNER SURRENDER,LU1778,18:56:00,UNDERAGE,12:23:00,2019-12-31T00:00:00.000,UNDERAGE,,RESC FOSTR,,2019-12-20T00:00:00.000,TAGGED,A19-206570
012604,9,UNAVAILABLE,DEC.2019,DOG,GERM SHEPHERD,AT LARGE,UNKNOWN,ADOPTION,K19-490358,1,AD 022,FIELD,P0910960,SCAN NO CHIP,1,2019-12-14T00:00:00.000,FY2020,OTHRINTAKS,A1090519,STRAY,AR1758,11:23:00,OFFSITE,19:07:00,2019-12-20T00:00:00.000,APP WNL,R19-561248,ADOP RESCU,,2019-12-10T00:00:00.000,GALLERIA,A19-205049
006001,4,UNAVAILABLE,DEC.2019,DOG,CAIRN TERRIER,AT LARGE,APP WNL,RETURNED TO OWNER,K19-491400,1,CC 02,FIELD,P9991776,SCAN NO CHIP,1,2019-12-26T00:00:00.000,FY2020,OTHRINTAKS,A1091286,STRAY,MRY1776,14:57:00,WALK IN,17:44:00,2019-12-20T00:00:00.000,APP WNL,R19-561173,RTO,,2019-12-19T00:00:00.000,RETURNED TO OWNER SX 12/20/19,A19-206448
011800,5,AVAILABLE,JAN.2020,DOG,GREYHOUND,CONFINED,APP WNL,TRANSFER,K20-495055,1,LFD 168,FIELD,P9991780,SCAN NO CHIP,1,2020-01-23T00:00:00.000,FY2020,OTHRINTAKS,A1093899,STRAY,AK1780,16:32:00,GENERAL,16:39:00,2020-01-24T00:00:00.000,APP WNL,,ADOP RESCU,,2020-01-21T00:00:00.000,CC 18/LFD 168,A20-210307
018503,10,UNAVAILABLE,NOV.2019,DOG,PIT BULL,CONFINED,APP INJ,ADOPTION,K19-488329,1,AD 077,FIELD,P0908683,SCAN NO CHIP,1,2019-11-25T00:00:00.000,FY2020,OTHRINTAKS,A1089059,STRAY,AR1758,13:19:00,WALK IN,18:56:00,2019-12-20T00:00:00.000,APP WNL,R19-561243,ADOP RESCU,,2019-11-21T00:00:00.000,ADOPTED,A19-202418
001502,2,IMPOUNDED,DEC.2019,CAT,DOMESTIC SH,CONFINED,APP WNL,RETURNED TO OWNER,K19-491318,1,LFC 052,FIELD,P0911944,UNABLE TO SCAN,1,2019-12-20T00:00:00.000,FY2020,OTHER,A1091235,STRAY,AO1781,17:26:00,MICROCHIP,13:56:00,2019-12-20T00:00:00.000,APP WNL,,RTP,,2019-12-18T00:00:00.000,RETURNED TO OWNER,A19-206222
001101,14,UNAVAILABLE,DEC.2019,DOG,BOXER,GENERAL,APP SICK,ADOPTION,K19-492423,1,CC 03,OVER THE COUNTER,P0913494,SCAN NO CHIP,1,2019-12-29T00:00:00.000,FY2020,MEDICAL,A1092048,OWNER SURRENDER,CBU,16:54:00,WALK IN,16:26:00,2019-12-31T00:00:00.000,APP SICK,R19-561876,ADOP RESCU,,2019-12-29T00:00:00.000,ADOPTED,
020500,6,UNAVAILABLE,FEB.2020,DOG,PIT BULL,HEART WORM,APP WNL,TREATMENT,K20-497001,1,INJD 008,OVER THE COUNTER,P0917921,SCAN CHIP,1,2020-02-06T00:00:00.000,FY2020,OTHER,A1089845,TREATMENT,LJL,12:34:00,COMPLETED,18:00:00,2020-02-06T00:00:00.000,APP WNL,,,,2020-02-06T00:00:00.000,,
000405,2,UNAVAILABLE,JAN.2020,DOG,CHIHUAHUA SH,DEAD ON ARRIVAL,DEAD,DEAD ON ARRIVAL,K20-494031,1,FREEZER,OVER THE COUNTER,P0869901,SCAN CHIP,1,2020-01-12T00:00:00.000,FY2020,MEDICAL,A1067067,OWNER SURRENDER,CBU,14:12:00,DISPOSAL,14:21:00,2020-01-12T00:00:00.000,DEAD,,,,2020-01-12T00:00:00.000,,
006001,4,UNAVAILABLE,MAR.2020,DOG,CAIRN TERRIER,CONFINED,APP WNL,TRANSFER,K20-500720,1,LFD 167,FIELD,P9991764,SCAN NO CHIP,1,2020-03-17T00:00:00.000,FY2020,OTHRINTAKS,A1091611,STRAY,BMO1764,09:18:00,TRANSPORT,17:08:00,2020-03-17T00:00:00.000,APP WNL,,ADOP RESCU,,2020-03-11T00:00:00.000,,A20-216420
006302,1,AVAILABLE,NOV.2019,CAT,DOMESTIC SH,AT LARGE,UNDERAGE,FOSTER,K19-487666,1,FOSTER,OVER THE COUNTER,P0125713,SCAN NO CHIP,1,2019-11-16T00:00:00.000,FY2020,OTHRINTAKS,A1088560,STRAY,DL,10:47:00,UNDERAGE,15:05:00,2019-11-17T00:00:00.000,APP WNL,,RESC FOSTR,,2019-11-16T00:00:00.000,FOSTER,
010601,6,IMPOUNDED,FEB.2020,DOG,CHIHUAHUA SH,GENERAL,UNDERAGE,FOSTER,K20-497142,1,NMOMS 2,OVER THE COUNTER,P0901196,SCAN NO CHIP,1,2020-02-07T00:00:00.000,FY2020,HOUSING,A1095459,OWNER SURRENDER,SDW,15:55:00,UNDERAGE,17:36:00,2020-02-07T00:00:00.000,UNDERAGE,,,,2020-02-07T00:00:00.000,,
018505,10,UNAVAILABLE,MAR.2020,DOG,COLLIE ROUGH,QUARANTINE,APP WNL,RETURNED TO OWNER,K20-500225,1,DC 07,OVER THE COUNTER,P0921084,SCAN NO CHIP,2,2020-03-15T00:00:00.000,FY2020,BEHAVIOR,A1097744,CONFISCATED,MBB1548,09:03:00,WESTMORELD,14:30:00,2020-03-17T00:00:00.000,APP WNL,R20-566172,QUARANTINE,,2020-03-07T00:00:00.000,,A20-215803
010704,3,UNAVAILABLE,JAN.2020,DOG,CHIHUAHUA LH,AT LARGE,APP WNL,TRANSFER,K20-494741,1,LFD 084,OVER THE COUNTER,P0915741,SCAN CHIP,1,2020-01-24T00:00:00.000,FY2020,OTHRINTAKS,A1093664,STRAY,CBU,17:07:00,GENERAL,10:26:00,2020-01-24T00:00:00.000,APP WNL,,ADOP RESCU,,2020-01-18T00:00:00.000,I'M ADOPTED,
010500,6,UNAVAILABLE,DEC.2019,DOG,GERM SHEPHERD,AT LARGE,APP WNL,RETURNED TO OWNER,K19-492604,1,LFD 117,OVER THE COUNTER,P0913639,SCAN CHIP,1,2020-01-06T00:00:00.000,FY2020,OTHRINTAKS,A1063378,STRAY,DL,12:32:00,WALK IN,16:26:00,2019-12-31T00:00:00.000,APP WNL,R19-561991,HOLD NOTIFY,,2019-12-31T00:00:00.000,RETURNED TO OWNER,
019019,10,UNAVAILABLE,DEC.2019,CAT,MAINE COON,AT LARGE,APP WNL,ADOPTION,K19-491902,1,PSCAT 15,OVER THE COUNTER,P0912805,SCAN NO CHIP,1,2019-12-29T00:00:00.000,FY2020,OTHRINTAKS,A1091667,STRAY,CBU,12:16:00,EAC,16:09:00,2019-12-31T00:00:00.000,APP WNL,R19-561989,ADOP RESCU,,2019-12-24T00:00:00.000,ADOPT,
020500,6,AVAILABLE,DEC.2019,CAT,DOMESTIC SH,TREATMENT,UNKNOWN,FOSTER,K19-492446,1,F1,OVER THE COUNTER,P0066334,SCAN CHIP,1,2019-12-30T00:00:00.000,FY2020,OTHER,A1090533,FOSTER,OT,09:15:00,TREATMENT,11:29:00,2019-12-31T00:00:00.000,UNKNOWN,,RESC FOSTR,,2019-12-30T00:00:00.000,FOSTER,
009000,7,IMPOUNDED,DEC.2019,DOG,YORKSHIRE TERR,CONFINED,APP WNL,TRANSFER,K19-492535,1,FAM GP 03,FIELD,P9991780,SCAN NO CHIP,1,2019-12-31T00:00:00.000,FY2020,OTHRINTAKS,A1092132,STRAY,AK1780,21:30:00,UNDERAGE,15:28:00,2019-12-31T00:00:00.000,APP WNL,,RESC FOSTR,,2019-12-30T00:00:00.000,TAGGED,A19-207630
010801,3,UNAVAILABLE,DEC.2019,DOG,PIT BULL,GENERAL,APP WNL,ADOPTION,K19-492511,1,VIP16,OVER THE COUNTER,P0889019,SCAN CHIP,1,2019-12-30T00:00:00.000,FY2020,HOUSING,A1076502,OWNER SURRENDER,CBU,16:02:00,PROMOTION,11:41:00,2019-12-31T00:00:00.000,APP WNL,R19-561947,ADOP RESCU,,2019-12-30T00:00:00.000,ADOPTED,
020500,6,UNAVAILABLE,DEC.2019,DOG,AMERICAN STAFF,RETURN30,APP WNL,ADOPTION,K19-492610,1,LFD 116,OVER THE COUNTER,P0749251,SCAN CHIP,1,2019-12-31T00:00:00.000,FY2020,OTHRINTAKS,A1079266,OWNER SURRENDER,CBU,12:55:00,WALK IN,14:53:00,2019-12-31T00:00:00.000,APP WNL,R19-561973,ADOP RESCU,,2019-12-31T00:00:00.000,ADOPTION,
012100,7,UNAVAILABLE,JAN.2020,DOG,PIT BULL,QUARANTINE,APP WNL,RETURNED TO OWNER,K20-496321,1,QD 11,OVER THE COUNTER,P0876689,SCAN CHIP,3,2020-02-10T00:00:00.000,FY2020,OTHRINTAKS,A1094850,CONFISCATED,EMV,12:19:00,WALK IN,14:20:00,2020-02-07T00:00:00.000,APP WNL,,QUARANTINE,,2020-01-31T00:00:00.000,,A20-211572
011900,5,UNAVAILABLE,JAN.2020,DOG,LABRADOR RETR,GENERAL,APP WNL,ADOPTION,K20-495412,1,AD 005,OVER THE COUNTER,P0785054,SCAN CHIP,1,2020-01-25T00:00:00.000,FY2020,BEHAVIOR,A1094173,OWNER SURRENDER,SDW,13:34:00,WALK IN,16:48:00,2020-02-07T00:00:00.000,APP WNL,R20-564136,ADOP RESCU,,2020-01-24T00:00:00.000,,
,,IMPOUNDED,JAN.2020,DOG,ENG POINTER,WEB,NORMAL,LOST EXP,K20-495707,1,LOST,,P0916731,,0,2020-01-26T00:00:00.000,FY2020,,A1094373,STRAY,WEB,22:25:00,OTHER,00:00:00,2020-02-26T00:00:00.000,,,,,2020-01-25T00:00:00.000,,
,,UNAVAILABLE,MAY.2020,DOG,PIT BULL,RETURN,UNKNOWN,ADOPTION,K20-504488,1,FOSTER,OVER THE COUNTER,P0926285,UNABLE TO SCAN,1,2020-05-09T00:00:00.000,FY2020,OTHRINTAKS,A1100557,FOSTER,CDM,11:13:00,BY FOSTER,11:17:00,2020-05-09T00:00:00.000,UNKNOWN,R20-567292,,,2020-05-09T00:00:00.000,,
011104,8,IMPOUNDED,FEB.2020,DOG,PIT BULL,AT LARGE,APP WNL,RETURNED TO OWNER,K20-499155,1,RECEIVING,SWEEP,P9991772,UNABLE TO SCAN,1,2020-02-26T00:00:00.000,FY2020,OTHER,A1096993,STRAY,ROB1772,14:33:00,FIELD,14:34:00,2020-02-26T00:00:00.000,APP WNL,,,,2020-02-26T00:00:00.000,,A20-214808
008900,4,UNAVAILABLE,MAY.2020,DOG,CHIHUAHUA SH,AT LARGE,APP WNL,TRANSFER,K20-504225,1,DC 22,FIELD,P9991754,SCAN NO CHIP,1,2020-05-09T00:00:00.000,FY2020,OTHER,A1100765,STRAY,ATB1754,15:05:00,GENERAL,16:35:00,2020-05-09T00:00:00.000,APP WNL,,ADOPTION,,2020-05-05T00:00:00.000,,A20-222496
006502,1,UNAVAILABLE,DEC.2019,CAT,DOMESTIC SH,AT LARGE,APP WNL,RETURNED TO OWNER,K19-492474,1,CC 21,OVER THE COUNTER,P0539843,SCAN NO CHIP,1,2020-01-03T00:00:00.000,FY2020,OTHRINTAKS,A1092091,STRAY,BW,12:03:00,WALK IN,15:57:00,2019-12-31T00:00:00.000,APP WNL,R19-561929,RTO,,2019-12-30T00:00:00.000,RETURNED TO OWNER SX 12/31,
006800,1,IMPOUNDED,FEB.2020,DOG,MIN PINSCHER,AT LARGE,APP WNL,RETURNED TO OWNER,K20-498955,1,LFD 084,OVER THE COUNTER,P0504595,SCAN CHIP,1,2020-03-01T00:00:00.000,FY2020,OTHRINTAKS,A1096830,STRAY,CDM,18:58:00,WALK IN,17:20:00,2020-02-25T00:00:00.000,APP WNL,R20-565084,,,2020-02-24T00:00:00.000,,
008603,7,UNAVAILABLE,JAN.2020,DOG,CANE CORSO,CONFINED,APP WNL,ADOPTION,K20-495311,1,LFSD 03,FIELD,P0916260,SCAN NO CHIP,1,2020-01-23T00:00:00.000,FY2020,OTHRINTAKS,A1094102,STRAY,MW1723,15:31:00,WALK IN,14:28:00,2020-01-24T00:00:00.000,APP WNL,R20-563298,ADOP RESCU,,2020-01-23T00:00:00.000,ADOPTED,A20-210565
020500,6,IMPOUNDED,OCT.2019,DOG,CHIHUAHUA SH,HEART WORM,APP WNL,TREATMENT,K19-485496,1,INJD 011,OVER THE COUNTER,P0904349,SCAN CHIP,1,2019-10-30T00:00:00.000,FY2020,OTHER,A1082769,TREATMENT,LV,09:20:00,COMPLETED,16:44:00,2019-10-30T00:00:00.000,APP WNL,,,,2019-10-30T00:00:00.000,,
020500,6,UNAVAILABLE,DEC.2019,DOG,GREAT PYRENEES,RETURN30,APP WNL,FOSTER,K19-492555,1,FOSTER,OVER THE COUNTER,P0913025,SCAN CHIP,1,2019-12-31T00:00:00.000,FY2020,NOTRIGHTFT,A1083593,OWNER SURRENDER,DL,08:46:00,GENERAL,16:01:00,2019-12-31T00:00:00.000,APP WNL,,,,2019-12-31T00:00:00.000,,
006502,1,UNAVAILABLE,NOV.2019,DOG,AUST SHEPHERD,AT LARGE,APP WNL,ADOPTION,K19-487542,1,PUPS 1,SWEEP,P9991574,SCAN CHIP,1,2019-11-19T00:00:00.000,FY2020,OTHER,A1088463,STRAY,JC1574,10:24:00,WALK IN,11:15:00,2019-11-21T00:00:00.000,APP WNL,R19-559334,ADOP RESCU,,2019-11-15T00:00:00.000,ADOPTION // SX 11-20-19,A19-201564
012601,9,UNAVAILABLE,DEC.2019,DOG,CHIHUAHUA SH,GENERAL,APP WNL,ADOPTION,K19-491489,1,DC 03,OVER THE COUNTER,P0836119,SCAN NO CHIP,1,2019-12-20T00:00:00.000,FY2020,OTHER,A1091348,OWNER SURRENDER,JR,13:05:00,WALK IN,16:07:00,2019-12-21T00:00:00.000,APP WNL,R19-561217,ADOP RESCU,,2019-12-20T00:00:00.000,ADOPTEDE,
008802,4,AVAILABLE,DEC.2019,DOG,PIT BULL,RETURN30,APP WNL,FOSTER,K19-490239,1,AD 064,OVER THE COUNTER,P0910009,SCAN CHIP,1,2019-12-09T00:00:00.000,FY2020,PERSNLISSU,A1037818,OWNER SURRENDER,CBU,11:30:00,SHORT TERM,12:31:00,2019-12-21T00:00:00.000,APP WNL,,ADOP RESCU,,2019-12-09T00:00:00.000,FOSTER,
010601,6,IMPOUNDED,DEC.2019,DOG,PIT BULL,AT LARGE,APP WNL,RETURNED TO OWNER,K19-491575,1,RECEIVING,FIELD,P9991723,SCAN NO CHIP,1,2019-12-21T00:00:00.000,FY2020,OTHRINTAKS,A1091413,STRAY,MW1723,09:55:00,FIELD,10:00:00,2019-12-21T00:00:00.000,APP WNL,,,,2019-12-21T00:00:00.000,,A19-206654
009201,5,UNAVAILABLE,DEC.2019,DOG,SIBERIAN HUSKY,AT LARGE,APP WNL,ADOPTION,K19-491132,1,ID13B,FIELD,P9991774,SCAN NO CHIP,1,2019-12-21T00:00:00.000,FY2020,OTHRINTAKS,A1091113,STRAY,SM1774,13:43:00,WALK IN,18:05:00,2019-12-21T00:00:00.000,APP WNL,R19-561161,ADOP RESCU,,2019-12-17T00:00:00.000,PRE ADOPTED,A19-206195
008900,4,IMPOUNDED,DEC.2019,DOG,DOBERMAN PINSCH,AT LARGE,UNKNOWN,RETURNED TO OWNER,K19-492620,1,RECEIVING,SWEEP,P9991715,SCAN NO CHIP,1,2019-12-31T00:00:00.000,FY2020,OTHER,A1092208,STRAY,DB1715,14:18:00,FIELD,00:00:00,2019-12-31T00:00:00.000,UNKNOWN,,,,2019-12-31T00:00:00.000,,A19-207714
004500,1,IMPOUNDED,JAN.2020,DOG,POMERANIAN,AT LARGE,APP WNL,RETURNED TO OWNER,K20-495355,1,RECEIVING,SWEEP,P9991772,UNABLE TO SCAN,1,2020-01-24T00:00:00.000,FY2020,OTHER,A1094132,STRAY,RO1772,09:32:00,FIELD,09:33:00,2020-01-24T00:00:00.000,APP WNL,,,,2020-01-24T00:00:00.000,,A20-210687
,,UNAVAILABLE,MAY.2020,DOG,ST BERNARD SMTH,RETURN,UNKNOWN,ADOPTION,K20-504494,1,FOSTER,OVER THE COUNTER,P0924211,UNABLE TO SCAN,1,2020-05-09T00:00:00.000,FY2020,OTHRINTAKS,A1099838,FOSTER,CDM,12:06:00,IN FOSTER,12:14:00,2020-05-09T00:00:00.000,UNKNOWN,R20-567296,,,2020-05-09T00:00:00.000,,
007818,13,UNAVAILABLE,DEC.2019,CAT,DOMESTIC SH,AT LARGE,APP WNL,ADOPTION,K19-490924,1,PSCAT 20,OVER THE COUNTER,P0911664,SCAN CHIP,1,2019-12-19T00:00:00.000,FY2020,OTHRINTAKS,A0640996,STRAY,BW,11:44:00,EAC,12:46:00,2019-12-21T00:00:00.000,APP WNL,R19-561274,ADOP RESCU,,2019-12-15T00:00:00.000,ADOPT,
008701,4,AVAILABLE,DEC.2019,DOG,LABRADOR RETR,AT LARGE,APP SICK,TRANSFER,K19-490673,1,AD 037,FIELD,P0911021,SCAN NO CHIP,1,2019-12-16T00:00:00.000,FY2020,OTHRINTAKS,A1090776,STRAY,AR1758,16:20:00,MEDICAL-CONTAGIOUS,13:23:00,2019-12-21T00:00:00.000,APP SICK,,ADOP RESCU,,2019-12-12T00:00:00.000,,A19-205410
012301,7,IMPOUNDED,JAN.2020,DOG,MIN PINSCHER,AT LARGE,APP WNL,RETURNED TO OWNER,K20-495399,1,RECEIVING,SWEEP,P9991772,SCAN NO CHIP,1,2020-01-24T00:00:00.000,FY2020,OTHER,A1094164,STRAY,RO1772,12:04:00,FIELD,12:28:00,2020-01-24T00:00:00.000,APP WNL,,,,2020-01-24T00:00:00.000,,A20-210703
009000,7,IMPOUNDED,JAN.2020,WILDLIFE,GUINEA PIG,CONFINED,APP WNL,DIED,K20-495222,1,PUPS 4,FIELD,P9991195,SCAN NO CHIP,1,2020-01-27T00:00:00.000,FY2020,OTHRINTAKS,A1094040,STRAY,JO1195,09:47:00,IN KENNEL,09:36:00,2020-01-24T00:00:00.000,DEAD,,EVERYDAY ADOPTION CENTER,,2020-01-23T00:00:00.000,,A20-210521
003901,7,UNAVAILABLE,JAN.2020,DOG,GERM SHEPHERD,AT LARGE,APP WNL,ADOPTION,K20-493356,1,AD 001,FIELD,P9991750,SCAN NO CHIP,1,2020-01-10T00:00:00.000,FY2020,OTHER,A1092707,STRAY,CM1750,18:43:00,WALK IN,13:56:00,2020-01-12T00:00:00.000,APP WNL,R20-562702,ADOP RESCU,,2020-01-06T00:00:00.000,ADOPTED,A20-208499
011602,8,UNAVAILABLE,JAN.2020,DOG,RHOD RIDGEBACK,AT LARGE,APP WNL,RETURNED TO OWNER,K20-495210,1,LFD 094,FIELD,P9991776,SCAN CHIP,1,2020-01-29T00:00:00.000,FY2020,OTHRINTAKS,A1094033,STRAY,MRY1776,02:38:00,WALK IN,17:47:00,2020-01-24T00:00:00.000,APP WNL,R20-563312,ADOP RESCU,,2020-01-23T00:00:00.000,RETURNED TO OWNER,A20-210505
019213,11,UNAVAILABLE,NOV.2019,CAT,DOMESTIC SH,GENERAL,APP WNL,ADOPTION,K19-488605,1,IC 03,FIELD,P0908934,SCAN CHIP,1,2019-11-24T00:00:00.000,FY2020,FINANCIAL,A0989012,OWNER SURRENDER,MM1749,17:20:00,WALK IN,18:16:00,2019-12-21T00:00:00.000,APP WNL,R19-561323,MEDICAL,,2019-11-23T00:00:00.000,ADOPTED,A19-202691
,,IMPOUNDED,DEC.2019,DOG,ENG BULLDOG,WEB,NORMAL,LOST EXP,K19-490689,1,LOST,,P0911340,,0,2019-12-12T00:00:00.000,FY2020,,A1090791,STRAY,WEB,18:25:00,OTHER,00:00:00,2020-01-12T00:00:00.000,,,,,2019-12-11T00:00:00.000,,
004100,4,RELEASED FROM QUARANTINE,JAN.2020,DOG,GERM SHEPHERD,QUARANTINE,APP WNL,RETURNED TO OWNER,K20-495979,1,QD 06,FIELD,P0867001,SCAN CHIP,1,2020-02-07T00:00:00.000,FY2020,OTHRINTAKS,A1021720,CONFISCATED,AFT1754,19:49:00,WALK IN,15:43:00,2020-02-07T00:00:00.000,APP WNL,R20-564134,QUARANTINE,,2020-01-28T00:00:00.000,,A20-211261
,,IMPOUNDED,JAN.2020,DOG,BORDER COLLIE,WEB,NORMAL,FOUND EXP,K20-493369,1,FOUND,,P0914519,,0,2020-01-07T00:00:00.000,FY2020,,A1092718,STRAY,WEB,06:25:00,OTHER,00:00:00,2020-02-07T00:00:00.000,,,,,2020-01-06T00:00:00.000,,
008801,4,UNAVAILABLE,DEC.2019,DOG,AUST CATTLE DOG,AT LARGE,APP WNL,ADOPTION,K19-492487,1,VIP17,FIELD,P0912648,SCAN NO CHIP,1,2020-01-03T00:00:00.000,FY2020,OTHER,A1092098,STRAY,MM1701,13:10:00,WALK IN,16:13:00,2020-01-12T00:00:00.000,APP WNL,R20-562722,ADOP RESCU,,2019-12-30T00:00:00.000,ADOPTED,A19-207564
,,IMPOUNDED,JAN.2020,DOG,RHOD RIDGEBACK,WEB,NORMAL,FOUND EXP,K20-495597,1,FOUND,,P0916617,,0,2020-01-26T00:00:00.000,FY2020,,A1094288,STRAY,WEB,09:25:00,OTHER,00:00:00,2020-02-26T00:00:00.000,,,,,2020-01-23T00:00:00.000,,
000406,2,LAB,DEC.2019,DOG,PIT BULL,QUARANTINE,APP WNL,EUTHANIZED,K19-490305,1,LAB 04,FIELD,P0910668,SCAN CHIP,1,2019-12-19T00:00:00.000,FY2020,OTHER,A1089731,OWNER SURRENDER,VD1770,20:36:00,BITE,14:49:00,2019-12-21T00:00:00.000,APP WNL,,QUARANTINE,,2019-12-09T00:00:00.000,,A19-204955
009105,5,UNAVAILABLE,DEC.2019,DOG,BORDER COLLIE,AT LARGE,APP WNL,TRANSFER,K19-490903,1,AD 050,SWEEP,P9991579,SCAN CHIP,1,2019-12-21T00:00:00.000,FY2020,OTHER,A1090970,STRAY,ASB1579,09:53:00,GENERAL,10:30:00,2019-12-21T00:00:00.000,APP WNL,,ADOP RESCU,,2019-12-15T00:00:00.000,,A19-205841
011104,8,UNAVAILABLE,DEC.2019,DOG,PIT BULL,AT LARGE,APP WNL,ADOPTION,K19-491457,1,DC 02,SWEEP,P9991721,SCAN NO CHIP,1,2019-12-20T00:00:00.000,FY2020,OTHER,A1091322,STRAY,MG1718,10:09:00,WALK IN,16:30:00,2019-12-21T00:00:00.000,APP WNL,R19-561240,ADOP RESCU,,2019-12-20T00:00:00.000,ADOPTED,A19-206538
020500,6,UNAVAILABLE,JAN.2020,DOG,MASTIFF,HEART WORM,APP WNL,TREATMENT,K20-493981,1,INJD 008,OVER THE COUNTER,P0906455,SCAN CHIP,1,2020-01-12T00:00:00.000,FY2020,OTHRINTAKS,A1075926,TREATMENT,CBU,09:20:00,COMPLETED,17:31:00,2020-01-12T00:00:00.000,APP SICK,,MEDICAL,,2020-01-12T00:00:00.000,1ST HWT/INJ 8B,
005700,3,UNAVAILABLE,DEC.2019,DOG,PIT BULL,GENERAL,UNKNOWN,TRANSFER,K19-491535,1,NMOMS 1,FIELD,P0912291,SCAN NO CHIP,1,2019-12-20T00:00:00.000,FY2020,HOUSING,A1091385,OWNER SURRENDER,LU1778,18:56:00,UNDERAGE,12:23:00,2019-12-31T00:00:00.000,UNDERAGE,,RESC FOSTR,,2019-12-20T00:00:00.000,TAGGED,A19-206570
019016,10,UNAVAILABLE,DEC.2019,CAT,DOMESTIC SH,GENERAL,APP WNL,ADOPTION,K19-491148,1,PSCAT 07,OVER THE COUNTER,P0911931,SCAN CHIP,1,2019-12-18T00:00:00.000,FY2020,PERSNLISSU,A1091130,OWNER SURRENDER,DL,15:31:00,EAC,17:42:00,2019-12-21T00:00:00.000,APP WNL,R19-561320,ADOP RESCU,,2019-12-17T00:00:00.000,ADOPT,
007804,10,UNAVAILABLE,DEC.2019,DOG,CHIHUAHUA SH,GENERAL,APP WNL,ADOPTION,K19-491412,1,LFD 110,OVER THE COUNTER,P0912198,SCAN NO CHIP,1,2019-12-19T00:00:00.000,FY2020,OTHRINTAKS,A1091294,OWNER SURRENDER,CDM,15:51:00,WALK IN,14:13:00,2019-12-21T00:00:00.000,APP WNL,R19-561282,ADOP RESCU,,2019-12-19T00:00:00.000,ADOPTED,
010102,6,UNAVAILABLE,JAN.2020,DOG,CHIHUAHUA SH,AT LARGE,APP WNL,TRANSFER,K20-493400,1,LFSD 12,SWEEP,P9991704,SCAN NO CHIP,1,2020-01-11T00:00:00.000,FY2020,OTHER,A1092730,STRAY,SC1704,10:55:00,GENERAL,11:13:00,2020-01-12T00:00:00.000,APP WNL,,ADOP RESCU,,2020-01-07T00:00:00.000,TAGGED,A20-208544
031719,12,AVAILABLE,DEC.2019,DOG,PIT BULL,AT LARGE,APP WNL,FOSTER,K19-490780,1,FOSTER,OVER THE COUNTER,P0911454,SCAN CHIP,1,2019-12-19T00:00:00.000,FY2020,OTHRINTAKS,A1073415,STRAY,JR,17:38:00,SHORT TERM,12:44:00,2019-12-21T00:00:00.000,APP WNL,,ADOP RESCU,,2019-12-13T00:00:00.000,FOSTER,
001202,14,LAB,DEC.2019,CAT,DOMESTIC SH,GENERAL,APP SICK,EUTHANIZED,K19-492177,1,IC 01,OVER THE COUNTER,P0897124,SCAN CHIP,1,2019-12-27T00:00:00.000,FY2020,MEDICAL,A1079370,OWNER SURRENDER,JR,11:53:00,HUMANE,10:31:00,2019-12-31T00:00:00.000,CRITICAL,,,,2019-12-27T00:00:00.000,,
020500,6,AVAILABLE,DEC.2019,CAT,DOMESTIC SH,TREATMENT,UNKNOWN,FOSTER,K19-491570,1,F3,OVER THE COUNTER,P0901782,SCAN NO CHIP,1,2019-12-21T00:00:00.000,FY2020,MEDICAL,A1085545,FOSTER,CW,09:38:00,TREATMENT,16:57:00,2019-12-21T00:00:00.000,UNKNOWN,,RESC FOSTR,,2019-12-21T00:00:00.000,FOSTER,
010601,6,UNAVAILABLE,DEC.2019,DOG,GERM SHEPHERD,AT LARGE,APP WNL,ADOPTION,K19-491058,1,AD 085,OVER THE COUNTER,P0911835,SCAN NO CHIP,1,2019-12-20T00:00:00.000,FY2020,OTHRINTAKS,A1091066,STRAY,JR,17:30:00,WALK IN,16:32:00,2019-12-21T00:00:00.000,APP WNL,R19-561305,ADOP RESCU,,2019-12-16T00:00:00.000,AD85 - DC20ADOPTED,
011300,8,UNAVAILABLE,JAN.2020,DOG,PIT BULL,CONFINED,APP WNL,TRANSFER,K20-494315,1,PUPS 3,FIELD,P9991740,SCAN NO CHIP,1,2020-01-14T00:00:00.000,FY2020,OTHRINTAKS,A1093361,STRAY,1740,20:24:00,UNDERAGE,10:45:00,2020-01-24T00:00:00.000,APP WNL,,RESCU ONLY,,2020-01-14T00:00:00.000,TAGGED,A20-209496
031712,12,UNAVAILABLE,DEC.2019,DOG,RAT TERRIER,AT LARGE,APP WNL,ADOPTION,K19-491900,1,CC 05,OVER THE COUNTER,P0912800,SCAN CHIP,1,2019-12-31T00:00:00.000,FY2020,OTHRINTAKS,A1091665,STRAY,DL,11:55:00,WALK IN,15:24:00,2019-12-31T00:00:00.000,APP WNL,R19-561555,ADOP RESCU,,2019-12-24T00:00:00.000,PRE ADOPTED,
020500,6,LAB,DEC.2019,CAT,DOMESTIC MH,TREATMENT,APP SICK,EUTHANIZED,K19-492413,1,VT 08,OVER THE COUNTER,P0901546,SCAN CHIP,1,2019-12-29T00:00:00.000,FY2020,OTHRINTAKS,A1087610,FOSTER,JS,15:42:00,HUMANE,11:43:00,2019-12-31T00:00:00.000,CRITICAL,,,,2019-12-29T00:00:00.000,,
008802,4,IMPOUNDED,DEC.2019,DOG,GERM SHEPHERD,AT LARGE,APP WNL,RETURNED TO OWNER,K19-491573,1,RECEIVING,SWEEP,P9991772,SCAN CHIP,1,2019-12-21T00:00:00.000,FY2020,OTHER,A1091412,STRAY,RO1772,09:45:00,FIELD,09:45:00,2019-12-21T00:00:00.000,APP WNL,,,,2019-12-21T00:00:00.000,,A19-206660
,,UNAVAILABLE,FEB.2020,DOG,DOBERMAN PINSCH,GENERAL,APP WNL,ADOPTION,K20-496874,1,PSDOG 01,OVER THE COUNTER,P0917821,SCAN NO CHIP,1,2020-02-05T00:00:00.000,FY2020,PERSNLISSU,A1095270,OWNER SURRENDER,DAL,11:03:00,EAC,19:20:00,2020-02-07T00:00:00.000,APP WNL,R20-564149,ADOP RESCU,,2020-02-05T00:00:00.000,,
006900,1,UNAVAILABLE,DEC.2019,DOG,ENG SHEPHERD,CONFINED,APP WNL,ADOPTION,K19-491051,1,AD 086,FIELD,P0911801,UNABLE TO SCAN,1,2019-12-20T00:00:00.000,FY2020,OTHER,A1091060,STRAY,BC1779,17:09:00,WALK IN,11:58:00,2019-12-21T00:00:00.000,APP WNL,R19-561264,ADOP RESCU,,2019-12-16T00:00:00.000,ADOPTED,A19-206003
020500,6,UNAVAILABLE,JAN.2020,DOG,ROTTWEILER,OTHER,APP WNL,TRANSFER,K20-494506,1,PUPS 2,OVER THE COUNTER,P0765557,SCAN CHIP,1,2020-01-22T00:00:00.000,FY2020,OTHRINTAKS,A1092113,TRANSFER,BW,13:07:00,GENERAL,11:48:00,2020-01-24T00:00:00.000,APP WNL,,ADOP RESCU,,2020-01-16T00:00:00.000,ADOPTION PENDING,
011105,8,UNAVAILABLE,DEC.2019,DOG,CHINESE SHARPEI,AT LARGE,APP WNL,ADOPTION,K19-490842,1,AD 051,SWEEP,P9991549,SCAN NO CHIP,1,2019-12-18T00:00:00.000,FY2020,OTHER,A1090923,STRAY,MG1718,11:55:00,WALK IN,14:42:00,2019-12-21T00:00:00.000,APP WNL,R19-561288,ADOP RESCU,,2019-12-14T00:00:00.000,ADOPTED,A19-205665
011601,8,LAB,JAN.2020,DOG,PIT BULL,GENERAL,APP WNL,EUTHANIZED,K20-494370,1,AD 031,SWEEP,P0915379,SCAN NO CHIP,1,2020-01-15T00:00:00.000,FY2020,BEHAVIOR,A1093390,OWNER SURRENDER,SC1704,12:09:00,BEHAVIOR,16:02:00,2020-01-24T00:00:00.000,APP WNL,,RESCU ONLY,,2020-01-15T00:00:00.000,,A20-209573
012207,7,UNAVAILABLE,FEB.2020,DOG,PIT BULL,AT LARGE,APP SICK,TRANSFER,K20-497056,1,SHD 06,OVER THE COUNTER,P0893950,SCAN NO CHIP,1,2020-02-10T00:00:00.000,FY2020,OTHRINTAKS,A1095394,STRAY,BBW,16:54:00,MEDICAL-CONTAGIOUS,11:09:00,2020-02-07T00:00:00.000,APP WNL,,MEDICAL,,2020-02-06T00:00:00.000,,
,,IMPOUNDED,JAN.2020,DOG,CHIHUAHUA SH,WEB,NORMAL,LOST EXP,K20-493507,1,LOST,,P0914621,,0,2020-01-07T00:00:00.000,FY2020,,A1092806,STRAY,WEB,20:25:00,OTHER,00:00:00,2020-02-07T00:00:00.000,,,,,2020-01-06T00:00:00.000,,
010500,6,IMPOUNDED,JAN.2020,DOG,MALTESE,AT LARGE,APP WNL,RETURNED TO OWNER,K20-495240,1,LFD 081,SWEEP,P9991549,SCAN CHIP,1,2020-01-29T00:00:00.000,FY2020,OTHER,A1044452,STRAY,MG1718,11:21:00,WALK IN,11:53:00,2020-01-24T00:00:00.000,APP WNL,R20-563282,,,2020-01-23T00:00:00.000,RETURNED TO OWNER,A20-210541
009201,5,UNAVAILABLE,NOV.2019,DOG,ALASKAN HUSKY,CONFINED,APP WNL,FOSTER,K19-488813,1,FAM GP 03,FIELD,P0909195,SCAN NO CHIP,1,2019-12-30T00:00:00.000,FY2020,OTHER,A1089399,STRAY,CM1750,18:05:00,UNDERAGE,12:22:00,2019-12-26T00:00:00.000,UNDERAGE,,RESC FOSTR,,2019-11-25T00:00:00.000,FOSTER,A19-202966
010701,3,UNAVAILABLE,DEC.2019,DOG,SHIH TZU,GENERAL,APP SICK,ADOPTION,K19-492407,1,LFD 084,OVER THE COUNTER,P0600136,SCAN CHIP,1,2019-12-30T00:00:00.000,FY2020,PERSNLISSU,A1092034,OWNER SURRENDER,CBU,14:34:00,WALK IN,14:56:00,2019-12-31T00:00:00.000,APP SICK,R19-561843,ADOP RESCU,,2019-12-29T00:00:00.000,PRE-ADOPTION,
020200,8,AVAILABLE,JAN.2020,DOG,PIT BULL,AT LARGE,APP WNL,FOSTER,K20-494374,1,FOSTER,SWEEP,P9991704,SCAN NO CHIP,1,2020-01-15T00:00:00.000,FY2020,OTHER,A1093394,STRAY,EPD,12:19:00,UNDERAGE,09:00:00,2020-01-30T00:00:00.000,UNKNOWN,,RESC FOSTR,,2020-01-15T00:00:00.000,,A20-209590
008802,4,UNAVAILABLE,DEC.2019,DOG,CHIHUAHUA SH,AT LARGE,APP WNL,RETURNED TO OWNER,K19-491593,1,ID20A,SWEEP,P9991772,SCAN NO CHIP,1,2019-12-25T00:00:00.000,FY2020,OTHER,A0839897,STRAY,RO1772,11:10:00,WALK IN,17:44:00,2019-12-21T00:00:00.000,APP WNL,R19-561313,,,2019-12-21T00:00:00.000,,A19-206672
,,AVAILABLE,SEP.2020,CAT,DOMESTIC SH,SPAY/NEUT,APP WNL,TREATMENT,K20-513754,1,CC 31,OVER THE COUNTER,P0755127,SCAN CHIP,1,2020-09-29T00:00:00.000,FY2020,MEDICAL,A1106278,TREATMENT,VMJ,08:13:00,COMPLETED,16:06:00,2020-09-29T00:00:00.000,APP WNL,,ADOP RESCU,,2020-09-29T00:00:00.000,,
005901,4,UNAVAILABLE,FEB.2020,DOG,PIT BULL,AT LARGE,APP WNL,RETURNED TO OWNER,K20-498884,1,DC 15,SWEEP,P9991704,SCAN NO CHIP,1,2020-02-28T00:00:00.000,FY2020,OTHER,A1096775,STRAY,SEC1704,08:22:00,WALK IN,16:19:00,2020-02-26T00:00:00.000,APP WNL,R20-565067,ADOP RESCU,,2020-02-24T00:00:00.000,,A20-214528
009900,6,AVAILABLE,DEC.2019,CAT,DOMESTIC SH,AT LARGE,APP SICK,FOSTER,K19-489962,1,AC 059,FIELD,P0910525,SCAN NO CHIP,1,2019-12-10T00:00:00.000,FY2020,OTHRINTAKS,A1090251,STRAY,ER1768,18:17:00,SHORT TERM,17:52:00,2019-12-21T00:00:00.000,APP SICK,,RESC FOSTR,,2019-12-06T00:00:00.000,FOSTER,A19-204500
012800,9,WILDLIFE,JAN.2020,WILDLIFE,OPOSSUM,INJURED,APP INJ,EUTHANIZED,K20-495365,1,RECEIVING,FIELD,P0916340,WILDLIFE - UNABEL TO SCAN,1,2020-01-24T00:00:00.000,FY2020,OTHER,A1094136,WILDLIFE,BC1779,10:38:00,HUMANE,12:19:00,2020-01-24T00:00:00.000,FATAL,,,,2020-01-24T00:00:00.000,,A20-210670
009301,5,UNAVAILABLE,MAY.2020,CAT,DOMESTIC SH,CONFINED,UNKNOWN,FOSTER,K20-505156,1,CC 35,FIELD,P9991778,SCAN NO CHIP,1,2020-05-19T00:00:00.000,FY2020,OTHRINTAKS,A1101466,STRAY,LSU1778,16:44:00,UNDERAGE,18:00:00,2020-05-20T00:00:00.000,UNDERAGE,,,,2020-05-19T00:00:00.000,,A20-224064
017102,8,UNAVAILABLE,JAN.2020,DOG,CAIRN TERRIER,GENERAL,APP WNL,FOSTER,K20-495251,1,SMD09,OVER THE COUNTER,P0606568,SCAN NO CHIP,1,2020-01-23T00:00:00.000,FY2020,PERSNLISSU,A1094058,OWNER SURRENDER,DL,12:20:00,TRANSPORT,16:29:00,2020-01-24T00:00:00.000,,,ADOP RESCU,,2020-01-23T00:00:00.000,CC 15/SMD 9,
,,IMPOUNDED,DEC.2019,CAT,DOMESTIC SH,WEB,NORMAL,FOUND EXP,K19-491942,1,FOUND,,P0912892,,0,2019-12-24T00:00:00.000,FY2020,,A1091696,STRAY,WEB,20:25:00,OTHER,00:00:00,2020-01-24T00:00:00.000,,,,,2019-12-24T00:00:00.000,,
007804,10,IMPOUNDED,DEC.2019,DOG,LABRADOR RETR,AT LARGE,APP WNL,ADOPTION,K19-492411,1,CC 04,FIELD,P9991770,SCAN NO CHIP,1,2019-12-31T00:00:00.000,FY2020,OTHER,A1092036,STRAY,VD1770,15:18:00,WALK IN,15:22:00,2019-12-31T00:00:00.000,APP WNL,R19-561910,ADOP RESCU,,2019-12-29T00:00:00.000,ADOPTION // SX 12-31-19,A19-207492
009607,13,IMPOUNDED,JAN.2020,DOG,LABRADOR RETR,AT LARGE,APP WNL,RETURNED TO OWNER,K20-495402,1,LFD 074,OVER THE COUNTER,P0916375,SCAN CHIP,1,2020-01-30T00:00:00.000,FY2020,OTHRINTAKS,A1094166,STRAY,JCZ,12:26:00,WALK IN,18:19:00,2020-01-24T00:00:00.000,APP WNL,R20-563319,HOLD NOTIFY,,2020-01-24T00:00:00.000,RETURNED TO OWNER,
000601,2,AVAILABLE,JAN.2020,DOG,LABRADOR RETR,RETURN,APP WNL,ADOPTION,K20-495382,1,FOSTER,OVER THE COUNTER,P0912868,SCAN CHIP,1,2020-01-24T00:00:00.000,FY2020,OTHRINTAKS,A1059719,FOSTER,DG,11:48:00,IN FOSTER,11:51:00,2020-01-24T00:00:00.000,APP WNL,,ADOP RESCU,,2020-01-24T00:00:00.000,SILENTNIGHT,
005700,3,UNAVAILABLE,DEC.2019,DOG,PIT BULL,GENERAL,UNKNOWN,TRANSFER,K19-491537,1,NMOMS 1,FIELD,P0912291,SCAN NO CHIP,1,2019-12-20T00:00:00.000,FY2020,HOUSING,A1091387,OWNER SURRENDER,LU1778,18:56:00,UNDERAGE,12:23:00,2019-12-31T00:00:00.000,UNDERAGE,,RESC FOSTR,,2019-12-20T00:00:00.000,TAGGED,A19-206570
,,IMPOUNDED,DEC.2019,CAT,DOMESTIC SH,WEB,NORMAL,FOUND EXP,K19-491943,1,FOUND,,P0912893,,0,2019-12-24T00:00:00.000,FY2020,,A1091697,STRAY,WEB,20:25:00,OTHER,00:00:00,2020-01-24T00:00:00.000,,,,,2019-12-24T00:00:00.000,,
,,IMPOUNDED,JAN.2020,DOG,PUG,WEB,NORMAL,LOST EXP,K20-493464,1,LOST,,P0914575,,0,2020-01-07T00:00:00.000,FY2020,,A1092774,STRAY,WEB,15:25:00,OTHER,00:00:00,2020-02-07T00:00:00.000,,,,,2020-01-06T00:00:00.000,,
011300,8,UNAVAILABLE,JAN.2020,DOG,PIT BULL,CONFINED,APP WNL,TRANSFER,K20-494313,1,PUPS 3,FIELD,P9991740,SCAN NO CHIP,1,2020-01-14T00:00:00.000,FY2020,OTHRINTAKS,A1093359,STRAY,1740,20:24:00,UNDERAGE,10:45:00,2020-01-24T00:00:00.000,APP WNL,,RESCU ONLY,,2020-01-14T00:00:00.000,TAGGED,A20-209496
,,IMPOUNDED,FEB.2020,DOG,POODLE MIN,GENERAL,APP WNL,ADOPTION,K20-499140,1,LFSD 09,OVER THE COUNTER,P0751759,SCAN CHIP,1,2020-02-26T00:00:00.000,FY2020,NOTRIGHTFT,A0955261,OWNER SURRENDER,BBW,13:08:00,WALK IN,15:19:00,2020-02-26T00:00:00.000,APP WNL,R20-565114,ADOPTION,,2020-02-26T00:00:00.000,,
017101,8,UNAVAILABLE,DEC.2019,DOG,GERM SHEPHERD,CONFINED,APP WNL,FOSTER,K19-492335,1,CC 18,FIELD,P9991748,SCAN NO CHIP,1,2019-12-28T00:00:00.000,FY2020,OTHRINTAKS,A1091991,STRAY,MK1748,18:29:00,UNDERAGE,12:04:00,2019-12-30T00:00:00.000,UNKNOWN,,RESC FOSTR,,2019-12-28T00:00:00.000,FOSTER,A19-207440
011900,5,IMPOUNDED,MAR.2020,DOG,CAIRN TERRIER,AT LARGE,APP WNL,RETURNED TO OWNER,K20-500874,1,LFD 056,OPS,P9991772,SCAN CHIP,1,2020-03-18T00:00:00.000,FY2020,OTHER,A0983865,STRAY,ROB1772,13:08:00,WESTMORELD,14:39:00,2020-03-17T00:00:00.000,APP WNL,R20-566249,ADOP RESCU,,2020-03-12T00:00:00.000,,A20-216610
007820,13,UNAVAILABLE,JAN.2020,DOG,CHIHUAHUA SH,KEEP SAFE,APP WNL,ADOPTION,K20-494977,1,LFSD 16,FIELD,P9991744,SCAN NO CHIP,1,2020-02-01T00:00:00.000,FY2020,OTHRINTAKS,A1093852,CONFISCATED,MC8447,06:28:00,WALK IN,16:16:00,2020-01-24T00:00:00.000,APP WNL,R20-563306,RTO,,2020-01-21T00:00:00.000,ADOPTED,A20-210224
012204,7,UNAVAILABLE,DEC.2019,DOG,PIT BULL,AT LARGE,APP WNL,ADOPTION,K19-492027,1,DC 03,FIELD,P0912943,SCAN NO CHIP,1,2019-12-30T00:00:00.000,FY2020,OTHER,A1091761,STRAY,DB,09:23:00,WALK IN,15:27:00,2019-12-31T00:00:00.000,APP WNL,R19-561878,ADOP RESCU,,2019-12-26T00:00:00.000,ADOPTION // SX 12/31/19,A19-207113
021638,12,UNAVAILABLE,DEC.2019,DOG,PIT BULL,GENERAL,APP WNL,RETURNED TO OWNER,K19-491165,1,PUPS 4,FIELD,P0911910,SCAN NO CHIP,1,2019-12-17T00:00:00.000,FY2020,BEHAVIOR,A1091141,OWNER SURRENDER,VD1770,17:54:00,WALK IN,18:30:00,2019-12-21T00:00:00.000,APP WNL,R19-561140,EUTH,,2019-12-17T00:00:00.000,RETURNED TO OWNER SX 12-20-19,A19-206190
005700,3,UNAVAILABLE,DEC.2019,DOG,PIT BULL,GENERAL,UNKNOWN,TRANSFER,K19-491543,1,NMOMS 1,FIELD,P0912291,SCAN NO CHIP,1,2019-12-20T00:00:00.000,FY2020,HOUSING,A1091393,OWNER SURRENDER,LU1778,18:56:00,UNDERAGE,12:27:00,2019-12-31T00:00:00.000,UNDERAGE,,RESC FOSTR,,2019-12-20T00:00:00.000,TAGGED,A19-206570
000500,2,UNAVAILABLE,DEC.2019,DOG,CHIHUAHUA SH,RETURN30,APP WNL,ADOPTION,K19-491418,1,PSDOG 19,OVER THE COUNTER,P0912101,SCAN CHIP,1,2019-12-19T00:00:00.000,FY2020,NOTRIGHTFT,A1090168,OWNER SURRENDER,DL,16:46:00,EAC,16:03:00,2019-12-21T00:00:00.000,APP WNL,R19-561304,ADOPTION,,2019-12-19T00:00:00.000,ADOPT,
017102,8,UNAVAILABLE,JAN.2020,DOG,CAIRN TERRIER,GENERAL,APP WNL,ADOPTION,K20-495252,1,CC 02,OVER THE COUNTER,P0606568,SCAN NO CHIP,1,2020-01-23T00:00:00.000,FY2020,PERSNLISSU,A1094059,OWNER SURRENDER,DL,12:20:00,WALK IN,16:25:00,2020-01-24T00:00:00.000,APP WNL,R20-563259,ADOP RESCU,,2020-01-23T00:00:00.000,ADOPTED,
010805,3,AVAILABLE,FEB.2020,DOG,PIT BULL,CONFINED,APP WNL,ADOPTION,K20-497995,1,AD 052,FIELD,P9991751,SCAN NO CHIP,1,2020-02-19T00:00:00.000,FY2020,OTHRINTAKS,A1096115,STRAY,EPB1751,22:48:00,WALK IN,13:51:00,2020-02-26T00:00:00.000,APP WNL,R20-565101,ADOP RESCU,,2020-02-15T00:00:00.000,,A20-213554
010804,3,AVAILABLE,MAR.2020,DOG,PIT BULL,AT LARGE,APP WNL,FOSTER,K20-500845,1,FOSTER,FIELD,P9991710,SCAN NO CHIP,1,2020-03-16T00:00:00.000,FY2020,OTHRINTAKS,A1098338,STRAY,CVB1710,11:14:00,SHORT TERM,15:40:00,2020-03-17T00:00:00.000,APP WNL,,ADOP RESCU,,2020-03-12T00:00:00.000,,A20-216588
011200,8,IMPOUNDED,DEC.2019,DOG,AUST CATTLE DOG,AT LARGE,APP WNL,RETURNED TO OWNER,K19-491448,1,RECEIVING,FIELD,P9991764,SCAN CHIP,1,2019-12-20T00:00:00.000,FY2020,OTHRINTAKS,A0874745,STRAY,MO1764,08:36:00,FIELD,08:49:00,2019-12-20T00:00:00.000,APP WNL,,,,2019-12-20T00:00:00.000,,A19-206508
,,IMPOUNDED,NOV.2019,DOG,BOXER,WEB,NORMAL,FOUND EXP,K19-488215,1,FOUND,,P0908607,,0,2019-11-20T00:00:00.000,FY2020,,A1088972,STRAY,WEB,15:25:00,OTHER,00:00:00,2019-12-21T00:00:00.000,,,,,2019-11-18T00:00:00.000,,
013625,11,UNAVAILABLE,DEC.2019,CAT,DOMESTIC SH,AT LARGE,APP WNL,ADOPTION,K19-492249,1,CC 23,OVER THE COUNTER,P0913242,SCAN NO CHIP,1,2019-12-31T00:00:00.000,FY2020,OTHRINTAKS,A1091925,STRAY,CDM,18:39:00,WALK IN,15:37:00,2019-12-31T00:00:00.000,APP WNL,R19-561726,ADOPTION,,2019-12-27T00:00:00.000,PRE ADOPTED,
020500,6,UNAVAILABLE,DEC.2019,DOG,LABRADOR RETR,RETURN,APP WNL,ADOPTION,K19-490230,1,VIP24,OVER THE COUNTER,P0906455,SCAN CHIP,1,2019-12-09T00:00:00.000,FY2020,OTHER,A1079269,FOSTER,CBU,10:27:00,PROMOTION,14:28:00,2019-12-31T00:00:00.000,APP WNL,R19-561970,ADOP RESCU,,2019-12-09T00:00:00.000,ADOPTED,
005901,4,UNAVAILABLE,JAN.2020,DOG,AUST SHEPHERD,AT LARGE,APP WNL,ADOPTION,K20-495124,1,DC 03,FIELD,P9991765,SCAN NO CHIP,1,2020-01-24T00:00:00.000,FY2020,OTHRINTAKS,A1093964,STRAY,RK1765,10:50:00,WALK IN,17:48:00,2020-01-24T00:00:00.000,APP WNL,R20-563269,ADOPTION,,2020-01-22T00:00:00.000,ADOPTED,A20-210405
020500,6,UNAVAILABLE,DEC.2019,DOG,PIT BULL,RETURN30,APP WNL,ADOPTION,K19-492494,1,AD 063,OVER THE COUNTER,P0913452,SCAN CHIP,1,2019-12-30T00:00:00.000,FY2020,PERSNLISSU,A1091732,OWNER SURRENDER,CBU,13:42:00,WALK IN,13:54:00,2019-12-31T00:00:00.000,APP WNL,R19-561967,ADOP RESCU,,2019-12-30T00:00:00.000,ADOPTION,
002200,2,AVAILABLE,JAN.2020,CAT,DOMESTIC SH,AT LARGE,APP WNL,FOSTER,K20-493327,1,IC 15,OVER THE COUNTER,P0703114,UNABLE TO SCAN,1,2020-01-08T00:00:00.000,FY2020,OTHRINTAKS,A1092681,STRAY,CDM,15:15:00,TO ADOPT,12:10:00,2020-01-12T00:00:00.000,APP WNL,,MEDICAL,,2020-01-06T00:00:00.000,FOSTER,
005200,1,UNAVAILABLE,DEC.2019,DOG,PIT BULL,CONFINED,APP WNL,ADOPTION,K19-489969,1,PSDOG 15,FIELD,P9991765,SCAN CHIP,1,2019-12-12T00:00:00.000,FY2020,OTHRINTAKS,A1087404,STRAY,RK1765,19:42:00,EAC,14:57:00,2019-12-31T00:00:00.000,APP WNL,R19-561975,ADOP RESCU,,2019-12-06T00:00:00.000,ADOPT,A19-204527
020500,6,IMPOUNDED,DEC.2019,DOG,WH PT GRIFFON,RETURN30,APP WNL,ADOPTION,K19-491659,1,LFSD 16,OVER THE COUNTER,P0911210,SCAN CHIP,1,2019-12-21T00:00:00.000,FY2020,OTHRINTAKS,A1090660,OWNER SURRENDER,CDM,18:05:00,WALK IN,18:49:00,2019-12-21T00:00:00.000,APP WNL,R19-561328,ADOPTION,,2019-12-21T00:00:00.000,ADOPTED,
009201,5,UNAVAILABLE,JAN.2020,DOG,GERM SHEPHERD,AT LARGE,UNKNOWN,ADOPTION,K20-493715,1,FAM GP 04,FIELD,P9991230,SCAN NO CHIP,1,2020-01-13T00:00:00.000,FY2020,OTHER,A1092941,STRAY,KH1230,11:31:00,WALK IN,09:15:00,2020-01-13T00:00:00.000,APP WNL,R20-562630,ADOP RESCU,,2020-01-09T00:00:00.000,PRE-ADOPTED,A20-208872
016521,3,UNAVAILABLE,DEC.2019,DOG,LABRADOR RETR,AT LARGE,APP WNL,ADOPTION,K19-492228,1,DC 19,OVER THE COUNTER,P0913197,SCAN NO CHIP,1,2019-12-31T00:00:00.000,FY2020,OTHER,A1091908,STRAY,JZ,15:33:00,WALK IN,15:34:00,2019-12-31T00:00:00.000,APP WNL,R19-561684,ADOP RESCU,,2019-12-27T00:00:00.000,PRE-ADOPT,
008802,4,IMPOUNDED,DEC.2019,DOG,DACHSHUND,AT LARGE,APP WNL,RETURNED TO OWNER,K19-491612,1,RECEIVING,SWEEP,P9991772,UNABLE TO SCAN,1,2019-12-21T00:00:00.000,FY2020,OTHER,A1054831,STRAY,RO1772,12:05:00,FIELD,12:08:00,2019-12-21T00:00:00.000,APP WNL,,,,2019-12-21T00:00:00.000,,A19-206680
008802,4,IMPOUNDED,DEC.2019,DOG,GREAT PYRENEES,AT LARGE,APP WNL,TRANSFER,K19-490955,1,FAM GP 01,OVER THE COUNTER,P0911712,SCAN NO CHIP,1,2019-12-21T00:00:00.000,FY2020,OTHRINTAKS,A1091004,STRAY,BW,15:01:00,GENERAL,10:18:00,2019-12-21T00:00:00.000,APP WNL,,ADOP RESCU,,2019-12-15T00:00:00.000,TAGGED,
004000,7,UNAVAILABLE,JAN.2020,DOG,CAIRN TERRIER,GENERAL,APP WNL,ADOPTION,K20-494947,1,PSDOG 03,FIELD,P0915971,SCAN NO CHIP,1,2020-01-20T00:00:00.000,FY2020,OTHRINTAKS,A1093822,OWNER SURRENDER,AK1780,16:26:00,EAC,19:03:00,2020-01-24T00:00:00.000,APP WNL,R20-563326,ADOPTION,,2020-01-20T00:00:00.000,ADOPT,A20-210176
006401,1,UNAVAILABLE,DEC.2019,CAT,DOMESTIC SH,AT LARGE,APP WNL,ADOPTION,K19-490972,1,LFC 006,OVER THE COUNTER,P0670963,SCAN NO CHIP,1,2019-12-21T00:00:00.000,FY2020,OTHRINTAKS,A1091013,STRAY,BW,16:53:00,WALK IN,12:52:00,2019-12-21T00:00:00.000,APP WNL,R19-561144,ADOP RESCU,,2019-12-15T00:00:00.000,PRE ADOPTED,
020500,6,UNAVAILABLE,DEC.2019,CAT,DOMESTIC SH,SURGERY,APP WNL,ADOPTION,K19-491561,1,AC 053,OVER THE COUNTER,P0885233,SCAN NO CHIP,1,2019-12-21T00:00:00.000,FY2020,MEDICAL,A1085907,FOSTER,CW,07:40:00,WALK IN,13:22:00,2019-12-21T00:00:00.000,APP WNL,R19-561278,ADOP RESCU,,2019-12-21T00:00:00.000,ADOPTED,A19-197676
012000,7,IMPOUNDED,FEB.2020,DOG,PIT BULL,AT LARGE,APP WNL,RETURNED TO OWNER,K20-499101,1,RECEIVING,FIELD,P9998445,SCAN NO CHIP,1,2020-03-01T00:00:00.000,FY2020,OTHRINTAKS,A1096948,STRAY,KCB8445,11:21:00,FIELD,11:29:00,2020-02-26T00:00:00.000,APP WNL,,,,2020-02-26T00:00:00.000,,A20-214765
004800,4,UNAVAILABLE,DEC.2019,DOG,BOXER,AT LARGE,APP WNL,RETURNED TO OWNER,K19-492086,1,DC 07,FIELD,P9991779,SCAN CHIP,1,2020-01-02T00:00:00.000,FY2020,OTHER,A1021174,STRAY,BC1779,14:44:00,WALK IN,15:44:00,2019-12-31T00:00:00.000,APP WNL,R19-561939,RTO,,2019-12-26T00:00:00.000,RETURNED TO OWNER SX 12/31/19,A19-207170
005400,4,UNAVAILABLE,DEC.2019,DOG,MALTESE,GENERAL,APP WNL,ADOPTION,K19-491580,1,LFSD 18,OVER THE COUNTER,P0870908,SCAN CHIP,1,2019-12-21T00:00:00.000,FY2020,PERSNLISSU,A1057359,OWNER SURRENDER,DL,10:15:00,WALK IN,10:59:00,2019-12-21T00:00:00.000,APP WNL,R19-561255,ADOPTION,,2019-12-21T00:00:00.000,ADOPTED,
,,IMPOUNDED,DEC.2019,DOG,ALASKAN HUSKY,WEB,NORMAL,FOUND EXP,K19-490736,1,FOUND,,P0911394,,0,2019-12-13T00:00:00.000,FY2020,,A1090828,STRAY,WEB,11:59:00,OTHER,00:00:00,2020-01-13T00:00:00.000,,,,,2019-12-12T00:00:00.000,,
009202,5,IMPOUNDED,DEC.2019,DOG,POODLE MIN,CONFINED,APP WNL,TRANSFER,K19-491070,1,AD 092,FIELD,P0911854,SCAN NO CHIP,1,2019-12-20T00:00:00.000,FY2020,OTHER,A1091077,STRAY,CM1750,19:27:00,TRANSPORT,19:06:00,2019-12-21T00:00:00.000,APP WNL,,ADOP RESCU,,2019-12-16T00:00:00.000,ADOPTION PENDING,A19-206084
009201,5,UNAVAILABLE,JAN.2020,DOG,GERM SHEPHERD,AT LARGE,APP WNL,TRANSFER,K20-494022,1,LFSD 01,FIELD,P9991736,SCAN NO CHIP,1,2020-01-12T00:00:00.000,FY2020,OTHRINTAKS,A1093146,STRAY,TM1736,13:34:00,TRANSPORT,11:18:00,2020-01-13T00:00:00.000,APP WNL,,ADOP RESCU,,2020-01-12T00:00:00.000,TAGGED,A20-209235
009802,6,UNAVAILABLE,JAN.2020,DOG,GERM SHEPHERD,GENERAL,APP WNL,ADOPTION,K20-493477,1,AD 009,OVER THE COUNTER,P0914588,SCAN CHIP,1,2020-01-13T00:00:00.000,FY2020,PERSNLISSU,A1092779,OWNER SURRENDER,MM,16:23:00,WALK IN,16:14:00,2020-01-13T00:00:00.000,APP WNL,R20-562506,ADOP RESCU,,2020-01-07T00:00:00.000,PRE ADOPTED,
012100,7,UNAVAILABLE,JAN.2020,DOG,BOXER,AT LARGE,APP WNL,ADOPTION,K20-493837,1,CC 04,OVER THE COUNTER,P0914905,SCAN NO CHIP,1,2020-01-10T00:00:00.000,FY2020,OTHRINTAKS,A1093035,STRAY,MM,16:50:00,WALK IN,18:19:00,2020-01-13T00:00:00.000,APP WNL,R20-562628,ADOP RESCU,,2020-01-10T00:00:00.000,ADOPTED,
,,UNAVAILABLE,JUN.2020,DOG,CHIHUAHUA SH,GENERAL,APP WNL,TRANSFER,K20-507387,1,LFD 137,OVER THE COUNTER,P0920335,SCAN CHIP,1,2020-06-19T00:00:00.000,FY2020,HOUSING,A1097063,OWNER SURRENDER,JKT,10:45:00,TRANSPORT,10:04:00,2020-06-20T00:00:00.000,APP WNL,,ADOP RESCU,,2020-06-19T00:00:00.000,,
008802,4,UNAVAILABLE,FEB.2020,DOG,CHIHUAHUA SH,AT LARGE,APP WNL,TRANSFER,K20-497514,1,CC 04,FIELD,P9991758,SCAN NO CHIP,1,2020-02-15T00:00:00.000,FY2020,OTHRINTAKS,A1095741,STRAY,AJR1758,12:47:00,TRANSPORT,17:46:00,2020-02-15T00:00:00.000,APP WNL,,ADOP RESCU,,2020-02-11T00:00:00.000,,A20-212965
011104,8,UNAVAILABLE,DEC.2019,DOG,FRENCH BULLDOG,AT LARGE,APP WNL,RETURNED TO OWNER,K19-491344,1,DC 13,FIELD,P9991776,SCAN NO CHIP,1,2019-12-23T00:00:00.000,FY2020,OTHRINTAKS,A1091252,STRAY,MRY1776,08:10:00,WALK IN,16:05:00,2019-12-21T00:00:00.000,APP WNL,R19-561301,ADOPTION,,2019-12-19T00:00:00.000,RETURNED TO OWNER SX 12/21/19,A19-206389
008703,4,UNAVAILABLE,JAN.2020,CAT,DOMESTIC SH,GENERAL,APP WNL,ADOPTION,K20-493919,1,CC 30,OVER THE COUNTER,P0914991,SCAN NO CHIP,1,2020-01-11T00:00:00.000,FY2020,NOTRIGHTFT,A1093083,OWNER SURRENDER,DL,14:18:00,WALK IN,18:24:00,2020-01-13T00:00:00.000,APP WNL,R20-562682,ADOP RESCU,,2020-01-11T00:00:00.000,ADOPTED,
017101,8,AVAILABLE,DEC.2019,DOG,LABRADOR RETR,CONFINED,APP WNL,FOSTER,K19-492336,1,CC 19,FIELD,P9991748,SCAN NO CHIP,1,2019-12-28T00:00:00.000,FY2020,OTHRINTAKS,A1091992,STRAY,MK1748,18:29:00,UNDERAGE,12:19:00,2019-12-30T00:00:00.000,UNKNOWN,,RESC FOSTR,,2019-12-28T00:00:00.000,FOSTER,A19-207440
004500,1,IMPOUNDED,JAN.2020,DOG,PIT BULL,AT LARGE,APP WNL,RETURNED TO OWNER,K20-495360,1,RECEIVING,SWEEP,P9991772,SCAN CHIP,1,2020-01-24T00:00:00.000,FY2020,OTHER,A1094133,STRAY,RO1772,09:50:00,FIELD,09:50:00,2020-01-24T00:00:00.000,APP WNL,,,,2020-01-24T00:00:00.000,,A20-210676
008400,7,UNAVAILABLE,JAN.2020,DOG,CHIHUAHUA SH,GENERAL,APP WNL,TRANSFER,K20-493904,1,CC 06,OVER THE COUNTER,P0690675,SCAN NO CHIP,1,2020-01-11T00:00:00.000,FY2020,PERSNLISSU,A1093072,OWNER SURRENDER,CBU,12:42:00,TRANSPORT,19:10:00,2020-01-13T00:00:00.000,APP WNL,,ADOP RESCU,,2020-01-11T00:00:00.000,ADOPTION PENDING,
016511,3,IMPOUNDED,DEC.2019,DOG,PIT BULL,CONFINED,APP WNL,RETURNED TO OWNER,K19-491621,1,RECEIVING,FIELD,P9991776,SCAN CHIP,1,2019-12-21T00:00:00.000,FY2020,OTHRINTAKS,A1014792,STRAY,MRY1776,12:43:00,FIELD,13:33:00,2019-12-21T00:00:00.000,APP WNL,,,,2019-12-21T00:00:00.000,,A19-206681
005000,1,IMPOUNDED,MAY.2020,DOG,DACHSHUND,CONFINED,APP WNL,RETURNED TO OWNER,K20-504456,1,LFSD 19,FIELD,P0926794,SCAN CHIP,1,2020-05-14T00:00:00.000,FY2020,OTHRINTAKS,A1084702,STRAY,AOB1781,20:22:00,WESTMORELD,13:43:00,2020-05-09T00:00:00.000,APP WNL,,HOLD NOTIFY,,2020-05-08T00:00:00.000,,A20-222911
012302,7,UNAVAILABLE,MAR.2020,DOG,CHIHUAHUA SH,AT LARGE,APP WNL,ADOPTION,K20-500782,1,LFD 053,FIELD,P9991736,SCAN CHIP,1,2020-03-17T00:00:00.000,FY2020,OTHRINTAKS,A1098279,STRAY,TMB1376,16:03:00,WESTMORELD,16:13:00,2020-03-17T00:00:00.000,APP WNL,R20-565880,ADOP RESCU,,2020-03-11T00:00:00.000,,A20-216494
011701,5,UNAVAILABLE,JAN.2020,DOG,POMERANIAN,CONFINED,APP WNL,TRANSFER,K20-493720,1,CC 18,FIELD,P0889780,SCAN NO CHIP,1,2020-01-13T00:00:00.000,FY2020,OTHRINTAKS,A1092946,STRAY,MO1764,12:11:00,TRANSPORT,18:15:00,2020-01-13T00:00:00.000,APP WNL,,ADOP RESCU,,2020-01-09T00:00:00.000,TAGGED,A20-208870
010601,6,IMPOUNDED,DEC.2019,DOG,PIT BULL,AT LARGE,APP WNL,RETURNED TO OWNER,K19-491574,1,RECEIVING,FIELD,P9991723,SCAN CHIP,1,2019-12-28T00:00:00.000,FY2020,OTHRINTAKS,A1010374,STRAY,MW1723,09:55:00,FIELD,09:58:00,2019-12-21T00:00:00.000,APP WNL,,,,2019-12-21T00:00:00.000,,A19-206654
016605,8,AVAILABLE,DEC.2019,DOG,GERM SHEPHERD,GENERAL,APP WNL,FOSTER,K19-490150,1,AD 089,FIELD,P0910740,SCAN CHIP,1,2019-12-14T00:00:00.000,FY2020,BEHAVIOR,A0964689,OWNER SURRENDER,TM1736,13:05:00,SHORT TERM,18:43:00,2019-12-21T00:00:00.000,APP WNL,,ADOP RESCU,,2019-12-08T00:00:00.000,FOSTER,A19-204740
005600,4,UNAVAILABLE,DEC.2019,DOG,CHIHUAHUA SH,AT LARGE,APP SICK,EUTHANIZED,K19-489437,1,VT 12,OVER THE COUNTER,P0910013,SCAN NO CHIP,1,2019-12-06T00:00:00.000,FY2020,OTHRINTAKS,A1089866,STRAY,CBU,12:43:00,HUMANE,13:47:00,2019-12-21T00:00:00.000,APP SICK,,RESCU ONLY,,2019-12-02T00:00:00.000,,
017605,7,UNAVAILABLE,NOV.2019,DOG,PIT BULL,AT LARGE,APP WNL,ADOPTION,K19-488592,1,AD 065,FIELD,P9991748,SCAN CHIP,1,2019-11-30T00:00:00.000,FY2020,OTHRINTAKS,A1089236,STRAY,MM1748,15:47:00,OFFSITE,15:06:00,2019-12-21T00:00:00.000,APP WNL,R19-561292,ADOP RESCU,,2019-11-23T00:00:00.000,WHEATLAND,A19-202689
010601,6,IMPOUNDED,JAN.2020,DOG,PIT BULL,AT LARGE,APP WNL,RETURNED TO OWNER,K20-495435,1,LFD 154,FIELD,P9991171,UNABLE TO SCAN,1,2029-01-28T00:00:00.000,FY2020,OTHER,A1094192,STRAY,MC1749,17:21:00,FIELD,18:22:00,2020-01-24T00:00:00.000,APP WNL,,,,2020-01-24T00:00:00.000,,A20-210761
012000,7,UNAVAILABLE,DEC.2019,DOG,CHIHUAHUA SH,AT LARGE,APP WNL,TRANSFER,K19-492230,1,AD 100,FIELD,P9991195,SCAN NO CHIP,1,2019-12-31T00:00:00.000,FY2020,OTHRINTAKS,A1091910,STRAY,JO1195,15:40:00,GENERAL,10:00:00,2019-12-31T00:00:00.000,APP WNL,,ADOP RESCU,,2019-12-27T00:00:00.000,TAGGED,A19-207289
020500,6,UNAVAILABLE,DEC.2019,DOG,LABRADOR RETR,OTHER,APP WNL,RETURNED TO OWNER,K19-491641,1,NMOMS 2,OVER THE COUNTER,P0690239,SCAN CHIP,1,2019-12-21T00:00:00.000,FY2020,OTHRINTAKS,A1091178,TRANSFER,JR,15:23:00,WALK IN,16:26:00,2019-12-21T00:00:00.000,APP WNL,,,,2019-12-21T00:00:00.000,RETURNED TO OWNER,
008500,5,AVAILABLE,DEC.2019,DOG,PIT BULL,AT LARGE,APP WNL,FOSTER,K19-489697,1,FOSTER,SWEEP,P9991772,SCAN NO CHIP,1,2019-12-08T00:00:00.000,FY2020,OTHER,A1090044,STRAY,RO1772,13:05:00,SHORT TERM,12:03:00,2019-12-21T00:00:00.000,,,ADOP RESCU,,2019-12-04T00:00:00.000,FOSTER,A19-204176
020400,2,UNAVAILABLE,DEC.2019,DOG,QUEENSLAND HEEL,QUARANTINE,APP WNL,RETURNED TO OWNER,K19-491555,1,QD 07,FIELD,P0912374,SCAN CHIP,1,2019-12-30T00:00:00.000,FY2020,OTHRINTAKS,A1091404,CONFISCATED,MK1748,23:03:00,WALK IN,12:06:00,2019-12-31T00:00:00.000,APP WNL,R19-561952,QUARANTINE,1901457372,2019-12-20T00:00:00.000,RETURNED TO OWNER,A19-206632
020500,6,UNAVAILABLE,FEB.2020,DOG,LABRADOR RETR,RETURN,APP WNL,TRANSFER,K20-496806,1,FOSTER,OVER THE COUNTER,P0912868,SCAN CHIP,1,2020-02-04T00:00:00.000,FY2020,OTHER,A1059719,FOSTER,ACD,14:17:00,GENERAL,13:16:00,2020-02-06T00:00:00.000,APP WNL,,ADOP RESCU,,2020-02-04T00:00:00.000,,
005600,4,IMPOUNDED,JAN.2020,DOG,DACHSHUND LH,AT LARGE,APP WNL,RETURNED TO OWNER,K20-495455,1,RECEIVING,FIELD,P9991751,SCAN CHIP,0,2020-01-25T00:00:00.000,FY2020,OTHRINTAKS,A1094206,STRAY,EP1751,00:39:00,FIELD,00:42:00,2020-01-25T00:00:00.000,APP WNL,,,,2020-01-25T00:00:00.000,,A20-210791
008900,4,UNAVAILABLE,MAR.2020,DOG,CHIHUAHUA SH,GENERAL,APP WNL,ADOPTION,K20-501209,1,LFD 165,FIELD,P0922240,SCAN NO CHIP,1,2020-03-15T00:00:00.000,FY2020,PERSNLISSU,A1098633,OWNER SURRENDER,TMB1736,13:45:00,WESTMORELD,16:46:00,2020-03-17T00:00:00.000,APP WNL,R20-566265,ADOP RESCU,,2020-03-15T00:00:00.000,BBW,A20-216962
020500,6,UNAVAILABLE,NOV.2019,CAT,DOMESTIC SH,SURGERY,APP WNL,TRANSFER,K19-486384,1,CC 34,OVER THE COUNTER,P0608494,SCAN CHIP,1,2019-11-06T00:00:00.000,FY2020,OTHER,A1078779,TRANSFER,OT,08:11:00,SURGERY,18:28:00,2019-11-06T00:00:00.000,APP WNL,,RESC FOSTR,,2019-11-06T00:00:00.000,TAGGED,
011300,8,IMPOUNDED,DEC.2019,DOG,LABRADOR RETR,AT LARGE,APP WNL,RETURNED TO OWNER,K19-491585,1,RECEIVING,FIELD,P9991723,SCAN CHIP,1,2019-12-28T00:00:00.000,FY2020,OTHRINTAKS,A1069447,STRAY,MW1723,10:40:00,FIELD,10:55:00,2019-12-21T00:00:00.000,APP WNL,,,,2019-12-21T00:00:00.000,,A19-206663
008802,4,UNAVAILABLE,DEC.2019,DOG,CHIHUAHUA SH,AT LARGE,APP WNL,RETURNED TO OWNER,K19-491594,1,ID20A,SWEEP,P9991772,SCAN NO CHIP,1,2019-12-25T00:00:00.000,FY2020,OTHER,A0839901,STRAY,RO1772,11:10:00,WALK IN,17:44:00,2019-12-21T00:00:00.000,APP WNL,R19-561312,,,2019-12-21T00:00:00.000,,A19-206672
006502,1,UNAVAILABLE,DEC.2019,CAT,DOMESTIC SH,AT LARGE,APP WNL,ADOPTION,K19-492466,1,CC 28,OVER THE COUNTER,P0539843,SCAN NO CHIP,1,2019-12-30T00:00:00.000,FY2020,OTHRINTAKS,A1092083,STRAY,CBU,11:13:00,WALK IN,15:31:00,2019-12-31T00:00:00.000,APP WNL,R19-561890,ADOP RESCU,,2019-12-30T00:00:00.000,ADOPTION // SX 12-31-19,
006700,1,UNAVAILABLE,DEC.2019,DOG,LABRADOR RETR,GENERAL,APP WNL,ADOPTION,K19-492611,1,LFSD 09,OVER THE COUNTER,P0766493,SCAN CHIP,1,2019-12-31T00:00:00.000,FY2020,NOTRIGHTFT,A1086554,OWNER SURRENDER,DL,13:00:00,WALK IN,14:30:00,2019-12-31T00:00:00.000,APP WNL,R19-561971,ADOP RESCU,,2019-12-31T00:00:00.000,ADOPTION,
013011,10,UNAVAILABLE,DEC.2019,DOG,POINTER,CONFINED,APP INJ,ADOPTION,K19-491998,1,CC 06,FIELD,P0912926,SCAN CHIP,1,2019-12-31T00:00:00.000,FY2020,OTHER,A1091743,STRAY,AO1781,16:54:00,WALK IN,14:47:00,2019-12-31T00:00:00.000,APP WNL,R19-561817,ADOP RESCU,,2019-12-25T00:00:00.000,PREADOPTED,A19-207087
005700,3,UNAVAILABLE,DEC.2019,DOG,PIT BULL,GENERAL,UNKNOWN,TRANSFER,K19-491538,1,NMOMS 1,FIELD,P0912291,SCAN NO CHIP,1,2019-12-20T00:00:00.000,FY2020,HOUSING,A1091389,OWNER SURRENDER,LU1778,18:56:00,UNDERAGE,12:23:00,2019-12-31T00:00:00.000,UNDERAGE,,RESC FOSTR,,2019-12-20T00:00:00.000,TAGGED,A19-206570
